customer_id,signup_date,city,acquisition_channel,gender,age_group
1,2025-07-25,Kolkata,Direct,Male,45-54
2,2025-07-31,Kochi,Affiliate,Female,25-34
3,2025-06-18,Chandigarh,Paid Search,Female,45-54
4,2025-04-03,Bhopal,Paid Social,Male,18-24
5,2025-09-11,Hyderabad,Email,Male,25-34
6,2024-11-24,Ahmedabad,Email,Female,25-34
7,2025-07-08,Bhopal,Paid Search,Female,18-24
8,2025-02-28,Ahmedabad,Paid Search,Male,45-54
9,2025-06-14,Bengaluru,Paid Social,Female,18-24
10,2025-07-24,Bengaluru,Paid Search,Female,18-24
11,2025-04-09,Bhopal,Organic Search,Female,45-54
12,2024-11-02,Chandigarh,Paid Social,Female,45-54
13,2025-01-28,Ahmedabad,Email,Male,45-54
14,2025-01-28,Gorakhpur,Direct,Male,25-34
15,2025-06-04,Delhi,Paid Social,Other,45-54
16,2025-04-03,Hyderabad,Direct,Male,18-24
17,2025-12-16,Indore,Paid Search,Male,45-54
18,2025-09-08,Chennai,Paid Social,Female,25-34
19,2025-11-19,Mumbai,Direct,Female,45-54
20,2025-05-15,Bhopal,Referral,Female,25-34
21,2024-11-06,Ahmedabad,Paid Search,Male,18-24
22,2024-12-15,Ahmedabad,Organic Search,Female,25-34
23,2025-07-29,Delhi,Affiliate,Female,35-44
24,2024-12-12,Lucknow,Email,Female,35-44
25,2024-12-13,Gorakhpur,Email,Female,45-54
26,2025-01-02,Lucknow,Organic Search,Male,25-34
27,2025-05-20,Ahmedabad,Paid Search,Female,35-44
28,2025-11-21,Chandigarh,Direct,Female,45-54
29,2025-02-10,Delhi,Paid Social,Male,45-54
30,2024-12-14,Kochi,Paid Social,Male,45-54
31,2025-11-04,Kolkata,Paid Search,Male,25-34
32,2025-02-02,Chennai,Paid Social,Male,45-54
33,2025-09-22,Indore,Organic Search,Male,18-24
34,2024-12-22,Lucknow,Direct,Female,18-24
35,2024-11-30,Indore,Affiliate,Male,25-34
36,2025-03-12,Chennai,Email,Female,18-24
37,2024-12-06,Indore,Organic Search,Female,45-54
38,2025-11-04,Indore,Direct,Female,25-34
39,2025-04-14,Kolkata,Affiliate,Female,35-44
40,2025-01-04,Bhopal,Paid Social,Female,18-24
41,2025-08-27,Chandigarh,Direct,Male,25-34
42,2025-01-26,Lucknow,Paid Social,Male,25-34
43,2024-11-01,Lucknow,Paid Search,Male,45-54
44,2024-12-31,Hyderabad,Organic Search,Female,25-34
45,2025-03-20,Gorakhpur,Direct,Female,45-54
46,2025-12-08,Ahmedabad,Direct,Female,35-44
47,2024-11-25,Ahmedabad,Direct,Female,18-24
48,2025-04-01,Mumbai,Affiliate,Male,18-24
49,2025-08-04,Kochi,Paid Social,Male,18-24
50,2025-07-03,Jaipur,Organic Search,Female,18-24
51,2025-05-16,Lucknow,Direct,Male,45-54
52,2024-11-01,Kolkata,Paid Search,Female,35-44
53,2025-04-06,Jaipur,Paid Social,Male,45-54
54,2025-08-29,Mumbai,Email,Male,25-34
55,2024-12-14,Pune,Direct,Male,35-44
56,2025-08-22,Kolkata,Organic Search,Female,25-34
57,2025-12-24,Gorakhpur,Paid Social,Male,18-24
58,2025-06-04,Chandigarh,Email,Female,45-54
59,2025-01-30,Bengaluru,Paid Search,Male,25-34
60,2024-11-08,Gorakhpur,Affiliate,Male,18-24
61,2025-10-22,Hyderabad,Email,Female,45-54
62,2024-12-23,Gorakhpur,Email,Male,18-24
63,2024-11-28,Bengaluru,Email,Male,25-34
64,2025-07-28,Kolkata,Direct,Male,35-44
65,2024-11-24,Kochi,Paid Social,Male,35-44
66,2025-01-31,Chandigarh,Direct,Other,18-24
67,2025-03-21,Bengaluru,Referral,Female,25-34
68,2025-09-17,Chandigarh,Paid Social,Male,45-54
69,2025-12-10,Gorakhpur,Paid Social,Female,45-54
70,2025-03-17,Kolkata,Paid Social,Female,45-54
71,2024-11-09,Chandigarh,Direct,Female,18-24
72,2024-11-08,Indore,Organic Search,Male,25-34
73,2025-07-21,Mumbai,Paid Social,Female,35-44
74,2025-02-25,Mumbai,Affiliate,Female,25-34
75,2025-02-19,Jaipur,Paid Search,Female,18-24
76,2024-11-09,Lucknow,Paid Search,Male,35-44
77,2025-10-03,Kolkata,Organic Search,Female,18-24
78,2025-07-12,Hyderabad,Paid Search,Male,25-34
79,2025-06-21,Pune,Organic Search,Female,45-54
80,2024-11-20,Pune,Organic Search,Female,45-54
81,2025-08-15,Hyderabad,Paid Social,Male,45-54
82,2025-05-04,Mumbai,Organic Search,Female,18-24
83,2025-11-26,Lucknow,Paid Social,Female,35-44
84,2025-02-23,Kochi,Paid Search,Male,25-34
85,2025-01-02,Indore,Direct,Female,35-44
86,2024-11-27,Chennai,Paid Social,Female,45-54
87,2025-12-09,Chennai,Affiliate,Female,45-54
88,2025-01-24,Hyderabad,Referral,Male,25-34
89,2025-06-19,Indore,Paid Search,Female,25-34
90,2025-02-22,Indore,Paid Social,Female,45-54
91,2025-06-14,Pune,Organic Search,Female,25-34
92,2025-07-07,Mumbai,Affiliate,Female,45-54
93,2025-04-28,Bhopal,Paid Search,Male,45-54
94,2025-04-10,Chennai,Affiliate,Male,18-24
95,2024-11-13,Gorakhpur,Paid Social,Female,18-24
96,2025-04-19,Gorakhpur,Direct,Female,35-44
97,2025-12-07,Bengaluru,Paid Search,Female,25-34
98,2025-03-26,Lucknow,Paid Search,Male,25-34
99,2025-02-25,Chandigarh,Paid Social,Male,25-34
100,2025-01-17,Mumbai,Organic Search,Female,18-24
101,2024-11-14,Delhi,Referral,Female,35-44
102,2025-03-01,Ahmedabad,Organic Search,Female,18-24
103,2025-02-22,Chennai,Direct,Female,18-24
104,2025-08-31,Kochi,Organic Search,Female,18-24
105,2025-06-16,Indore,Organic Search,Female,25-34
106,2025-04-14,Kolkata,Paid Social,Male,25-34
107,2025-08-24,Delhi,Direct,Male,45-54
108,2025-02-05,Bhopal,Direct,Female,45-54
109,2025-02-02,Hyderabad,Direct,Female,18-24
110,2025-04-26,Jaipur,Affiliate,Female,35-44
111,2024-12-02,Gorakhpur,Organic Search,Male,35-44
112,2025-05-06,Lucknow,Direct,Female,35-44
113,2025-09-21,Kochi,Direct,Male,35-44
114,2025-11-07,Gorakhpur,Paid Search,Female,18-24
115,2024-12-13,Chennai,Organic Search,Male,45-54
116,2025-02-14,Kolkata,Organic Search,Female,45-54
117,2025-05-25,Gorakhpur,Direct,Male,25-34
118,2025-04-15,Delhi,Paid Search,Female,45-54
119,2025-05-17,Bengaluru,Email,Female,25-34
120,2025-09-03,Jaipur,Referral,Male,45-54
121,2025-06-20,Kochi,Paid Social,Female,25-34
122,2024-11-08,Chandigarh,Organic Search,Female,18-24
123,2024-12-24,Delhi,Paid Search,Male,45-54
124,2025-04-13,Mumbai,Organic Search,Female,35-44
125,2025-04-09,Chandigarh,Affiliate,Male,25-34
126,2025-12-24,Kochi,Organic Search,Male,25-34
127,2025-01-01,Ahmedabad,Referral,Female,18-24
128,2025-02-22,Chandigarh,Referral,Male,25-34
129,2025-08-31,Chennai,Paid Search,Male,45-54
130,2024-11-25,Hyderabad,Organic Search,Male,18-24
131,2025-04-22,Lucknow,Paid Search,Female,35-44
132,2025-12-16,Lucknow,Paid Social,Female,18-24
133,2024-11-18,Kolkata,Affiliate,Male,35-44
134,2025-10-05,Kochi,Organic Search,Female,25-34
135,2025-07-05,Chandigarh,Affiliate,Male,45-54
136,2025-03-16,Pune,Paid Search,Male,45-54
137,2025-02-28,Bhopal,Direct,Male,45-54
138,2025-03-28,Bhopal,Paid Social,Male,45-54
139,2025-11-27,Bengaluru,Paid Social,Male,18-24
140,2025-07-16,Gorakhpur,Paid Search,Male,18-24
141,2025-08-22,Kolkata,Paid Social,Male,45-54
142,2024-12-22,Chennai,Affiliate,Male,25-34
143,2025-04-21,Chennai,Paid Search,Male,18-24
144,2024-11-04,Kochi,Direct,Female,18-24
145,2025-11-14,Ahmedabad,Organic Search,Female,45-54
146,2024-12-03,Delhi,Direct,Male,35-44
147,2024-11-23,Pune,Referral,Female,35-44
148,2024-12-17,Bhopal,Paid Social,Male,18-24
149,2025-02-05,Indore,Paid Social,Male,45-54
150,2025-06-05,Bengaluru,Direct,Female,18-24
151,2024-11-17,Gorakhpur,Paid Social,Female,18-24
152,2025-06-26,Kochi,Affiliate,Female,25-34
153,2025-03-11,Mumbai,Paid Social,Male,18-24
154,2024-11-12,Pune,Paid Social,Female,25-34
155,2025-05-28,Mumbai,Direct,Female,18-24
156,2025-05-12,Chennai,Organic Search,Male,25-34
157,2025-11-07,Ahmedabad,Direct,Male,18-24
158,2025-10-23,Mumbai,Organic Search,Male,45-54
159,2025-01-19,Chandigarh,Paid Search,Female,35-44
160,2025-05-30,Lucknow,Paid Social,Male,35-44
161,2025-08-12,Kochi,Direct,Male,35-44
162,2024-12-04,Hyderabad,Direct,Male,35-44
163,2025-05-31,Chandigarh,Affiliate,Male,45-54
164,2025-02-01,Gorakhpur,Paid Social,Male,18-24
165,2025-12-22,Delhi,Referral,Female,45-54
166,2025-01-24,Chandigarh,Direct,Female,18-24
167,2024-11-01,Pune,Organic Search,Female,18-24
168,2025-11-26,Pune,Paid Social,Male,45-54
169,2025-02-16,Gorakhpur,Paid Social,Female,25-34
170,2024-12-25,Jaipur,Paid Social,Male,25-34
171,2025-04-06,Gorakhpur,Paid Social,Male,18-24
172,2025-01-05,Kochi,Paid Search,Female,25-34
173,2024-11-09,Ahmedabad,Paid Search,Male,18-24
174,2025-01-05,Indore,Direct,Female,18-24
175,2025-07-03,Delhi,Direct,Female,35-44
176,2025-03-31,Indore,Affiliate,Female,35-44
177,2024-11-16,Pune,Affiliate,Male,18-24
178,2025-08-08,Chandigarh,Organic Search,Female,18-24
179,2024-12-21,Gorakhpur,Referral,Female,45-54
180,2025-03-26,Kochi,Organic Search,Male,35-44
181,2024-11-23,Bhopal,Affiliate,Male,18-24
182,2024-12-11,Bengaluru,Paid Search,Male,18-24
183,2024-12-15,Kolkata,Paid Search,Male,25-34
184,2025-11-15,Jaipur,Email,Male,45-54
185,2024-12-09,Bhopal,Paid Social,Male,35-44
186,2025-09-10,Mumbai,Paid Search,Female,18-24
187,2024-11-28,Bengaluru,Affiliate,Male,18-24
188,2025-10-11,Chandigarh,Email,Male,35-44
189,2024-11-09,Chennai,Paid Search,Female,35-44
190,2025-07-21,Chennai,Paid Social,Male,45-54
191,2025-12-29,Indore,Affiliate,Male,25-34
192,2024-11-21,Bengaluru,Referral,Female,35-44
193,2025-05-25,Bengaluru,Direct,Male,18-24
194,2025-08-01,Indore,Paid Social,Male,18-24
195,2024-12-04,Kolkata,Referral,Female,18-24
196,2025-12-12,Pune,Organic Search,Female,25-34
197,2025-10-24,Indore,Paid Search,Male,45-54
198,2025-12-13,Mumbai,Organic Search,Female,45-54
199,2024-11-07,Kolkata,Paid Search,Male,25-34
200,2024-12-13,Chennai,Paid Social,Male,45-54
201,2025-06-29,Chennai,Direct,Female,25-34
202,2024-11-07,Chandigarh,Organic Search,Male,18-24
203,2024-11-22,Ahmedabad,Organic Search,Female,18-24
204,2025-04-06,Hyderabad,Referral,Female,45-54
205,2024-12-21,Delhi,Organic Search,Male,35-44
206,2025-09-10,Bengaluru,Direct,Female,35-44
207,2024-11-21,Chennai,Direct,Female,18-24
208,2025-06-16,Delhi,Paid Social,Female,45-54
209,2025-09-27,Jaipur,Paid Search,Female,45-54
210,2024-11-12,Mumbai,Affiliate,Female,25-34
211,2024-11-17,Chennai,Affiliate,Male,18-24
212,2025-04-28,Kochi,Paid Social,Female,18-24
213,2024-12-02,Chandigarh,Direct,Female,35-44
214,2024-11-15,Bengaluru,Referral,Female,45-54
215,2025-09-07,Bengaluru,Paid Social,Female,45-54
216,2024-11-26,Delhi,Organic Search,Female,45-54
217,2025-10-15,Lucknow,Organic Search,Male,35-44
218,2025-03-20,Ahmedabad,Email,Female,35-44
219,2025-01-31,Gorakhpur,Paid Social,Male,25-34
220,2025-05-23,Chandigarh,Affiliate,Female,45-54
221,2025-08-14,Jaipur,Paid Social,Male,35-44
222,2025-11-03,Kolkata,Paid Search,Female,18-24
223,2025-01-08,Bhopal,Organic Search,Male,35-44
224,2024-11-05,Jaipur,Referral,Female,25-34
225,2025-12-13,Gorakhpur,Organic Search,Female,18-24
226,2025-08-04,Lucknow,Referral,Male,45-54
227,2025-01-20,Kochi,Affiliate,Female,25-34
228,2025-05-03,Indore,Affiliate,Female,18-24
229,2025-07-01,Lucknow,Paid Social,Male,25-34
230,2025-09-16,Ahmedabad,Affiliate,Male,25-34
231,2025-03-16,Hyderabad,Organic Search,Male,18-24
232,2025-04-02,Bhopal,Organic Search,Male,25-34
233,2025-01-15,Chandigarh,Organic Search,Male,35-44
234,2024-11-05,Indore,Organic Search,Male,18-24
235,2025-09-22,Mumbai,Email,Female,45-54
236,2025-04-30,Chennai,Paid Social,Female,25-34
237,2025-07-17,Gorakhpur,Paid Search,Male,35-44
238,2024-11-26,Indore,Referral,Male,35-44
239,2024-12-09,Delhi,Paid Search,Female,35-44
240,2024-11-16,Indore,Direct,Male,45-54
241,2025-09-25,Lucknow,Affiliate,Female,35-44
242,2025-11-08,Hyderabad,Referral,Male,18-24
243,2025-11-18,Indore,Organic Search,Female,35-44
244,2025-12-19,Bhopal,Organic Search,Male,35-44
245,2025-02-26,Hyderabad,Paid Social,Male,35-44
246,2024-12-19,Bengaluru,Organic Search,Female,45-54
247,2025-07-17,Bhopal,Referral,Female,45-54
248,2025-01-19,Kochi,Paid Social,Female,25-34
249,2024-11-24,Kochi,Organic Search,Female,18-24
250,2025-01-08,Mumbai,Referral,Female,45-54
251,2024-11-23,Bhopal,Organic Search,Male,35-44
252,2025-05-04,Ahmedabad,Direct,Male,45-54
253,2025-11-22,Bhopal,Organic Search,Female,18-24
254,2024-11-11,Hyderabad,Organic Search,Female,35-44
255,2025-06-07,Mumbai,Paid Social,Female,45-54
256,2024-11-22,Kolkata,Paid Social,Female,45-54
257,2024-12-03,Delhi,Organic Search,Male,18-24
258,2025-03-09,Chandigarh,Organic Search,Female,45-54
259,2025-10-22,Gorakhpur,Paid Social,Male,25-34
260,2025-01-26,Delhi,Paid Social,Female,35-44
261,2025-02-23,Kochi,Paid Social,Female,18-24
262,2024-11-21,Mumbai,Direct,Female,35-44
263,2025-08-30,Chandigarh,Paid Social,Male,18-24
264,2025-09-19,Kolkata,Affiliate,Male,45-54
265,2025-04-24,Pune,Paid Social,Female,18-24
266,2025-03-22,Chandigarh,Email,Male,25-34
267,2024-11-15,Delhi,Affiliate,Male,25-34
268,2025-12-12,Delhi,Affiliate,Female,18-24
269,2025-12-23,Kochi,Paid Search,Male,35-44
270,2025-01-08,Chandigarh,Direct,Female,45-54
271,2025-04-16,Kochi,Paid Search,Female,45-54
272,2025-11-06,Indore,Organic Search,Male,45-54
273,2024-11-13,Lucknow,Organic Search,Male,18-24
274,2025-11-11,Mumbai,Paid Search,Male,35-44
275,2025-10-12,Gorakhpur,Paid Social,Female,45-54
276,2024-11-03,Delhi,Paid Social,Male,45-54
277,2024-11-03,Chennai,Email,Male,18-24
278,2025-07-24,Bhopal,Email,Female,35-44
279,2025-09-04,Pune,Paid Social,Male,18-24
280,2025-12-12,Pune,Paid Social,Male,45-54
281,2025-08-10,Indore,Paid Social,Female,18-24
282,2024-11-30,Kochi,Organic Search,Female,45-54
283,2025-08-01,Kochi,Email,Female,25-34
284,2024-11-06,Kolkata,Direct,Female,18-24
285,2024-11-26,Hyderabad,Email,Male,25-34
286,2024-11-02,Chennai,Organic Search,Male,35-44
287,2025-01-25,Kolkata,Paid Search,Male,18-24
288,2025-06-18,Ahmedabad,Paid Social,Male,25-34
289,2025-12-04,Jaipur,Paid Search,Female,25-34
290,2025-09-17,Kochi,Paid Social,Male,35-44
291,2024-11-02,Kochi,Organic Search,Male,25-34
292,2025-09-29,Gorakhpur,Direct,Female,45-54
293,2025-03-27,Chandigarh,Email,Male,45-54
294,2025-11-02,Lucknow,Direct,Male,25-34
295,2024-12-17,Pune,Affiliate,Male,35-44
296,2025-02-16,Chennai,Paid Social,Female,25-34
297,2025-03-06,Kochi,Direct,Male,18-24
298,2024-11-01,Kochi,Referral,Male,35-44
299,2025-01-01,Mumbai,Organic Search,Female,35-44
300,2025-05-28,Pune,Email,Male,35-44
301,2024-11-30,Hyderabad,Paid Search,Male,45-54
302,2025-06-07,Indore,Direct,Female,45-54
303,2025-12-29,Kolkata,Paid Social,Female,18-24
304,2025-04-29,Kochi,Referral,Female,25-34
305,2025-06-21,Ahmedabad,Direct,Male,35-44
306,2025-03-24,Kochi,Affiliate,Male,25-34
307,2024-12-30,Indore,Paid Search,Female,25-34
308,2025-11-25,Gorakhpur,Email,Female,35-44
309,2024-12-09,Kolkata,Email,Male,35-44
310,2025-01-27,Ahmedabad,Paid Search,Male,45-54
311,2024-11-04,Lucknow,Direct,Male,18-24
312,2025-03-08,Mumbai,Organic Search,Male,45-54
313,2025-04-03,Kochi,Paid Social,Male,25-34
314,2025-12-25,Lucknow,Paid Social,Male,45-54
315,2024-11-19,Delhi,Email,Male,45-54
316,2025-01-13,Chennai,Referral,Male,18-24
317,2025-02-28,Chandigarh,Organic Search,Female,25-34
318,2025-03-16,Mumbai,Affiliate,Female,45-54
319,2025-05-24,Ahmedabad,Paid Social,Female,18-24
320,2025-04-05,Bengaluru,Direct,Male,25-34
321,2024-11-01,Indore,Organic Search,Female,35-44
322,2025-01-05,Jaipur,Organic Search,Male,25-34
323,2024-11-06,Pune,Organic Search,Female,35-44
324,2025-02-20,Delhi,Direct,Female,45-54
325,2025-01-22,Bhopal,Organic Search,Male,45-54
326,2024-11-01,Delhi,Paid Social,Female,18-24
327,2025-05-02,Chennai,Organic Search,Male,18-24
328,2025-01-28,Chandigarh,Direct,Female,18-24
329,2025-05-04,Mumbai,Organic Search,Male,18-24
330,2024-11-04,Ahmedabad,Organic Search,Female,35-44
331,2025-03-09,Indore,Organic Search,Male,18-24
332,2025-01-02,Gorakhpur,Direct,Female,25-34
333,2025-02-14,Jaipur,Email,Male,18-24
334,2024-12-27,Ahmedabad,Affiliate,Female,25-34
335,2025-08-12,Hyderabad,Affiliate,Female,45-54
336,2024-12-31,Ahmedabad,Organic Search,Male,45-54
337,2025-01-12,Gorakhpur,Organic Search,Female,18-24
338,2025-09-15,Delhi,Direct,Male,18-24
339,2025-07-12,Pune,Organic Search,Male,45-54
340,2025-12-23,Ahmedabad,Paid Social,Female,25-34
341,2025-10-09,Chennai,Email,Male,35-44
342,2025-02-17,Kochi,Organic Search,Male,18-24
343,2024-11-01,Gorakhpur,Organic Search,Female,35-44
344,2025-10-22,Pune,Referral,Male,18-24
345,2025-01-27,Mumbai,Paid Social,Female,45-54
346,2024-12-23,Kochi,Paid Social,Female,45-54
347,2025-06-01,Mumbai,Affiliate,Female,18-24
348,2025-12-18,Mumbai,Affiliate,Female,45-54
349,2025-08-26,Delhi,Direct,Male,35-44
350,2025-05-13,Bhopal,Email,Male,25-34
351,2025-03-13,Bhopal,Paid Search,Female,18-24
352,2024-11-06,Bengaluru,Direct,Male,25-34
353,2025-12-16,Chennai,Direct,Female,18-24
354,2025-02-20,Ahmedabad,Direct,Female,45-54
355,2024-11-21,Bhopal,Affiliate,Other,18-24
356,2024-11-01,Jaipur,Referral,Male,45-54
357,2025-10-06,Ahmedabad,Organic Search,Female,35-44
358,2025-12-10,Hyderabad,Organic Search,Male,45-54
359,2025-02-08,Ahmedabad,Paid Social,Female,45-54
360,2024-11-09,Chennai,Paid Search,Female,45-54
361,2025-07-24,Kolkata,Organic Search,Female,18-24
362,2025-09-09,Lucknow,Affiliate,Male,25-34
363,2025-06-04,Chennai,Paid Search,Female,18-24
364,2025-09-04,Chennai,Affiliate,Male,45-54
365,2025-07-08,Ahmedabad,Paid Social,Female,25-34
366,2024-11-01,Gorakhpur,Paid Social,Male,35-44
367,2025-04-12,Mumbai,Paid Social,Female,25-34
368,2025-03-17,Indore,Affiliate,Male,18-24
369,2024-12-18,Mumbai,Organic Search,Male,45-54
370,2024-12-07,Hyderabad,Affiliate,Male,18-24
371,2025-07-31,Gorakhpur,Organic Search,Male,18-24
372,2025-08-09,Gorakhpur,Paid Search,Male,25-34
373,2025-12-06,Indore,Organic Search,Female,45-54
374,2025-09-17,Jaipur,Paid Search,Male,25-34
375,2025-06-24,Kochi,Organic Search,Female,45-54
376,2025-06-06,Chennai,Direct,Female,45-54
377,2025-02-14,Indore,Direct,Male,35-44
378,2025-02-06,Pune,Paid Social,Female,25-34
379,2024-11-18,Bhopal,Direct,Male,35-44
380,2025-09-20,Chennai,Paid Search,Male,25-34
381,2024-12-03,Pune,Direct,Male,25-34
382,2025-12-18,Delhi,Direct,Female,35-44
383,2025-07-04,Jaipur,Affiliate,Female,45-54
384,2025-06-15,Jaipur,Email,Female,45-54
385,2025-08-30,Bengaluru,Paid Search,Female,18-24
386,2025-06-13,Chandigarh,Organic Search,Male,35-44
387,2025-06-20,Bengaluru,Organic Search,Male,35-44
388,2024-12-04,Chennai,Paid Search,Male,18-24
389,2025-05-15,Jaipur,Direct,Male,45-54
390,2024-12-13,Chandigarh,Affiliate,Male,18-24
391,2025-11-12,Chandigarh,Paid Social,Male,35-44
392,2025-12-08,Indore,Organic Search,Female,45-54
393,2025-09-12,Indore,Email,Male,35-44
394,2025-07-30,Lucknow,Paid Search,Female,25-34
395,2024-12-31,Gorakhpur,Organic Search,Female,25-34
396,2025-07-18,Bengaluru,Organic Search,Female,35-44
397,2024-11-17,Pune,Paid Search,Female,45-54
398,2025-07-04,Delhi,Organic Search,Male,18-24
399,2025-08-09,Kochi,Direct,Male,45-54
400,2025-08-19,Mumbai,Paid Search,Male,35-44
401,2025-04-01,Jaipur,Referral,Female,25-34
402,2025-02-13,Mumbai,Paid Search,Female,25-34
403,2025-06-09,Pune,Paid Social,Female,45-54
404,2025-12-28,Gorakhpur,Affiliate,Female,35-44
405,2025-02-25,Lucknow,Email,Male,25-34
406,2025-12-03,Chennai,Direct,Female,18-24
407,2025-02-01,Pune,Paid Search,Female,35-44
408,2025-03-27,Ahmedabad,Paid Search,Female,25-34
409,2025-01-08,Mumbai,Organic Search,Female,18-24
410,2025-05-21,Gorakhpur,Organic Search,Male,45-54
411,2025-09-15,Kochi,Organic Search,Male,45-54
412,2025-05-31,Indore,Referral,Male,18-24
413,2025-03-03,Mumbai,Paid Social,Female,25-34
414,2025-08-21,Lucknow,Paid Search,Male,35-44
415,2025-02-10,Kolkata,Paid Search,Female,18-24
416,2025-02-03,Bengaluru,Organic Search,Male,18-24
417,2025-07-30,Indore,Paid Search,Male,35-44
418,2025-11-13,Chandigarh,Organic Search,Male,18-24
419,2024-12-26,Kolkata,Email,Female,18-24
420,2025-03-09,Delhi,Paid Search,Male,35-44
421,2025-12-04,Gorakhpur,Organic Search,Male,35-44
422,2025-12-02,Kochi,Organic Search,Male,18-24
423,2024-11-03,Kolkata,Paid Search,Female,18-24
424,2025-01-03,Bhopal,Direct,Male,25-34
425,2025-02-12,Jaipur,Direct,Female,25-34
426,2024-12-08,Hyderabad,Affiliate,Female,18-24
427,2025-09-25,Jaipur,Referral,Female,18-24
428,2024-12-29,Mumbai,Organic Search,Female,45-54
429,2025-11-28,Gorakhpur,Paid Social,Male,18-24
430,2024-12-28,Hyderabad,Organic Search,Female,45-54
431,2025-01-11,Indore,Direct,Male,35-44
432,2025-08-29,Delhi,Referral,Female,25-34
433,2025-08-16,Gorakhpur,Direct,Female,35-44
434,2024-11-18,Bhopal,Direct,Female,45-54
435,2025-01-22,Jaipur,Paid Social,Female,18-24
436,2025-09-19,Delhi,Email,Male,25-34
437,2024-12-21,Mumbai,Email,Male,18-24
438,2025-09-24,Kochi,Direct,Male,45-54
439,2025-08-07,Bengaluru,Organic Search,Male,45-54
440,2025-06-04,Kolkata,Organic Search,Female,35-44
441,2024-11-18,Mumbai,Paid Search,Female,18-24
442,2025-06-09,Chandigarh,Affiliate,Other,25-34
443,2025-07-31,Delhi,Organic Search,Female,25-34
444,2025-07-19,Chennai,Paid Search,Female,45-54
445,2024-12-11,Hyderabad,Paid Social,Female,25-34
446,2025-03-29,Kolkata,Affiliate,Female,45-54
447,2025-10-14,Gorakhpur,Organic Search,Female,35-44
448,2025-09-15,Jaipur,Paid Social,Male,45-54
449,2025-06-04,Gorakhpur,Paid Social,Male,18-24
450,2025-03-28,Bhopal,Paid Social,Female,45-54
451,2025-01-20,Ahmedabad,Email,Male,18-24
452,2025-03-22,Delhi,Organic Search,Female,35-44
453,2024-12-06,Chennai,Organic Search,Male,18-24
454,2025-06-08,Chennai,Paid Social,Male,45-54
455,2025-06-15,Lucknow,Paid Search,Female,45-54
456,2024-11-01,Lucknow,Organic Search,Male,25-34
457,2025-05-22,Lucknow,Organic Search,Female,25-34
458,2024-12-19,Kolkata,Organic Search,Male,18-24
459,2025-10-12,Kochi,Direct,Female,18-24
460,2024-12-07,Ahmedabad,Direct,Male,25-34
461,2024-12-08,Delhi,Paid Social,Male,25-34
462,2025-05-19,Delhi,Paid Search,Male,35-44
463,2025-11-09,Mumbai,Paid Search,Female,45-54
464,2024-11-17,Jaipur,Organic Search,Male,45-54
465,2025-09-10,Delhi,Direct,Female,18-24
466,2025-10-11,Chandigarh,Paid Search,Female,45-54
467,2025-06-07,Jaipur,Email,Male,45-54
468,2025-03-31,Bengaluru,Paid Social,Male,45-54
469,2024-12-11,Chandigarh,Affiliate,Male,35-44
470,2025-05-02,Chandigarh,Direct,Male,18-24
471,2025-02-17,Chandigarh,Paid Social,Female,18-24
472,2024-12-27,Kolkata,Email,Female,18-24
473,2025-07-04,Lucknow,Affiliate,Female,18-24
474,2025-01-28,Chandigarh,Organic Search,Female,35-44
475,2024-11-12,Lucknow,Paid Search,Female,45-54
476,2025-04-20,Gorakhpur,Direct,Female,25-34
477,2025-02-12,Ahmedabad,Affiliate,Female,45-54
478,2024-12-18,Chennai,Paid Social,Male,45-54
479,2025-07-19,Gorakhpur,Email,Female,25-34
480,2025-02-26,Delhi,Direct,Female,45-54
481,2025-08-17,Lucknow,Affiliate,Male,18-24
482,2024-11-23,Bengaluru,Referral,Male,25-34
483,2025-03-08,Mumbai,Direct,Female,25-34
484,2025-01-26,Indore,Direct,Female,45-54
485,2025-05-14,Indore,Paid Search,Male,18-24
486,2025-11-24,Gorakhpur,Affiliate,Female,18-24
487,2024-12-03,Chandigarh,Direct,Female,25-34
488,2024-11-02,Jaipur,Paid Search,Male,25-34
489,2025-06-15,Gorakhpur,Paid Social,Female,25-34
490,2024-11-09,Kolkata,Paid Social,Female,45-54
491,2025-02-09,Bengaluru,Organic Search,Male,18-24
492,2025-11-07,Indore,Paid Search,Male,35-44
493,2025-01-18,Hyderabad,Affiliate,Male,25-34
494,2025-03-01,Bengaluru,Paid Social,Female,45-54
495,2025-03-24,Jaipur,Paid Search,Female,18-24
496,2025-08-27,Bhopal,Referral,Female,35-44
497,2025-06-26,Lucknow,Referral,Female,25-34
498,2025-07-31,Ahmedabad,Referral,Male,18-24
499,2025-03-13,Kolkata,Paid Social,Male,25-34
500,2025-06-16,Chennai,Paid Social,Female,35-44
501,2025-03-28,Kochi,Organic Search,Female,35-44
502,2024-11-10,Kochi,Direct,Female,25-34
503,2025-03-10,Bhopal,Paid Social,Male,25-34
504,2025-11-25,Bhopal,Direct,Female,25-34
505,2024-12-12,Pune,Paid Social,Female,25-34
506,2025-09-15,Chennai,Affiliate,Female,18-24
507,2024-11-15,Gorakhpur,Organic Search,Female,18-24
508,2025-08-04,Bengaluru,Paid Search,Male,35-44
509,2025-05-18,Bhopal,Paid Search,Male,35-44
510,2025-03-17,Bhopal,Referral,Female,45-54
511,2024-12-09,Bengaluru,Paid Search,Female,45-54
512,2025-03-11,Jaipur,Paid Search,Female,25-34
513,2025-03-02,Jaipur,Organic Search,Female,18-24
514,2024-11-01,Lucknow,Organic Search,Female,35-44
515,2025-05-14,Jaipur,Paid Social,Female,35-44
516,2025-03-08,Chennai,Direct,Female,45-54
517,2024-12-06,Chennai,Direct,Female,45-54
518,2024-12-26,Delhi,Organic Search,Male,25-34
519,2025-09-02,Chandigarh,Direct,Female,45-54
520,2025-09-28,Chandigarh,Organic Search,Male,25-34
521,2025-03-09,Kolkata,Organic Search,Female,35-44
522,2025-08-16,Jaipur,Paid Social,Male,18-24
523,2025-02-06,Bengaluru,Direct,Female,35-44
524,2025-03-10,Ahmedabad,Direct,Male,35-44
525,2025-01-23,Bhopal,Paid Search,Male,35-44
526,2024-11-01,Kochi,Organic Search,Male,25-34
527,2025-04-26,Jaipur,Direct,Female,35-44
528,2025-01-21,Ahmedabad,Direct,Male,45-54
529,2025-10-19,Pune,Paid Social,Female,25-34
530,2025-10-06,Bhopal,Direct,Female,45-54
531,2025-09-24,Delhi,Organic Search,Female,35-44
532,2025-01-07,Pune,Paid Social,Male,45-54
533,2024-12-23,Kochi,Paid Search,Male,45-54
534,2025-02-12,Bengaluru,Organic Search,Female,25-34
535,2025-06-08,Indore,Referral,Male,25-34
536,2024-11-25,Mumbai,Organic Search,Male,45-54
537,2025-04-12,Kolkata,Organic Search,Female,18-24
538,2024-11-12,Mumbai,Direct,Male,45-54
539,2025-01-05,Pune,Paid Social,Female,25-34
540,2024-11-17,Bengaluru,Affiliate,Female,35-44
541,2025-10-01,Ahmedabad,Paid Social,Female,35-44
542,2025-04-12,Indore,Organic Search,Female,45-54
543,2025-05-23,Lucknow,Direct,Female,35-44
544,2025-10-31,Hyderabad,Paid Search,Male,45-54
545,2025-01-04,Delhi,Paid Social,Female,18-24
546,2025-03-31,Delhi,Affiliate,Female,45-54
547,2025-04-06,Ahmedabad,Direct,Male,45-54
548,2025-01-01,Chandigarh,Affiliate,Female,25-34
549,2025-08-23,Hyderabad,Paid Search,Female,45-54
550,2025-02-05,Indore,Organic Search,Male,45-54
551,2024-12-08,Gorakhpur,Organic Search,Female,35-44
552,2024-12-27,Chandigarh,Direct,Female,25-34
553,2025-09-26,Pune,Organic Search,Female,45-54
554,2025-05-16,Lucknow,Paid Social,Female,35-44
555,2024-11-01,Jaipur,Organic Search,Female,18-24
556,2024-12-27,Ahmedabad,Organic Search,Male,25-34
557,2024-11-10,Hyderabad,Organic Search,Female,35-44
558,2025-08-16,Chennai,Paid Search,Female,18-24
559,2025-01-12,Delhi,Affiliate,Female,45-54
560,2024-11-07,Hyderabad,Paid Search,Male,35-44
561,2025-09-04,Mumbai,Affiliate,Male,25-34
562,2025-02-01,Hyderabad,Referral,Male,18-24
563,2024-12-03,Mumbai,Direct,Female,25-34
564,2025-03-09,Pune,Direct,Male,25-34
565,2025-05-22,Bhopal,Organic Search,Male,18-24
566,2024-12-18,Hyderabad,Direct,Female,18-24
567,2025-10-03,Mumbai,Organic Search,Female,45-54
568,2025-01-10,Pune,Organic Search,Male,45-54
569,2025-08-18,Bengaluru,Organic Search,Male,45-54
570,2025-06-22,Chandigarh,Organic Search,Female,25-34
571,2025-03-21,Chennai,Direct,Male,18-24
572,2024-11-05,Indore,Direct,Female,18-24
573,2024-11-16,Jaipur,Paid Social,Male,35-44
574,2025-08-28,Hyderabad,Paid Search,Female,45-54
575,2025-01-22,Bhopal,Organic Search,Female,45-54
576,2025-04-17,Ahmedabad,Paid Search,Female,25-34
577,2025-04-10,Ahmedabad,Paid Social,Female,25-34
578,2024-11-06,Pune,Organic Search,Male,35-44
579,2025-03-01,Jaipur,Affiliate,Female,25-34
580,2025-10-15,Chennai,Direct,Male,25-34
581,2025-01-08,Jaipur,Organic Search,Male,25-34
582,2025-04-01,Jaipur,Paid Search,Female,35-44
583,2025-01-09,Mumbai,Direct,Female,18-24
584,2024-11-03,Delhi,Referral,Male,25-34
585,2024-11-12,Bengaluru,Organic Search,Male,45-54
586,2025-06-06,Indore,Paid Search,Male,18-24
587,2025-01-25,Mumbai,Direct,Female,25-34
588,2025-06-05,Kochi,Email,Female,18-24
589,2025-01-23,Bhopal,Direct,Female,35-44
590,2025-08-21,Lucknow,Organic Search,Female,18-24
591,2025-07-18,Mumbai,Affiliate,Male,18-24
592,2024-11-11,Kolkata,Paid Social,Female,25-34
593,2025-04-22,Jaipur,Referral,Male,45-54
594,2025-07-24,Lucknow,Affiliate,Female,45-54
595,2025-06-30,Mumbai,Paid Search,Female,25-34
596,2025-04-13,Gorakhpur,Paid Search,Female,45-54
597,2025-11-16,Jaipur,Email,Other,35-44
598,2025-09-21,Gorakhpur,Paid Social,Female,35-44
599,2025-05-11,Hyderabad,Paid Search,Female,35-44
600,2025-01-22,Kolkata,Paid Search,Female,18-24
601,2025-12-19,Jaipur,Paid Search,Female,35-44
602,2024-11-01,Hyderabad,Referral,Male,18-24
603,2025-08-08,Kochi,Referral,Female,25-34
604,2024-11-10,Delhi,Paid Search,Female,35-44
605,2025-10-19,Pune,Paid Social,Male,18-24
606,2025-04-23,Hyderabad,Paid Search,Male,35-44
607,2025-08-21,Kochi,Organic Search,Male,18-24
608,2025-05-05,Indore,Paid Social,Male,45-54
609,2024-11-08,Chandigarh,Organic Search,Female,45-54
610,2025-02-13,Kochi,Email,Male,18-24
611,2025-05-24,Bengaluru,Direct,Female,18-24
612,2025-01-08,Chennai,Paid Search,Female,25-34
613,2024-11-22,Kolkata,Direct,Male,18-24
614,2024-12-09,Kolkata,Paid Social,Female,35-44
615,2024-11-08,Bengaluru,Paid Search,Male,35-44
616,2024-11-09,Chandigarh,Paid Search,Male,25-34
617,2025-03-12,Kolkata,Organic Search,Male,25-34
618,2025-04-18,Jaipur,Referral,Female,18-24
619,2024-12-22,Gorakhpur,Paid Search,Male,18-24
620,2024-11-13,Chennai,Paid Social,Female,35-44
621,2025-01-17,Chandigarh,Direct,Female,35-44
622,2025-05-15,Ahmedabad,Referral,Male,45-54
623,2024-11-03,Hyderabad,Affiliate,Male,25-34
624,2025-07-31,Mumbai,Email,Male,25-34
625,2025-11-26,Kochi,Email,Male,35-44
626,2024-11-01,Mumbai,Direct,Female,45-54
627,2024-11-01,Jaipur,Organic Search,Female,35-44
628,2025-04-12,Delhi,Direct,Male,18-24
629,2025-01-29,Jaipur,Email,Female,25-34
630,2024-11-05,Indore,Organic Search,Male,18-24
631,2025-03-05,Mumbai,Referral,Female,35-44
632,2025-06-09,Chennai,Email,Male,18-24
633,2024-12-30,Kolkata,Email,Female,45-54
634,2025-03-25,Bhopal,Direct,Female,18-24
635,2024-11-29,Ahmedabad,Paid Search,Male,18-24
636,2024-11-03,Pune,Email,Female,45-54
637,2025-07-24,Gorakhpur,Organic Search,Female,35-44
638,2024-12-13,Jaipur,Referral,Female,18-24
639,2025-05-20,Bhopal,Email,Other,18-24
640,2025-11-23,Hyderabad,Referral,Female,45-54
641,2025-06-05,Kolkata,Organic Search,Female,25-34
642,2025-02-13,Kolkata,Paid Search,Male,35-44
643,2025-02-27,Gorakhpur,Organic Search,Female,25-34
644,2025-10-02,Indore,Paid Social,Male,25-34
645,2025-02-19,Chandigarh,Email,Female,25-34
646,2025-01-07,Indore,Paid Search,Female,35-44
647,2025-09-18,Bengaluru,Organic Search,Male,45-54
648,2025-12-04,Indore,Paid Social,Male,35-44
649,2024-11-21,Delhi,Organic Search,Female,35-44
650,2025-05-10,Lucknow,Direct,Female,18-24
651,2025-01-22,Ahmedabad,Direct,Female,45-54
652,2025-07-05,Kochi,Paid Social,Female,45-54
653,2024-11-18,Bengaluru,Organic Search,Female,18-24
654,2025-11-11,Hyderabad,Referral,Male,25-34
655,2025-07-31,Bhopal,Organic Search,Male,45-54
656,2025-10-05,Chennai,Paid Search,Male,25-34
657,2025-02-18,Lucknow,Affiliate,Male,45-54
658,2025-07-10,Indore,Paid Social,Male,18-24
659,2025-03-30,Kochi,Paid Search,Male,25-34
660,2025-03-29,Indore,Paid Social,Female,45-54
661,2025-03-28,Bengaluru,Direct,Female,45-54
662,2025-02-06,Kochi,Paid Social,Female,25-34
663,2025-02-16,Bengaluru,Direct,Male,25-34
664,2025-03-05,Mumbai,Direct,Male,18-24
665,2024-11-28,Bhopal,Paid Search,Male,25-34
666,2025-02-04,Bengaluru,Paid Social,Female,25-34
667,2025-10-14,Chennai,Organic Search,Male,25-34
668,2025-07-09,Mumbai,Organic Search,Male,35-44
669,2024-11-09,Indore,Direct,Male,25-34
670,2025-01-29,Chandigarh,Paid Social,Female,35-44
671,2025-04-20,Delhi,Direct,Female,25-34
672,2024-11-28,Kolkata,Direct,Female,45-54
673,2024-12-29,Bhopal,Organic Search,Female,25-34
674,2024-11-01,Bengaluru,Affiliate,Female,45-54
675,2025-04-10,Bhopal,Organic Search,Female,25-34
676,2025-05-02,Kolkata,Paid Search,Female,18-24
677,2024-12-15,Lucknow,Paid Search,Male,25-34
678,2024-11-04,Gorakhpur,Organic Search,Female,25-34
679,2025-09-27,Kochi,Direct,Male,35-44
680,2025-11-08,Kolkata,Organic Search,Other,25-34
681,2025-06-14,Indore,Direct,Male,25-34
682,2025-12-08,Chennai,Direct,Male,18-24
683,2025-08-06,Bhopal,Paid Social,Female,18-24
684,2025-08-01,Mumbai,Affiliate,Female,25-34
685,2024-11-15,Chennai,Email,Female,25-34
686,2025-06-26,Mumbai,Direct,Male,18-24
687,2025-03-13,Bhopal,Direct,Male,35-44
688,2025-02-17,Pune,Affiliate,Female,35-44
689,2025-11-12,Ahmedabad,Direct,Female,45-54
690,2025-03-17,Lucknow,Organic Search,Female,35-44
691,2025-12-16,Bengaluru,Organic Search,Female,18-24
692,2025-07-20,Lucknow,Organic Search,Other,45-54
693,2024-11-04,Chandigarh,Paid Social,Male,18-24
694,2025-05-28,Pune,Direct,Male,35-44
695,2025-01-02,Chandigarh,Paid Search,Female,35-44
696,2025-01-16,Lucknow,Direct,Male,25-34
697,2024-12-01,Bhopal,Affiliate,Male,45-54
698,2025-08-23,Ahmedabad,Direct,Female,45-54
699,2025-10-21,Chennai,Paid Search,Female,45-54
700,2025-11-12,Jaipur,Organic Search,Female,35-44
701,2025-04-15,Lucknow,Organic Search,Male,35-44
702,2024-11-06,Kochi,Organic Search,Female,45-54
703,2025-05-21,Lucknow,Affiliate,Male,25-34
704,2025-05-05,Chandigarh,Email,Female,35-44
705,2025-07-04,Mumbai,Paid Social,Female,25-34
706,2025-01-27,Pune,Affiliate,Female,35-44
707,2024-11-27,Bengaluru,Paid Social,Male,18-24
708,2025-02-24,Ahmedabad,Organic Search,Male,25-34
709,2024-11-30,Indore,Email,Male,35-44
710,2025-08-10,Kochi,Organic Search,Female,25-34
711,2024-12-04,Kolkata,Organic Search,Male,18-24
712,2024-11-01,Gorakhpur,Referral,Male,18-24
713,2025-01-13,Mumbai,Email,Female,35-44
714,2024-11-01,Gorakhpur,Affiliate,Male,35-44
715,2024-12-03,Jaipur,Paid Social,Female,45-54
716,2025-06-13,Delhi,Paid Social,Female,18-24
717,2025-12-02,Mumbai,Paid Search,Female,35-44
718,2025-04-12,Indore,Paid Social,Male,25-34
719,2024-11-26,Bhopal,Paid Social,Female,45-54
720,2024-11-04,Bhopal,Organic Search,Male,18-24
721,2025-01-31,Kolkata,Organic Search,Female,45-54
722,2025-05-15,Kochi,Paid Social,Female,18-24
723,2025-12-13,Ahmedabad,Affiliate,Male,18-24
724,2025-09-02,Ahmedabad,Email,Female,35-44
725,2025-06-20,Ahmedabad,Direct,Female,25-34
726,2024-11-20,Pune,Email,Male,45-54
727,2024-11-29,Chennai,Email,Male,35-44
728,2025-02-28,Ahmedabad,Organic Search,Female,45-54
729,2025-03-04,Chandigarh,Organic Search,Female,25-34
730,2025-03-24,Indore,Paid Social,Male,35-44
731,2025-04-16,Pune,Organic Search,Female,45-54
732,2025-05-02,Hyderabad,Paid Social,Male,45-54
733,2025-01-31,Kochi,Paid Social,Male,45-54
734,2025-08-16,Chandigarh,Paid Search,Female,25-34
735,2024-11-26,Indore,Direct,Male,45-54
736,2024-11-14,Chennai,Paid Search,Male,45-54
737,2024-11-27,Mumbai,Referral,Male,45-54
738,2025-01-11,Bengaluru,Direct,Female,25-34
739,2025-10-17,Gorakhpur,Email,Male,25-34
740,2025-06-08,Pune,Paid Search,Female,45-54
741,2024-12-02,Chennai,Direct,Female,35-44
742,2025-11-06,Indore,Referral,Other,35-44
743,2025-12-24,Lucknow,Paid Search,Other,45-54
744,2025-09-23,Bengaluru,Email,Female,18-24
745,2024-11-01,Chennai,Paid Search,Female,35-44
746,2025-10-04,Indore,Paid Social,Male,35-44
747,2025-07-05,Kolkata,Paid Social,Male,25-34
748,2025-03-10,Kolkata,Organic Search,Male,35-44
749,2025-09-18,Kochi,Organic Search,Male,25-34
750,2024-11-01,Delhi,Direct,Male,45-54
751,2025-06-06,Delhi,Referral,Female,45-54
752,2025-09-30,Indore,Email,Male,45-54
753,2025-05-19,Kolkata,Paid Search,Male,45-54
754,2025-02-01,Kolkata,Paid Social,Male,45-54
755,2025-09-22,Jaipur,Paid Social,Female,35-44
756,2024-11-02,Ahmedabad,Organic Search,Male,18-24
757,2025-04-27,Mumbai,Referral,Female,35-44
758,2025-03-05,Bhopal,Organic Search,Male,25-34
759,2025-03-09,Gorakhpur,Direct,Female,35-44
760,2025-05-14,Jaipur,Email,Male,45-54
761,2025-03-01,Lucknow,Email,Male,45-54
762,2025-01-20,Pune,Referral,Female,18-24
763,2025-06-26,Pune,Paid Search,Male,35-44
764,2024-11-05,Delhi,Paid Search,Male,35-44
765,2025-08-30,Pune,Direct,Female,25-34
766,2025-03-23,Pune,Email,Female,35-44
767,2024-12-24,Indore,Paid Social,Female,25-34
768,2025-11-01,Gorakhpur,Direct,Female,25-34
769,2024-12-20,Ahmedabad,Direct,Female,18-24
770,2025-01-16,Delhi,Organic Search,Male,25-34
771,2025-09-17,Kolkata,Affiliate,Male,25-34
772,2025-06-07,Delhi,Direct,Female,35-44
773,2024-11-05,Kochi,Paid Social,Female,25-34
774,2025-03-05,Ahmedabad,Paid Search,Male,25-34
775,2025-01-30,Ahmedabad,Direct,Female,45-54
776,2024-11-01,Ahmedabad,Email,Female,35-44
777,2025-12-05,Bengaluru,Direct,Female,35-44
778,2025-12-01,Bhopal,Paid Search,Male,35-44
779,2025-01-13,Mumbai,Paid Social,Female,45-54
780,2025-03-04,Hyderabad,Direct,Male,25-34
781,2025-03-30,Delhi,Direct,Female,18-24
782,2025-06-14,Bengaluru,Affiliate,Female,18-24
783,2025-06-21,Indore,Paid Social,Female,25-34
784,2024-11-02,Bengaluru,Direct,Male,25-34
785,2025-11-27,Indore,Direct,Male,18-24
786,2025-09-28,Gorakhpur,Organic Search,Male,25-34
787,2025-10-23,Pune,Direct,Female,18-24
788,2025-05-27,Pune,Email,Male,35-44
789,2024-12-19,Pune,Affiliate,Male,45-54
790,2025-02-02,Pune,Referral,Male,35-44
791,2024-11-27,Bhopal,Organic Search,Female,45-54
792,2024-11-27,Delhi,Paid Search,Male,45-54
793,2024-12-08,Bhopal,Direct,Female,35-44
794,2024-11-12,Lucknow,Organic Search,Male,45-54
795,2024-11-01,Gorakhpur,Paid Search,Male,18-24
796,2025-06-10,Indore,Paid Social,Female,45-54
797,2025-04-25,Chandigarh,Paid Search,Female,45-54
798,2025-02-08,Chandigarh,Direct,Male,25-34
799,2024-11-01,Kochi,Referral,Male,18-24
800,2025-04-21,Chennai,Referral,Female,35-44
801,2025-02-07,Gorakhpur,Direct,Female,35-44
802,2024-11-08,Chandigarh,Paid Search,Female,25-34
803,2024-11-27,Kolkata,Organic Search,Male,35-44
804,2025-06-26,Gorakhpur,Email,Male,45-54
805,2024-11-09,Indore,Direct,Female,18-24
806,2024-12-01,Lucknow,Direct,Female,45-54
807,2024-11-06,Pune,Paid Search,Female,45-54
808,2025-12-08,Chennai,Organic Search,Female,18-24
809,2025-02-09,Gorakhpur,Organic Search,Male,45-54
810,2025-11-20,Jaipur,Email,Female,25-34
811,2025-11-11,Delhi,Organic Search,Female,18-24
812,2025-03-08,Bengaluru,Email,Female,25-34
813,2024-11-01,Bhopal,Direct,Female,18-24
814,2025-03-02,Lucknow,Organic Search,Female,18-24
815,2024-11-14,Lucknow,Paid Search,Female,25-34
816,2025-02-17,Indore,Affiliate,Male,35-44
817,2024-11-15,Jaipur,Direct,Female,25-34
818,2025-08-04,Chennai,Paid Search,Female,35-44
819,2024-11-19,Indore,Paid Social,Female,25-34
820,2025-02-22,Bengaluru,Email,Female,45-54
821,2025-08-12,Ahmedabad,Organic Search,Female,18-24
822,2024-11-28,Gorakhpur,Organic Search,Male,35-44
823,2025-02-13,Chandigarh,Affiliate,Female,25-34
824,2024-12-04,Jaipur,Direct,Female,25-34
825,2025-11-19,Bengaluru,Direct,Male,45-54
826,2025-05-13,Kochi,Organic Search,Male,35-44
827,2025-02-14,Hyderabad,Paid Search,Female,18-24
828,2025-05-17,Jaipur,Email,Female,45-54
829,2025-08-07,Pune,Direct,Female,18-24
830,2025-08-23,Bhopal,Direct,Female,25-34
831,2024-11-23,Bengaluru,Email,Male,35-44
832,2024-12-05,Lucknow,Paid Social,Male,45-54
833,2024-11-03,Bhopal,Direct,Female,25-34
834,2025-08-16,Mumbai,Paid Search,Female,25-34
835,2025-07-11,Chennai,Paid Search,Female,35-44
836,2024-12-11,Hyderabad,Organic Search,Female,45-54
837,2025-10-07,Hyderabad,Paid Social,Female,45-54
838,2024-11-05,Hyderabad,Paid Search,Male,45-54
839,2024-11-27,Ahmedabad,Paid Social,Male,35-44
840,2025-12-14,Delhi,Organic Search,Female,18-24
841,2024-12-26,Ahmedabad,Organic Search,Female,25-34
842,2025-08-02,Pune,Organic Search,Male,25-34
843,2025-04-26,Hyderabad,Paid Search,Female,45-54
844,2025-10-02,Ahmedabad,Organic Search,Male,35-44
845,2024-11-01,Kochi,Paid Search,Female,35-44
846,2025-02-20,Bhopal,Paid Social,Male,25-34
847,2025-11-03,Kolkata,Email,Other,18-24
848,2025-12-25,Jaipur,Direct,Female,45-54
849,2025-03-12,Kochi,Affiliate,Female,45-54
850,2024-12-14,Bengaluru,Paid Search,Male,45-54
851,2025-11-27,Pune,Organic Search,Female,18-24
852,2024-11-01,Delhi,Direct,Male,18-24
853,2025-12-15,Delhi,Paid Search,Male,45-54
854,2024-11-29,Gorakhpur,Email,Female,18-24
855,2025-10-01,Bhopal,Organic Search,Male,18-24
856,2024-12-31,Indore,Affiliate,Male,25-34
857,2025-08-18,Bhopal,Organic Search,Female,18-24
858,2025-03-27,Chennai,Email,Male,18-24
859,2025-01-31,Bengaluru,Paid Search,Female,25-34
860,2025-06-01,Jaipur,Direct,Male,25-34
861,2024-11-18,Jaipur,Paid Social,Female,45-54
862,2025-07-20,Kochi,Affiliate,Male,25-34
863,2025-07-29,Chennai,Affiliate,Female,35-44
864,2025-03-22,Bengaluru,Paid Search,Female,35-44
865,2025-02-28,Kochi,Paid Search,Female,35-44
866,2025-02-28,Gorakhpur,Paid Social,Male,18-24
867,2024-11-30,Mumbai,Email,Female,25-34
868,2024-12-29,Mumbai,Referral,Female,18-24
869,2025-06-27,Kochi,Paid Search,Female,18-24
870,2024-12-30,Jaipur,Referral,Male,45-54
871,2025-01-18,Gorakhpur,Paid Search,Female,25-34
872,2024-11-06,Hyderabad,Email,Male,35-44
873,2025-02-11,Gorakhpur,Paid Social,Male,45-54
874,2025-05-04,Kochi,Direct,Male,45-54
875,2025-01-03,Chandigarh,Organic Search,Female,35-44
876,2024-12-10,Pune,Paid Social,Male,18-24
877,2024-11-21,Delhi,Paid Social,Male,25-34
878,2025-07-05,Delhi,Paid Social,Male,25-34
879,2024-11-23,Chennai,Organic Search,Male,45-54
880,2024-12-20,Jaipur,Organic Search,Male,35-44
881,2025-12-16,Ahmedabad,Organic Search,Female,25-34
882,2025-04-05,Bengaluru,Organic Search,Female,45-54
883,2025-08-06,Bhopal,Referral,Female,18-24
884,2025-12-10,Jaipur,Paid Search,Female,35-44
885,2025-03-09,Chandigarh,Paid Social,Other,25-34
886,2025-08-25,Bhopal,Direct,Female,18-24
887,2025-07-16,Delhi,Email,Male,18-24
888,2025-01-04,Kochi,Paid Social,Female,35-44
889,2024-11-10,Gorakhpur,Organic Search,Female,25-34
890,2025-08-14,Hyderabad,Affiliate,Female,45-54
891,2025-06-16,Jaipur,Referral,Female,45-54
892,2025-01-07,Bengaluru,Direct,Male,35-44
893,2025-02-06,Kolkata,Direct,Female,35-44
894,2024-11-01,Pune,Paid Social,Male,18-24
895,2024-12-07,Indore,Email,Other,45-54
896,2024-12-29,Bhopal,Affiliate,Female,45-54
897,2024-11-19,Mumbai,Paid Search,Female,35-44
898,2025-03-09,Chennai,Email,Female,45-54
899,2024-11-09,Bhopal,Paid Social,Female,25-34
900,2025-04-16,Chandigarh,Direct,Male,25-34
901,2024-11-29,Jaipur,Paid Social,Female,35-44
902,2025-09-15,Jaipur,Paid Social,Male,25-34
903,2024-11-02,Pune,Organic Search,Female,45-54
904,2024-11-16,Pune,Direct,Female,45-54
905,2025-10-30,Bengaluru,Direct,Female,35-44
906,2025-03-18,Lucknow,Referral,Male,45-54
907,2025-04-20,Gorakhpur,Email,Male,18-24
908,2025-01-27,Bengaluru,Direct,Male,25-34
909,2025-04-28,Ahmedabad,Organic Search,Male,25-34
910,2025-01-21,Chennai,Organic Search,Female,35-44
911,2024-11-04,Gorakhpur,Paid Social,Male,25-34
912,2025-08-05,Mumbai,Organic Search,Male,25-34
913,2025-04-10,Kochi,Email,Male,35-44
914,2024-12-23,Chennai,Direct,Female,35-44
915,2025-09-08,Jaipur,Organic Search,Female,45-54
916,2025-02-11,Delhi,Email,Female,25-34
917,2025-03-22,Chandigarh,Affiliate,Male,18-24
918,2025-02-13,Mumbai,Email,Male,18-24
919,2025-03-12,Chennai,Paid Social,Female,45-54
920,2025-10-19,Chandigarh,Paid Search,Male,25-34
921,2025-07-04,Kochi,Organic Search,Female,25-34
922,2025-09-28,Hyderabad,Organic Search,Female,25-34
923,2024-11-17,Indore,Organic Search,Male,18-24
924,2024-11-08,Chandigarh,Affiliate,Female,25-34
925,2024-11-13,Jaipur,Affiliate,Male,45-54
926,2024-11-15,Mumbai,Paid Social,Female,18-24
927,2025-07-29,Bhopal,Affiliate,Male,25-34
928,2024-11-29,Mumbai,Paid Social,Female,35-44
929,2025-11-26,Delhi,Paid Social,Male,25-34
930,2025-03-23,Kochi,Organic Search,Male,18-24
931,2025-04-03,Pune,Direct,Female,18-24
932,2025-12-13,Hyderabad,Organic Search,Male,45-54
933,2025-01-25,Ahmedabad,Paid Search,Male,18-24
934,2024-11-28,Kolkata,Paid Social,Female,25-34
935,2025-02-10,Chennai,Affiliate,Female,18-24
936,2025-03-30,Chennai,Paid Search,Male,18-24
937,2024-11-08,Kolkata,Paid Search,Female,35-44
938,2025-06-22,Hyderabad,Affiliate,Male,35-44
939,2025-12-20,Kochi,Paid Search,Female,45-54
940,2025-11-20,Bengaluru,Paid Social,Other,45-54
941,2025-06-14,Jaipur,Paid Social,Male,18-24
942,2024-11-15,Indore,Paid Social,Male,18-24
943,2025-07-22,Delhi,Email,Female,25-34
944,2025-01-15,Kolkata,Paid Search,Female,45-54
945,2025-07-13,Indore,Paid Social,Male,35-44
946,2025-07-30,Kolkata,Affiliate,Female,45-54
947,2025-12-22,Delhi,Paid Search,Male,18-24
948,2024-11-15,Hyderabad,Paid Search,Male,25-34
949,2024-11-02,Kochi,Direct,Female,18-24
950,2025-12-12,Gorakhpur,Paid Social,Female,35-44
951,2025-05-18,Mumbai,Organic Search,Male,45-54
952,2025-08-21,Gorakhpur,Organic Search,Female,35-44
953,2025-04-09,Jaipur,Affiliate,Male,18-24
954,2025-12-24,Mumbai,Email,Female,35-44
955,2025-09-26,Bengaluru,Paid Search,Female,35-44
956,2025-10-16,Kolkata,Organic Search,Female,45-54
957,2025-03-15,Gorakhpur,Organic Search,Female,45-54
958,2025-03-10,Jaipur,Email,Female,35-44
959,2025-03-18,Lucknow,Referral,Male,35-44
960,2025-01-08,Bengaluru,Organic Search,Female,35-44
961,2025-01-18,Bengaluru,Direct,Male,35-44
962,2025-01-30,Chennai,Paid Search,Female,18-24
963,2025-06-08,Gorakhpur,Paid Social,Female,18-24
964,2025-11-01,Pune,Organic Search,Female,25-34
965,2024-11-01,Ahmedabad,Paid Social,Male,45-54
966,2025-04-21,Pune,Email,Female,45-54
967,2025-05-01,Kolkata,Referral,Male,35-44
968,2025-04-24,Mumbai,Affiliate,Male,25-34
969,2025-01-14,Chandigarh,Paid Search,Male,25-34
970,2025-05-15,Kolkata,Paid Social,Female,18-24
971,2025-09-18,Pune,Paid Search,Female,35-44
972,2025-12-28,Hyderabad,Paid Social,Male,18-24
973,2025-07-08,Lucknow,Paid Search,Female,18-24
974,2025-04-21,Kolkata,Paid Search,Female,18-24
975,2025-06-03,Chandigarh,Paid Social,Female,35-44
976,2024-12-03,Lucknow,Paid Social,Female,25-34
977,2025-10-13,Jaipur,Direct,Male,45-54
978,2024-12-06,Indore,Referral,Male,35-44
979,2025-11-19,Lucknow,Paid Search,Male,45-54
980,2025-11-17,Bengaluru,Direct,Female,35-44
981,2025-03-04,Indore,Paid Social,Male,35-44
982,2025-09-21,Kochi,Paid Social,Male,18-24
983,2025-05-24,Pune,Affiliate,Male,25-34
984,2024-12-19,Kolkata,Direct,Female,25-34
985,2024-12-01,Kochi,Paid Social,Female,45-54
986,2025-04-17,Gorakhpur,Paid Search,Male,25-34
987,2024-11-23,Pune,Organic Search,Male,35-44
988,2025-06-06,Kochi,Organic Search,Female,45-54
989,2025-08-14,Bhopal,Organic Search,Female,35-44
990,2025-10-05,Kolkata,Email,Male,18-24
991,2025-02-05,Kochi,Affiliate,Female,18-24
992,2025-04-23,Mumbai,Paid Search,Female,35-44
993,2025-03-19,Lucknow,Organic Search,Female,35-44
994,2025-01-11,Kolkata,Paid Search,Male,25-34
995,2025-11-17,Mumbai,Organic Search,Female,35-44
996,2025-02-23,Lucknow,Paid Social,Female,35-44
997,2025-06-28,Jaipur,Organic Search,Female,25-34
998,2025-12-06,Bhopal,Email,Female,45-54
999,2025-07-07,Bengaluru,Affiliate,Male,18-24
1000,2025-09-19,Bengaluru,Direct,Male,25-34
1001,2024-12-18,Gorakhpur,Paid Social,Male,35-44
1002,2025-10-28,Jaipur,Direct,Male,45-54
1003,2025-02-02,Kolkata,Email,Male,35-44
1004,2025-01-02,Chandigarh,Referral,Female,25-34
1005,2025-09-30,Ahmedabad,Organic Search,Male,45-54
1006,2025-08-19,Mumbai,Paid Social,Male,45-54
1007,2025-03-08,Kochi,Paid Social,Female,45-54
1008,2025-10-11,Kochi,Affiliate,Female,35-44
1009,2025-03-24,Lucknow,Paid Social,Male,35-44
1010,2025-02-28,Bengaluru,Organic Search,Male,25-34
1011,2025-05-23,Delhi,Affiliate,Female,25-34
1012,2025-05-22,Mumbai,Paid Social,Female,25-34
1013,2025-03-28,Kochi,Referral,Male,25-34
1014,2025-09-22,Chandigarh,Direct,Male,45-54
1015,2025-03-11,Pune,Direct,Female,35-44
1016,2025-08-25,Kolkata,Organic Search,Female,45-54
1017,2025-10-11,Bhopal,Referral,Male,18-24
1018,2025-11-26,Gorakhpur,Email,Male,25-34
1019,2025-10-30,Hyderabad,Referral,Female,25-34
1020,2024-11-04,Lucknow,Direct,Female,18-24
1021,2025-12-02,Lucknow,Organic Search,Female,45-54
1022,2025-08-09,Kochi,Email,Male,18-24
1023,2024-12-09,Kochi,Organic Search,Male,35-44
1024,2024-12-28,Delhi,Paid Search,Female,25-34
1025,2025-05-07,Pune,Referral,Male,25-34
1026,2025-02-14,Delhi,Paid Social,Female,35-44
1027,2024-12-13,Hyderabad,Paid Search,Female,45-54
1028,2024-11-09,Kochi,Paid Search,Female,45-54
1029,2025-06-22,Indore,Direct,Female,35-44
1030,2024-11-07,Bengaluru,Paid Search,Female,25-34
1031,2025-03-08,Lucknow,Paid Social,Male,18-24
1032,2024-11-01,Kolkata,Paid Search,Female,45-54
1033,2025-06-13,Bhopal,Organic Search,Male,25-34
1034,2024-12-20,Bhopal,Paid Search,Female,45-54
1035,2024-11-17,Jaipur,Paid Social,Female,35-44
1036,2024-11-14,Delhi,Organic Search,Female,35-44
1037,2025-07-25,Pune,Email,Male,35-44
1038,2025-05-14,Pune,Affiliate,Female,45-54
1039,2025-10-21,Ahmedabad,Paid Social,Male,25-34
1040,2025-04-15,Gorakhpur,Email,Male,18-24
1041,2024-11-30,Delhi,Organic Search,Female,35-44
1042,2024-11-24,Mumbai,Paid Search,Other,45-54
1043,2024-11-03,Indore,Paid Social,Male,45-54
1044,2025-03-18,Kochi,Affiliate,Female,35-44
1045,2024-11-10,Delhi,Email,Male,35-44
1046,2025-04-19,Hyderabad,Direct,Male,18-24
1047,2025-04-02,Kolkata,Paid Search,Male,25-34
1048,2025-08-06,Bhopal,Direct,Female,35-44
1049,2025-06-19,Kolkata,Direct,Female,18-24
1050,2025-09-16,Mumbai,Organic Search,Female,45-54
1051,2025-03-01,Lucknow,Referral,Male,35-44
1052,2025-12-10,Ahmedabad,Direct,Female,25-34
1053,2024-12-06,Gorakhpur,Organic Search,Female,18-24
1054,2025-07-23,Lucknow,Paid Search,Female,45-54
1055,2024-12-18,Chandigarh,Paid Social,Male,18-24
1056,2024-11-01,Kolkata,Organic Search,Male,35-44
1057,2025-05-31,Delhi,Referral,Female,45-54
1058,2025-08-26,Bhopal,Direct,Female,25-34
1059,2025-01-22,Chennai,Organic Search,Female,45-54
1060,2025-02-25,Pune,Paid Social,Male,45-54
1061,2024-11-10,Chennai,Paid Search,Male,45-54
1062,2025-05-23,Jaipur,Organic Search,Female,45-54
1063,2025-06-16,Indore,Direct,Female,45-54
1064,2025-04-02,Mumbai,Direct,Female,45-54
1065,2024-11-08,Pune,Affiliate,Female,25-34
1066,2025-06-20,Hyderabad,Paid Social,Female,35-44
1067,2025-04-22,Bhopal,Paid Search,Female,18-24
1068,2025-03-26,Ahmedabad,Paid Social,Male,35-44
1069,2025-01-21,Chandigarh,Paid Search,Female,18-24
1070,2025-07-21,Chandigarh,Paid Search,Female,45-54
1071,2024-11-04,Indore,Paid Social,Female,45-54
1072,2025-07-31,Chandigarh,Paid Search,Female,25-34
1073,2024-12-06,Lucknow,Organic Search,Female,18-24
1074,2025-02-20,Kolkata,Organic Search,Female,25-34
1075,2025-06-05,Kolkata,Paid Search,Male,45-54
1076,2025-01-02,Lucknow,Affiliate,Female,45-54
1077,2025-08-28,Delhi,Organic Search,Female,18-24
1078,2025-09-03,Hyderabad,Direct,Male,25-34
1079,2025-03-12,Hyderabad,Organic Search,Female,25-34
1080,2024-11-09,Delhi,Affiliate,Female,18-24
1081,2024-11-14,Indore,Email,Male,45-54
1082,2025-03-08,Lucknow,Email,Female,35-44
1083,2025-04-22,Bengaluru,Affiliate,Female,18-24
1084,2025-05-23,Kolkata,Direct,Male,35-44
1085,2024-11-03,Jaipur,Paid Social,Male,45-54
1086,2024-12-12,Bengaluru,Organic Search,Female,35-44
1087,2025-04-14,Gorakhpur,Paid Social,Female,45-54
1088,2024-11-14,Gorakhpur,Direct,Female,45-54
1089,2024-11-01,Hyderabad,Paid Social,Female,45-54
1090,2024-12-12,Bhopal,Organic Search,Male,45-54
1091,2024-11-17,Indore,Paid Social,Female,45-54
1092,2025-09-14,Indore,Direct,Female,45-54
1093,2025-08-25,Lucknow,Affiliate,Female,18-24
1094,2025-06-11,Hyderabad,Organic Search,Female,45-54
1095,2024-11-11,Ahmedabad,Paid Social,Female,25-34
1096,2025-04-16,Chennai,Referral,Male,35-44
1097,2025-06-16,Kochi,Organic Search,Male,18-24
1098,2025-08-29,Mumbai,Paid Social,Male,18-24
1099,2025-04-19,Chennai,Paid Search,Male,18-24
1100,2025-08-07,Bhopal,Paid Search,Female,18-24
1101,2025-07-02,Ahmedabad,Email,Male,18-24
1102,2025-12-13,Lucknow,Affiliate,Male,18-24
1103,2025-09-08,Mumbai,Organic Search,Female,18-24
1104,2025-10-07,Delhi,Email,Male,45-54
1105,2025-08-03,Kochi,Paid Search,Female,35-44
1106,2025-01-13,Kochi,Organic Search,Female,45-54
1107,2025-08-07,Kochi,Organic Search,Male,35-44
1108,2024-12-28,Pune,Organic Search,Female,45-54
1109,2025-01-23,Delhi,Direct,Male,45-54
1110,2025-08-17,Kolkata,Organic Search,Female,45-54
1111,2025-10-24,Jaipur,Referral,Male,35-44
1112,2025-11-23,Chandigarh,Paid Search,Female,18-24
1113,2024-11-09,Chandigarh,Paid Social,Female,18-24
1114,2025-02-04,Bhopal,Organic Search,Male,18-24
1115,2025-12-15,Chandigarh,Referral,Male,35-44
1116,2025-02-14,Indore,Email,Male,35-44
1117,2025-07-11,Chennai,Paid Social,Female,35-44
1118,2025-10-26,Delhi,Direct,Male,45-54
1119,2025-05-30,Lucknow,Email,Male,45-54
1120,2025-06-27,Chandigarh,Email,Male,25-34
1121,2025-10-14,Jaipur,Organic Search,Female,25-34
1122,2025-03-30,Hyderabad,Paid Search,Female,35-44
1123,2025-03-30,Delhi,Affiliate,Female,35-44
1124,2024-12-14,Indore,Affiliate,Female,18-24
1125,2025-07-16,Pune,Affiliate,Male,35-44
1126,2024-11-16,Mumbai,Affiliate,Female,18-24
1127,2025-02-28,Chandigarh,Referral,Male,25-34
1128,2025-01-19,Chandigarh,Paid Social,Male,25-34
1129,2025-07-07,Hyderabad,Paid Search,Female,25-34
1130,2025-09-08,Mumbai,Paid Social,Female,45-54
1131,2025-09-11,Bengaluru,Organic Search,Female,25-34
1132,2025-03-10,Chennai,Paid Search,Male,45-54
1133,2025-05-01,Kolkata,Paid Search,Male,45-54
1134,2025-05-26,Indore,Referral,Male,45-54
1135,2025-07-16,Delhi,Paid Social,Female,25-34
1136,2025-03-14,Indore,Paid Search,Female,18-24
1137,2025-06-26,Bengaluru,Paid Search,Male,35-44
1138,2025-11-09,Kochi,Organic Search,Female,18-24
1139,2025-01-26,Jaipur,Paid Social,Female,35-44
1140,2025-01-03,Pune,Paid Social,Female,25-34
1141,2024-11-19,Bengaluru,Paid Search,Male,35-44
1142,2025-10-19,Kochi,Organic Search,Male,18-24
1143,2024-11-15,Kochi,Paid Social,Female,45-54
1144,2025-04-24,Bhopal,Paid Search,Female,45-54
1145,2025-03-10,Lucknow,Direct,Female,25-34
1146,2025-03-23,Ahmedabad,Paid Search,Male,25-34
1147,2025-10-04,Chandigarh,Paid Social,Male,45-54
1148,2025-02-02,Chennai,Email,Male,45-54
1149,2025-07-19,Kochi,Direct,Female,18-24
1150,2025-04-23,Indore,Affiliate,Female,18-24
1151,2025-05-30,Lucknow,Organic Search,Male,18-24
1152,2025-12-02,Chandigarh,Paid Search,Female,18-24
1153,2024-11-15,Delhi,Referral,Male,35-44
1154,2025-08-17,Indore,Paid Social,Male,45-54
1155,2024-11-09,Chennai,Paid Search,Female,18-24
1156,2025-03-17,Chennai,Referral,Female,45-54
1157,2024-11-02,Kolkata,Paid Search,Female,18-24
1158,2025-12-17,Pune,Paid Search,Female,35-44
1159,2025-08-06,Kolkata,Organic Search,Male,18-24
1160,2025-05-14,Bengaluru,Paid Social,Male,35-44
1161,2025-02-03,Kolkata,Paid Social,Male,35-44
1162,2025-01-28,Mumbai,Affiliate,Female,25-34
1163,2025-07-28,Ahmedabad,Paid Search,Female,45-54
1164,2025-11-27,Chennai,Paid Social,Female,45-54
1165,2024-11-06,Gorakhpur,Organic Search,Female,18-24
1166,2024-12-23,Gorakhpur,Referral,Female,25-34
1167,2025-01-03,Mumbai,Paid Social,Male,25-34
1168,2025-08-15,Jaipur,Organic Search,Other,25-34
1169,2025-04-07,Bhopal,Paid Search,Male,18-24
1170,2024-11-01,Kochi,Paid Search,Male,25-34
1171,2024-11-01,Ahmedabad,Referral,Female,35-44
1172,2025-09-18,Chennai,Paid Social,Male,25-34
1173,2025-04-30,Bengaluru,Paid Search,Female,18-24
1174,2025-01-02,Mumbai,Paid Social,Male,35-44
1175,2025-10-12,Jaipur,Organic Search,Male,35-44
1176,2025-10-15,Gorakhpur,Referral,Female,45-54
1177,2024-12-24,Chennai,Direct,Female,45-54
1178,2025-12-03,Bhopal,Paid Social,Male,18-24
1179,2025-05-12,Bengaluru,Organic Search,Male,45-54
1180,2025-04-16,Ahmedabad,Direct,Male,18-24
1181,2025-08-17,Mumbai,Direct,Female,45-54
1182,2025-06-14,Kochi,Paid Social,Female,35-44
1183,2025-02-01,Chandigarh,Affiliate,Male,18-24
1184,2024-11-16,Hyderabad,Paid Social,Female,25-34
1185,2025-07-23,Gorakhpur,Affiliate,Male,35-44
1186,2024-12-01,Gorakhpur,Affiliate,Female,25-34
1187,2024-12-12,Chennai,Paid Search,Female,45-54
1188,2025-10-28,Hyderabad,Direct,Female,45-54
1189,2024-11-13,Jaipur,Paid Social,Female,25-34
1190,2025-06-07,Gorakhpur,Paid Search,Male,25-34
1191,2024-11-06,Mumbai,Organic Search,Female,25-34
1192,2025-10-14,Pune,Direct,Female,18-24
1193,2025-12-25,Jaipur,Direct,Male,45-54
1194,2024-11-01,Gorakhpur,Paid Search,Male,18-24
1195,2025-09-27,Kochi,Paid Social,Other,35-44
1196,2024-11-15,Ahmedabad,Paid Search,Female,18-24
1197,2025-10-15,Pune,Paid Social,Male,45-54
1198,2025-01-07,Chennai,Paid Social,Female,18-24
1199,2025-12-24,Indore,Paid Social,Female,18-24
1200,2025-11-05,Chennai,Organic Search,Female,18-24
1201,2024-11-02,Bengaluru,Paid Search,Male,35-44
1202,2025-09-18,Ahmedabad,Paid Social,Female,35-44
1203,2025-09-13,Jaipur,Affiliate,Male,18-24
1204,2025-08-11,Chandigarh,Direct,Female,45-54
1205,2025-04-27,Bengaluru,Organic Search,Male,45-54
1206,2025-01-06,Mumbai,Affiliate,Male,18-24
1207,2025-11-07,Pune,Paid Search,Male,45-54
1208,2024-11-06,Jaipur,Direct,Female,45-54
1209,2025-02-07,Kolkata,Direct,Female,18-24
1210,2025-02-28,Kolkata,Paid Search,Male,18-24
1211,2025-01-15,Chandigarh,Referral,Female,35-44
1212,2025-05-01,Bengaluru,Organic Search,Male,18-24
1213,2025-05-04,Bhopal,Affiliate,Male,35-44
1214,2025-01-21,Lucknow,Paid Search,Female,25-34
1215,2024-11-18,Delhi,Organic Search,Female,45-54
1216,2025-03-27,Chennai,Direct,Female,25-34
1217,2024-11-20,Chennai,Paid Social,Female,18-24
1218,2025-03-29,Delhi,Direct,Female,18-24
1219,2025-02-15,Hyderabad,Organic Search,Male,25-34
1220,2025-08-16,Gorakhpur,Paid Social,Female,45-54
1221,2025-05-07,Lucknow,Paid Social,Male,35-44
1222,2025-05-15,Delhi,Paid Social,Female,18-24
1223,2025-03-19,Gorakhpur,Email,Female,25-34
1224,2025-03-06,Ahmedabad,Organic Search,Male,35-44
1225,2025-08-29,Kolkata,Paid Social,Female,18-24
1226,2025-01-23,Bengaluru,Organic Search,Male,25-34
1227,2024-12-29,Lucknow,Organic Search,Male,35-44
1228,2024-11-03,Hyderabad,Organic Search,Female,25-34
1229,2025-10-16,Chennai,Direct,Male,25-34
1230,2024-11-27,Kochi,Organic Search,Female,18-24
1231,2024-11-01,Kolkata,Direct,Male,18-24
1232,2025-01-15,Ahmedabad,Organic Search,Female,35-44
1233,2025-06-08,Chandigarh,Referral,Other,45-54
1234,2025-10-12,Delhi,Organic Search,Male,25-34
1235,2025-08-22,Kolkata,Organic Search,Male,35-44
1236,2025-05-07,Hyderabad,Referral,Male,25-34
1237,2025-09-27,Delhi,Paid Social,Female,18-24
1238,2025-05-22,Delhi,Paid Social,Male,45-54
1239,2024-12-05,Ahmedabad,Organic Search,Male,18-24
1240,2024-11-25,Bhopal,Paid Social,Male,35-44
1241,2025-03-20,Chennai,Paid Search,Male,45-54
1242,2025-07-07,Pune,Paid Search,Male,18-24
1243,2024-12-05,Ahmedabad,Email,Male,45-54
1244,2024-12-08,Kolkata,Paid Search,Male,35-44
1245,2024-12-18,Chandigarh,Organic Search,Female,45-54
1246,2025-03-29,Bengaluru,Paid Social,Female,35-44
1247,2025-02-17,Kolkata,Paid Search,Female,45-54
1248,2025-01-07,Delhi,Paid Social,Female,35-44
1249,2025-05-30,Mumbai,Paid Social,Female,18-24
1250,2025-08-17,Mumbai,Email,Female,35-44
1251,2024-11-03,Hyderabad,Organic Search,Male,35-44
1252,2025-01-02,Gorakhpur,Affiliate,Male,25-34
1253,2025-07-02,Kochi,Referral,Male,35-44
1254,2024-11-01,Kochi,Paid Social,Female,45-54
1255,2025-11-24,Chandigarh,Affiliate,Male,45-54
1256,2025-06-04,Delhi,Referral,Male,25-34
1257,2024-12-10,Ahmedabad,Direct,Female,45-54
1258,2025-07-11,Chandigarh,Paid Search,Female,25-34
1259,2025-02-18,Kolkata,Referral,Female,45-54
1260,2025-09-26,Delhi,Organic Search,Male,25-34
1261,2025-01-03,Ahmedabad,Direct,Male,35-44
1262,2025-01-15,Gorakhpur,Paid Social,Male,35-44
1263,2025-01-10,Chandigarh,Organic Search,Female,25-34
1264,2024-11-22,Chennai,Referral,Male,45-54
1265,2025-12-17,Kolkata,Organic Search,Female,45-54
1266,2024-11-30,Lucknow,Organic Search,Male,35-44
1267,2024-11-10,Jaipur,Organic Search,Female,45-54
1268,2024-11-02,Bhopal,Organic Search,Male,35-44
1269,2024-12-04,Jaipur,Paid Social,Female,18-24
1270,2025-01-26,Chennai,Organic Search,Male,45-54
1271,2025-02-03,Delhi,Referral,Female,45-54
1272,2025-07-23,Bhopal,Paid Social,Male,25-34
1273,2025-10-07,Kochi,Paid Social,Male,45-54
1274,2024-11-23,Pune,Paid Search,Male,45-54
1275,2024-12-25,Delhi,Organic Search,Female,45-54
1276,2025-05-10,Chennai,Paid Social,Male,45-54
1277,2025-03-03,Indore,Paid Search,Female,45-54
1278,2025-01-18,Chandigarh,Affiliate,Female,25-34
1279,2025-02-13,Lucknow,Organic Search,Male,45-54
1280,2025-02-01,Indore,Direct,Male,45-54
1281,2025-06-28,Bhopal,Organic Search,Male,35-44
1282,2025-10-14,Gorakhpur,Paid Search,Male,25-34
1283,2025-10-31,Chandigarh,Paid Social,Male,35-44
1284,2024-11-07,Chandigarh,Organic Search,Male,45-54
1285,2025-02-27,Jaipur,Paid Social,Female,18-24
1286,2024-11-07,Indore,Direct,Female,35-44
1287,2025-07-24,Kolkata,Email,Female,35-44
1288,2024-11-14,Chennai,Email,Male,45-54
1289,2025-03-14,Jaipur,Organic Search,Male,45-54
1290,2024-11-19,Kochi,Affiliate,Female,18-24
1291,2025-05-11,Mumbai,Organic Search,Female,45-54
1292,2024-11-25,Bengaluru,Direct,Male,25-34
1293,2025-02-23,Indore,Organic Search,Female,25-34
1294,2025-02-24,Gorakhpur,Organic Search,Male,18-24
1295,2025-02-03,Bengaluru,Paid Social,Male,18-24
1296,2025-08-09,Bhopal,Affiliate,Female,25-34
1297,2024-12-03,Bengaluru,Organic Search,Other,35-44
1298,2025-09-06,Mumbai,Direct,Female,18-24
1299,2025-08-23,Delhi,Affiliate,Male,18-24
1300,2025-02-13,Chennai,Organic Search,Female,25-34
1301,2025-05-20,Kolkata,Referral,Male,18-24
1302,2024-12-12,Chennai,Organic Search,Female,45-54
1303,2025-06-04,Hyderabad,Organic Search,Female,18-24
1304,2025-06-06,Lucknow,Paid Social,Female,18-24
1305,2025-10-16,Chandigarh,Paid Social,Male,18-24
1306,2025-07-06,Bhopal,Affiliate,Male,25-34
1307,2024-12-17,Chennai,Organic Search,Other,45-54
1308,2025-06-17,Indore,Referral,Female,25-34
1309,2025-05-25,Chennai,Email,Male,45-54
1310,2024-11-06,Bhopal,Organic Search,Male,45-54
1311,2025-03-26,Jaipur,Direct,Male,18-24
1312,2024-12-12,Bhopal,Direct,Female,25-34
1313,2025-07-20,Lucknow,Affiliate,Female,25-34
1314,2025-01-28,Delhi,Paid Social,Female,18-24
1315,2024-12-13,Ahmedabad,Direct,Male,35-44
1316,2024-11-18,Chandigarh,Paid Social,Male,45-54
1317,2025-06-01,Bengaluru,Paid Social,Female,35-44
1318,2025-01-16,Bengaluru,Organic Search,Male,25-34
1319,2025-08-26,Hyderabad,Direct,Male,45-54
1320,2025-03-30,Gorakhpur,Organic Search,Female,45-54
1321,2024-11-07,Gorakhpur,Organic Search,Other,25-34
1322,2024-11-16,Jaipur,Organic Search,Male,25-34
1323,2024-12-13,Indore,Organic Search,Female,25-34
1324,2025-07-11,Delhi,Paid Social,Male,35-44
1325,2024-12-28,Gorakhpur,Paid Search,Female,45-54
1326,2024-11-08,Kolkata,Referral,Female,45-54
1327,2025-02-23,Indore,Paid Search,Female,25-34
1328,2025-09-06,Bengaluru,Affiliate,Male,45-54
1329,2025-09-27,Bhopal,Affiliate,Female,25-34
1330,2025-04-14,Kolkata,Organic Search,Female,45-54
1331,2024-12-27,Ahmedabad,Paid Search,Female,25-34
1332,2025-07-07,Bhopal,Organic Search,Female,18-24
1333,2025-10-01,Chennai,Direct,Female,45-54
1334,2025-11-21,Chennai,Referral,Female,35-44
1335,2025-05-28,Kolkata,Paid Search,Male,18-24
1336,2025-02-01,Hyderabad,Paid Search,Male,35-44
1337,2025-08-08,Chennai,Affiliate,Female,45-54
1338,2025-05-25,Bengaluru,Paid Social,Male,45-54
1339,2025-07-19,Bengaluru,Paid Social,Male,35-44
1340,2025-05-23,Indore,Direct,Male,25-34
1341,2024-12-20,Gorakhpur,Paid Search,Female,25-34
1342,2025-05-08,Kochi,Referral,Female,18-24
1343,2025-08-08,Bhopal,Direct,Female,18-24
1344,2025-03-29,Kolkata,Organic Search,Female,45-54
1345,2024-12-18,Jaipur,Paid Social,Male,45-54
1346,2025-04-30,Chandigarh,Direct,Male,18-24
1347,2024-11-13,Chandigarh,Paid Search,Female,25-34
1348,2024-12-23,Indore,Organic Search,Female,35-44
1349,2024-11-01,Ahmedabad,Organic Search,Female,18-24
1350,2025-08-09,Kolkata,Paid Social,Male,45-54
1351,2024-11-26,Indore,Paid Social,Female,45-54
1352,2024-11-28,Ahmedabad,Referral,Male,25-34
1353,2024-11-29,Delhi,Organic Search,Male,25-34
1354,2024-12-20,Kolkata,Email,Female,18-24
1355,2025-10-06,Pune,Organic Search,Female,18-24
1356,2024-12-25,Lucknow,Paid Social,Female,45-54
1357,2025-06-14,Bengaluru,Organic Search,Female,18-24
1358,2025-06-10,Bengaluru,Affiliate,Female,18-24
1359,2025-01-28,Chandigarh,Paid Search,Female,45-54
1360,2025-03-09,Kolkata,Paid Social,Female,35-44
1361,2025-12-30,Chennai,Affiliate,Male,45-54
1362,2025-05-13,Kochi,Referral,Female,18-24
1363,2024-11-01,Kolkata,Email,Male,25-34
1364,2024-11-02,Jaipur,Organic Search,Female,25-34
1365,2025-01-26,Gorakhpur,Direct,Male,45-54
1366,2025-06-07,Gorakhpur,Organic Search,Male,35-44
1367,2024-11-01,Bengaluru,Paid Social,Male,35-44
1368,2025-06-17,Ahmedabad,Paid Social,Female,18-24
1369,2025-01-18,Bhopal,Referral,Female,18-24
1370,2025-07-18,Hyderabad,Paid Social,Male,18-24
1371,2024-11-16,Pune,Affiliate,Male,45-54
1372,2024-11-25,Mumbai,Paid Search,Female,25-34
1373,2024-12-15,Gorakhpur,Organic Search,Male,18-24
1374,2025-02-21,Delhi,Direct,Male,35-44
1375,2025-10-27,Hyderabad,Affiliate,Male,45-54
1376,2025-11-28,Gorakhpur,Direct,Female,45-54
1377,2024-11-10,Kochi,Direct,Female,18-24
1378,2025-05-30,Indore,Paid Social,Male,45-54
1379,2025-06-04,Kochi,Affiliate,Female,25-34
1380,2024-12-09,Mumbai,Organic Search,Female,35-44
1381,2025-07-21,Indore,Referral,Male,35-44
1382,2024-11-16,Kolkata,Paid Social,Male,18-24
1383,2025-01-05,Hyderabad,Paid Search,Male,45-54
1384,2025-01-08,Gorakhpur,Paid Social,Male,25-34
1385,2025-03-30,Hyderabad,Direct,Female,18-24
1386,2025-04-07,Delhi,Paid Search,Male,35-44
1387,2025-09-16,Ahmedabad,Paid Search,Female,35-44
1388,2024-11-20,Chandigarh,Direct,Male,18-24
1389,2025-05-07,Indore,Paid Social,Female,45-54
1390,2025-05-23,Pune,Organic Search,Male,45-54
1391,2024-11-05,Delhi,Affiliate,Male,25-34
1392,2025-09-23,Hyderabad,Referral,Male,18-24
1393,2025-11-09,Kochi,Affiliate,Female,45-54
1394,2025-01-01,Bhopal,Affiliate,Male,18-24
1395,2025-04-12,Gorakhpur,Paid Social,Female,35-44
1396,2025-07-31,Jaipur,Paid Social,Male,35-44
1397,2025-06-27,Kochi,Organic Search,Male,18-24
1398,2024-11-17,Lucknow,Affiliate,Male,18-24
1399,2025-09-24,Ahmedabad,Direct,Male,25-34
1400,2025-02-24,Bhopal,Paid Search,Female,25-34
1401,2025-08-27,Gorakhpur,Organic Search,Female,18-24
1402,2025-06-17,Delhi,Referral,Female,45-54
1403,2025-06-18,Bengaluru,Organic Search,Female,45-54
1404,2024-11-28,Jaipur,Organic Search,Male,45-54
1405,2025-12-10,Kolkata,Direct,Female,18-24
1406,2024-12-14,Indore,Paid Search,Male,25-34
1407,2025-06-03,Indore,Paid Social,Other,18-24
1408,2025-08-12,Gorakhpur,Email,Female,45-54
1409,2025-01-25,Mumbai,Organic Search,Female,25-34
1410,2024-11-02,Lucknow,Paid Search,Female,18-24
1411,2025-08-22,Ahmedabad,Organic Search,Other,45-54
1412,2025-01-01,Chennai,Organic Search,Female,25-34
1413,2025-02-09,Kolkata,Direct,Male,45-54
1414,2024-11-06,Jaipur,Affiliate,Male,18-24
1415,2025-07-29,Gorakhpur,Organic Search,Male,25-34
1416,2025-10-02,Bengaluru,Direct,Male,35-44
1417,2024-11-15,Hyderabad,Organic Search,Male,18-24
1418,2025-04-19,Bengaluru,Email,Female,18-24
1419,2025-03-23,Jaipur,Paid Social,Female,18-24
1420,2024-12-16,Jaipur,Organic Search,Male,35-44
1421,2025-06-07,Lucknow,Paid Search,Female,35-44
1422,2025-03-31,Chennai,Referral,Male,25-34
1423,2025-06-22,Bengaluru,Direct,Female,25-34
1424,2024-11-19,Hyderabad,Email,Male,25-34
1425,2025-05-03,Indore,Paid Social,Male,18-24
1426,2025-04-13,Gorakhpur,Paid Social,Male,45-54
1427,2025-03-02,Gorakhpur,Referral,Female,25-34
1428,2025-04-06,Indore,Organic Search,Female,25-34
1429,2025-07-07,Gorakhpur,Paid Search,Male,25-34
1430,2025-02-14,Chandigarh,Organic Search,Female,18-24
1431,2025-12-06,Pune,Paid Social,Female,18-24
1432,2025-06-20,Chennai,Paid Social,Male,35-44
1433,2025-10-31,Delhi,Affiliate,Male,25-34
1434,2024-12-24,Hyderabad,Organic Search,Female,18-24
1435,2025-08-15,Jaipur,Organic Search,Male,35-44
1436,2025-05-02,Mumbai,Affiliate,Female,35-44
1437,2025-04-14,Bhopal,Direct,Female,35-44
1438,2025-11-25,Chennai,Paid Social,Male,45-54
1439,2025-03-10,Bengaluru,Organic Search,Male,25-34
1440,2025-06-06,Lucknow,Organic Search,Male,18-24
1441,2025-11-06,Chennai,Direct,Male,25-34
1442,2025-06-17,Ahmedabad,Paid Social,Female,35-44
1443,2025-08-24,Pune,Paid Search,Male,25-34
1444,2025-01-03,Pune,Email,Female,35-44
1445,2025-09-21,Mumbai,Direct,Male,18-24
1446,2024-11-24,Indore,Organic Search,Female,45-54
1447,2025-08-30,Kolkata,Organic Search,Male,25-34
1448,2025-03-12,Gorakhpur,Paid Search,Male,18-24
1449,2025-02-09,Bhopal,Direct,Male,18-24
1450,2025-07-07,Indore,Direct,Female,18-24
1451,2025-05-11,Gorakhpur,Referral,Male,25-34
1452,2024-11-27,Delhi,Paid Social,Female,18-24
1453,2025-02-16,Chennai,Paid Social,Male,35-44
1454,2025-11-04,Jaipur,Paid Social,Male,18-24
1455,2024-12-29,Pune,Paid Search,Female,45-54
1456,2024-12-08,Bhopal,Paid Social,Male,18-24
1457,2025-11-17,Kochi,Email,Female,35-44
1458,2024-11-01,Pune,Paid Search,Female,18-24
1459,2025-01-19,Kolkata,Direct,Female,18-24
1460,2025-02-19,Jaipur,Organic Search,Female,25-34
1461,2025-02-11,Bengaluru,Email,Female,35-44
1462,2024-12-10,Pune,Paid Social,Female,25-34
1463,2025-04-06,Ahmedabad,Paid Social,Male,45-54
1464,2024-11-24,Kolkata,Paid Social,Female,25-34
1465,2024-11-13,Delhi,Paid Social,Female,35-44
1466,2025-10-26,Hyderabad,Organic Search,Male,35-44
1467,2024-11-15,Ahmedabad,Paid Search,Male,25-34
1468,2025-01-10,Bhopal,Affiliate,Female,45-54
1469,2024-11-17,Chandigarh,Referral,Female,25-34
1470,2025-01-17,Gorakhpur,Organic Search,Female,35-44
1471,2025-02-19,Bengaluru,Paid Search,Female,35-44
1472,2024-12-27,Kolkata,Organic Search,Female,25-34
1473,2025-07-15,Pune,Organic Search,Male,35-44
1474,2025-12-27,Kochi,Paid Social,Female,45-54
1475,2025-07-02,Indore,Affiliate,Male,25-34
1476,2024-11-30,Gorakhpur,Email,Male,25-34
1477,2024-11-15,Pune,Paid Social,Other,25-34
1478,2025-02-17,Mumbai,Direct,Male,45-54
1479,2025-02-09,Gorakhpur,Paid Social,Other,25-34
1480,2025-01-14,Jaipur,Paid Search,Female,18-24
1481,2025-01-03,Pune,Paid Social,Male,45-54
1482,2024-12-16,Delhi,Email,Female,18-24
1483,2025-06-07,Pune,Paid Social,Female,18-24
1484,2025-02-19,Ahmedabad,Paid Social,Female,35-44
1485,2024-11-13,Gorakhpur,Direct,Male,25-34
1486,2025-01-12,Chennai,Direct,Male,35-44
1487,2024-12-13,Lucknow,Paid Social,Female,18-24
1488,2024-11-17,Mumbai,Direct,Female,25-34
1489,2024-12-01,Mumbai,Paid Search,Female,35-44
1490,2025-01-02,Chandigarh,Paid Search,Female,25-34
1491,2024-11-03,Jaipur,Organic Search,Male,35-44
1492,2025-10-22,Indore,Paid Search,Female,45-54
1493,2024-11-06,Bhopal,Paid Social,Male,18-24
1494,2024-11-25,Delhi,Paid Social,Female,18-24
1495,2025-08-22,Indore,Direct,Male,45-54
1496,2025-06-20,Mumbai,Email,Female,45-54
1497,2025-04-19,Lucknow,Paid Social,Female,25-34
1498,2024-11-01,Lucknow,Paid Search,Male,45-54
1499,2025-03-22,Pune,Direct,Female,25-34
1500,2024-12-31,Mumbai,Paid Social,Female,18-24
1501,2025-04-05,Gorakhpur,Paid Social,Female,35-44
1502,2025-11-12,Chandigarh,Paid Social,Female,25-34
1503,2025-12-23,Mumbai,Organic Search,Female,35-44
1504,2025-05-24,Chennai,Referral,Female,35-44
1505,2025-07-11,Lucknow,Paid Social,Female,18-24
1506,2025-05-20,Chennai,Organic Search,Female,35-44
1507,2024-11-27,Jaipur,Referral,Male,18-24
1508,2025-07-11,Gorakhpur,Direct,Female,25-34
1509,2025-09-04,Pune,Paid Social,Female,45-54
1510,2024-11-22,Indore,Paid Social,Female,25-34
1511,2025-10-27,Delhi,Organic Search,Female,25-34
1512,2024-11-30,Indore,Paid Search,Female,35-44
1513,2024-11-01,Delhi,Organic Search,Male,25-34
1514,2024-11-06,Hyderabad,Organic Search,Female,45-54
1515,2024-11-11,Indore,Paid Search,Male,18-24
1516,2025-05-09,Bengaluru,Paid Social,Female,18-24
1517,2025-08-03,Bengaluru,Direct,Female,18-24
1518,2024-12-22,Lucknow,Referral,Female,18-24
1519,2025-12-02,Indore,Organic Search,Male,18-24
1520,2024-12-03,Lucknow,Paid Search,Male,25-34
1521,2025-01-04,Hyderabad,Paid Search,Female,35-44
1522,2025-05-21,Kochi,Organic Search,Female,35-44
1523,2024-11-12,Kolkata,Email,Female,25-34
1524,2024-11-02,Delhi,Paid Search,Female,35-44
1525,2024-12-10,Kolkata,Email,Male,18-24
1526,2025-03-17,Hyderabad,Referral,Female,35-44
1527,2025-01-21,Mumbai,Direct,Female,18-24
1528,2025-10-23,Delhi,Direct,Female,35-44
1529,2025-05-07,Delhi,Direct,Male,35-44
1530,2025-05-20,Bhopal,Paid Social,Female,45-54
1531,2025-06-08,Chandigarh,Referral,Male,18-24
1532,2025-08-18,Delhi,Email,Male,25-34
1533,2025-01-08,Indore,Paid Social,Male,45-54
1534,2025-09-03,Kolkata,Organic Search,Male,35-44
1535,2024-11-20,Delhi,Paid Social,Female,45-54
1536,2025-01-20,Ahmedabad,Paid Search,Male,45-54
1537,2025-05-08,Delhi,Direct,Male,25-34
1538,2025-01-31,Jaipur,Paid Search,Female,25-34
1539,2025-02-01,Kolkata,Paid Search,Female,25-34
1540,2025-06-30,Bengaluru,Paid Social,Female,18-24
1541,2025-01-23,Delhi,Paid Search,Male,18-24
1542,2025-11-02,Kochi,Paid Social,Male,25-34
1543,2024-12-31,Kochi,Organic Search,Male,45-54
1544,2024-12-15,Bengaluru,Affiliate,Male,18-24
1545,2025-12-05,Kolkata,Direct,Male,45-54
1546,2025-01-27,Gorakhpur,Direct,Male,45-54
1547,2025-09-16,Bengaluru,Email,Female,25-34
1548,2024-11-08,Lucknow,Organic Search,Male,45-54
1549,2024-11-21,Indore,Organic Search,Female,35-44
1550,2025-03-08,Ahmedabad,Direct,Male,18-24
1551,2024-12-28,Bhopal,Organic Search,Male,25-34
1552,2025-03-22,Kochi,Organic Search,Female,45-54
1553,2025-04-15,Bhopal,Affiliate,Male,35-44
1554,2025-07-04,Delhi,Paid Search,Female,18-24
1555,2025-03-30,Delhi,Referral,Male,45-54
1556,2025-05-17,Delhi,Organic Search,Male,18-24
1557,2025-09-04,Chennai,Paid Search,Male,45-54
1558,2025-09-10,Chandigarh,Organic Search,Female,45-54
1559,2024-12-02,Mumbai,Organic Search,Female,35-44
1560,2024-11-02,Jaipur,Paid Social,Female,25-34
1561,2025-05-06,Pune,Affiliate,Female,25-34
1562,2025-05-27,Pune,Organic Search,Female,18-24
1563,2025-04-19,Bengaluru,Affiliate,Female,18-24
1564,2025-11-23,Chennai,Organic Search,Male,45-54
1565,2025-03-21,Kolkata,Paid Social,Male,25-34
1566,2025-06-30,Kolkata,Organic Search,Male,18-24
1567,2025-03-22,Bengaluru,Affiliate,Male,45-54
1568,2025-03-11,Bengaluru,Email,Female,25-34
1569,2025-06-19,Gorakhpur,Organic Search,Female,25-34
1570,2025-10-16,Gorakhpur,Affiliate,Female,25-34
1571,2025-12-26,Indore,Paid Search,Male,35-44
1572,2025-02-26,Pune,Organic Search,Female,45-54
1573,2024-11-03,Gorakhpur,Direct,Female,25-34
1574,2025-12-28,Delhi,Direct,Male,45-54
1575,2024-11-11,Chandigarh,Organic Search,Male,18-24
1576,2025-03-20,Delhi,Paid Search,Male,25-34
1577,2024-11-06,Chennai,Paid Search,Female,25-34
1578,2025-07-05,Ahmedabad,Paid Search,Male,45-54
1579,2025-06-02,Mumbai,Organic Search,Male,45-54
1580,2024-11-03,Kolkata,Email,Female,25-34
1581,2025-02-23,Lucknow,Paid Search,Male,35-44
1582,2024-11-08,Ahmedabad,Paid Social,Female,18-24
1583,2025-05-18,Indore,Direct,Male,18-24
1584,2024-11-22,Kolkata,Organic Search,Female,45-54
1585,2025-09-27,Kochi,Paid Social,Female,18-24
1586,2025-01-18,Jaipur,Paid Search,Male,45-54
1587,2024-11-13,Mumbai,Organic Search,Male,45-54
1588,2025-08-06,Chennai,Organic Search,Female,35-44
1589,2025-12-28,Indore,Paid Search,Male,18-24
1590,2024-12-25,Delhi,Organic Search,Male,25-34
1591,2025-05-28,Bengaluru,Paid Social,Other,45-54
1592,2024-11-06,Chandigarh,Affiliate,Female,45-54
1593,2024-12-06,Bengaluru,Organic Search,Male,45-54
1594,2024-12-23,Mumbai,Direct,Female,35-44
1595,2025-02-09,Indore,Paid Social,Female,45-54
1596,2025-04-01,Pune,Direct,Female,18-24
1597,2024-11-10,Chennai,Email,Male,35-44
1598,2024-11-24,Kolkata,Paid Social,Female,25-34
1599,2025-12-07,Bhopal,Paid Search,Male,45-54
1600,2025-09-08,Bhopal,Paid Search,Male,18-24
1601,2025-07-11,Delhi,Paid Search,Female,35-44
1602,2024-11-01,Bhopal,Email,Female,35-44
1603,2024-11-14,Kolkata,Referral,Female,18-24
1604,2025-12-23,Kochi,Referral,Female,45-54
1605,2025-05-27,Bengaluru,Paid Search,Female,25-34
1606,2025-02-15,Delhi,Paid Search,Male,25-34
1607,2025-01-18,Gorakhpur,Referral,Male,18-24
1608,2025-01-26,Pune,Paid Social,Male,18-24
1609,2025-06-28,Ahmedabad,Direct,Female,35-44
1610,2025-01-20,Jaipur,Paid Search,Male,35-44
1611,2024-11-14,Kolkata,Organic Search,Female,25-34
1612,2025-04-09,Kochi,Paid Social,Male,45-54
1613,2025-05-25,Bhopal,Direct,Male,18-24
1614,2025-12-27,Mumbai,Affiliate,Female,18-24
1615,2025-05-15,Ahmedabad,Paid Social,Male,18-24
1616,2025-05-24,Chandigarh,Paid Search,Female,35-44
1617,2025-09-25,Chandigarh,Organic Search,Female,45-54
1618,2024-11-14,Mumbai,Email,Female,45-54
1619,2025-02-12,Indore,Affiliate,Male,45-54
1620,2024-11-01,Hyderabad,Paid Social,Female,35-44
1621,2025-10-13,Kochi,Paid Social,Male,45-54
1622,2025-06-14,Bhopal,Organic Search,Female,18-24
1623,2024-11-02,Kochi,Affiliate,Male,35-44
1624,2025-01-13,Kolkata,Referral,Female,45-54
1625,2024-12-01,Kochi,Direct,Female,45-54
1626,2024-11-17,Indore,Direct,Female,35-44
1627,2025-03-29,Mumbai,Paid Search,Male,25-34
1628,2025-03-23,Chandigarh,Direct,Female,35-44
1629,2025-09-16,Chennai,Organic Search,Female,18-24
1630,2024-11-02,Chandigarh,Organic Search,Male,18-24
1631,2025-05-16,Mumbai,Paid Search,Male,18-24
1632,2025-07-22,Ahmedabad,Organic Search,Male,35-44
1633,2024-11-29,Hyderabad,Direct,Female,25-34
1634,2025-07-13,Kolkata,Affiliate,Male,18-24
1635,2024-12-24,Gorakhpur,Referral,Female,18-24
1636,2024-11-13,Mumbai,Email,Female,35-44
1637,2024-12-20,Mumbai,Organic Search,Female,35-44
1638,2025-11-03,Mumbai,Organic Search,Female,18-24
1639,2025-02-12,Gorakhpur,Paid Search,Female,45-54
1640,2025-01-28,Bhopal,Paid Social,Female,25-34
1641,2024-11-28,Delhi,Organic Search,Male,18-24
1642,2024-11-14,Chennai,Paid Social,Female,18-24
1643,2024-11-23,Bhopal,Direct,Female,18-24
1644,2025-04-06,Chandigarh,Paid Search,Female,35-44
1645,2024-11-14,Chennai,Organic Search,Female,18-24
1646,2025-07-14,Pune,Referral,Female,25-34
1647,2025-11-29,Jaipur,Paid Social,Male,45-54
1648,2025-07-24,Jaipur,Paid Search,Male,25-34
1649,2024-12-17,Kochi,Organic Search,Male,35-44
1650,2025-12-05,Chandigarh,Organic Search,Male,35-44
1651,2024-11-24,Indore,Organic Search,Female,45-54
1652,2025-02-16,Kochi,Direct,Female,18-24
1653,2025-05-11,Lucknow,Paid Search,Female,18-24
1654,2025-02-27,Jaipur,Email,Female,45-54
1655,2024-12-30,Gorakhpur,Affiliate,Male,35-44
1656,2025-02-06,Chandigarh,Organic Search,Female,25-34
1657,2025-01-22,Gorakhpur,Organic Search,Female,25-34
1658,2025-08-13,Chennai,Organic Search,Male,35-44
1659,2024-12-07,Chennai,Paid Search,Male,18-24
1660,2025-02-01,Jaipur,Direct,Female,35-44
1661,2025-07-08,Chandigarh,Referral,Male,18-24
1662,2025-04-24,Gorakhpur,Direct,Male,35-44
1663,2025-09-02,Bengaluru,Organic Search,Male,45-54
1664,2024-11-04,Mumbai,Paid Social,Female,25-34
1665,2025-05-08,Hyderabad,Paid Search,Male,35-44
1666,2024-11-01,Lucknow,Affiliate,Other,45-54
1667,2024-12-27,Kolkata,Affiliate,Female,18-24
1668,2025-01-14,Ahmedabad,Organic Search,Female,45-54
1669,2025-07-12,Chandigarh,Paid Social,Female,18-24
1670,2025-04-16,Lucknow,Paid Social,Female,35-44
1671,2025-06-27,Kochi,Paid Search,Male,18-24
1672,2025-09-20,Mumbai,Referral,Female,18-24
1673,2025-09-09,Chennai,Organic Search,Male,45-54
1674,2024-12-10,Indore,Organic Search,Male,35-44
1675,2025-09-04,Bengaluru,Paid Search,Male,18-24
1676,2024-12-20,Mumbai,Affiliate,Female,35-44
1677,2024-11-07,Lucknow,Paid Social,Male,45-54
1678,2024-12-23,Delhi,Organic Search,Male,18-24
1679,2024-11-16,Chandigarh,Email,Male,45-54
1680,2025-05-26,Jaipur,Direct,Female,45-54
1681,2025-06-08,Chennai,Referral,Male,45-54
1682,2024-12-10,Pune,Paid Social,Male,35-44
1683,2025-04-17,Gorakhpur,Email,Male,25-34
1684,2025-06-26,Ahmedabad,Organic Search,Female,18-24
1685,2025-06-13,Kolkata,Paid Search,Female,18-24
1686,2025-01-15,Chandigarh,Affiliate,Female,35-44
1687,2025-08-02,Ahmedabad,Paid Social,Male,18-24
1688,2025-11-04,Chennai,Organic Search,Female,45-54
1689,2025-10-05,Chandigarh,Paid Search,Female,18-24
1690,2024-12-25,Pune,Organic Search,Male,18-24
1691,2024-11-20,Indore,Email,Female,18-24
1692,2025-10-22,Bengaluru,Organic Search,Female,45-54
1693,2025-01-19,Jaipur,Organic Search,Female,45-54
1694,2024-12-06,Kolkata,Paid Social,Female,18-24
1695,2025-02-23,Bengaluru,Paid Social,Male,45-54
1696,2024-12-01,Delhi,Organic Search,Male,45-54
1697,2025-03-29,Bengaluru,Organic Search,Male,18-24
1698,2024-12-08,Bengaluru,Organic Search,Male,25-34
1699,2024-11-06,Hyderabad,Organic Search,Male,45-54
1700,2025-02-03,Indore,Organic Search,Male,35-44
1701,2025-03-19,Hyderabad,Organic Search,Female,35-44
1702,2025-07-02,Bengaluru,Paid Social,Female,45-54
1703,2025-07-21,Indore,Email,Female,35-44
1704,2025-06-19,Chennai,Organic Search,Male,25-34
1705,2025-12-05,Kolkata,Direct,Female,25-34
1706,2025-12-13,Delhi,Email,Male,18-24
1707,2025-05-04,Lucknow,Referral,Female,25-34
1708,2025-03-09,Bengaluru,Organic Search,Male,35-44
1709,2025-09-15,Delhi,Paid Search,Male,18-24
1710,2024-11-11,Chennai,Affiliate,Female,35-44
1711,2025-12-24,Ahmedabad,Paid Social,Female,45-54
1712,2024-11-01,Indore,Paid Social,Female,45-54
1713,2024-11-13,Indore,Direct,Male,25-34
1714,2025-12-16,Gorakhpur,Email,Other,35-44
1715,2025-03-20,Indore,Paid Social,Male,45-54
1716,2025-01-22,Hyderabad,Direct,Male,45-54
1717,2025-05-27,Bhopal,Referral,Male,45-54
1718,2025-12-22,Delhi,Email,Female,35-44
1719,2025-10-18,Kolkata,Paid Social,Male,35-44
1720,2025-01-05,Jaipur,Organic Search,Male,18-24
1721,2025-02-20,Chandigarh,Paid Search,Male,35-44
1722,2024-11-13,Bhopal,Organic Search,Male,45-54
1723,2025-06-18,Pune,Paid Search,Male,25-34
1724,2025-01-03,Chandigarh,Paid Social,Female,45-54
1725,2024-11-03,Lucknow,Paid Social,Female,45-54
1726,2025-01-03,Gorakhpur,Paid Search,Male,18-24
1727,2024-12-17,Pune,Paid Social,Male,25-34
1728,2025-11-29,Delhi,Direct,Other,25-34
1729,2025-02-19,Pune,Email,Female,45-54
1730,2025-11-16,Gorakhpur,Paid Social,Male,45-54
1731,2025-02-06,Bhopal,Email,Female,35-44
1732,2025-05-06,Kolkata,Organic Search,Male,35-44
1733,2025-08-28,Chandigarh,Organic Search,Female,25-34
1734,2025-02-13,Pune,Organic Search,Female,45-54
1735,2025-04-11,Bhopal,Paid Social,Male,18-24
1736,2024-11-18,Chennai,Paid Search,Female,35-44
1737,2025-03-07,Kolkata,Paid Search,Male,45-54
1738,2024-11-02,Chandigarh,Paid Search,Female,25-34
1739,2025-05-15,Hyderabad,Paid Social,Male,35-44
1740,2024-11-16,Lucknow,Paid Search,Male,18-24
1741,2025-07-30,Kolkata,Paid Social,Male,45-54
1742,2025-08-29,Ahmedabad,Email,Male,18-24
1743,2024-11-05,Gorakhpur,Affiliate,Female,18-24
1744,2025-09-07,Indore,Paid Search,Female,18-24
1745,2024-11-15,Jaipur,Paid Search,Male,18-24
1746,2025-06-30,Jaipur,Paid Search,Male,45-54
1747,2024-11-18,Gorakhpur,Email,Male,35-44
1748,2025-05-22,Bhopal,Direct,Female,45-54
1749,2025-05-19,Mumbai,Organic Search,Female,18-24
1750,2025-03-30,Mumbai,Paid Social,Female,45-54
1751,2025-02-03,Pune,Email,Female,25-34
1752,2025-09-06,Jaipur,Affiliate,Female,45-54
1753,2025-09-30,Kolkata,Direct,Female,18-24
1754,2024-11-29,Gorakhpur,Affiliate,Female,25-34
1755,2025-03-10,Gorakhpur,Paid Social,Female,45-54
1756,2025-01-25,Kolkata,Paid Social,Male,18-24
1757,2025-03-05,Delhi,Affiliate,Female,45-54
1758,2024-11-15,Lucknow,Paid Social,Female,45-54
1759,2024-11-03,Delhi,Email,Female,45-54
1760,2024-12-25,Chennai,Referral,Female,25-34
1761,2025-01-18,Kolkata,Direct,Female,25-34
1762,2025-06-05,Indore,Paid Social,Male,45-54
1763,2025-07-07,Pune,Affiliate,Male,35-44
1764,2025-11-10,Kochi,Organic Search,Male,45-54
1765,2025-12-05,Delhi,Direct,Male,35-44
1766,2024-11-17,Lucknow,Paid Social,Female,45-54
1767,2024-11-06,Indore,Organic Search,Female,18-24
1768,2025-06-10,Gorakhpur,Paid Search,Female,25-34
1769,2025-12-18,Indore,Affiliate,Male,18-24
1770,2025-10-25,Bhopal,Organic Search,Female,45-54
1771,2025-11-09,Pune,Organic Search,Female,18-24
1772,2025-02-23,Gorakhpur,Paid Social,Male,25-34
1773,2025-01-09,Kolkata,Direct,Female,25-34
1774,2024-12-02,Gorakhpur,Paid Search,Female,25-34
1775,2025-07-22,Jaipur,Paid Search,Male,25-34
1776,2024-11-09,Gorakhpur,Organic Search,Female,18-24
1777,2025-08-31,Chennai,Email,Male,18-24
1778,2025-01-15,Bhopal,Direct,Male,45-54
1779,2024-11-30,Kochi,Organic Search,Female,35-44
1780,2025-01-21,Kochi,Email,Female,18-24
1781,2025-02-22,Kochi,Direct,Female,18-24
1782,2024-11-16,Mumbai,Paid Search,Female,25-34
1783,2024-11-04,Bengaluru,Paid Search,Female,35-44
1784,2025-11-09,Indore,Paid Social,Female,25-34
1785,2025-12-09,Lucknow,Organic Search,Female,35-44
1786,2025-02-06,Indore,Organic Search,Male,45-54
1787,2025-11-18,Gorakhpur,Referral,Female,35-44
1788,2025-02-15,Bhopal,Organic Search,Male,25-34
1789,2024-12-04,Chennai,Affiliate,Male,18-24
1790,2024-12-13,Lucknow,Organic Search,Male,18-24
1791,2025-01-17,Kolkata,Organic Search,Male,18-24
1792,2025-10-18,Delhi,Paid Search,Female,18-24
1793,2024-11-12,Hyderabad,Paid Search,Male,45-54
1794,2025-03-11,Bhopal,Affiliate,Male,18-24
1795,2025-11-15,Chandigarh,Organic Search,Male,45-54
1796,2025-06-19,Jaipur,Direct,Female,45-54
1797,2025-08-05,Kolkata,Direct,Male,25-34
1798,2024-11-14,Lucknow,Organic Search,Other,35-44
1799,2025-01-19,Bhopal,Paid Social,Female,25-34
1800,2024-11-10,Kolkata,Organic Search,Male,18-24
1801,2025-12-24,Indore,Organic Search,Female,18-24
1802,2024-11-07,Delhi,Organic Search,Female,35-44
1803,2025-01-19,Hyderabad,Direct,Other,25-34
1804,2025-05-10,Mumbai,Paid Search,Male,18-24
1805,2024-12-17,Ahmedabad,Paid Search,Male,35-44
1806,2025-10-24,Ahmedabad,Email,Male,35-44
1807,2025-08-13,Gorakhpur,Paid Social,Female,35-44
1808,2025-01-08,Mumbai,Paid Search,Female,45-54
1809,2025-07-02,Pune,Direct,Female,25-34
1810,2025-09-19,Pune,Paid Search,Male,25-34
1811,2024-11-15,Chandigarh,Direct,Female,25-34
1812,2025-06-28,Ahmedabad,Direct,Male,18-24
1813,2025-03-20,Pune,Organic Search,Male,35-44
1814,2025-09-10,Pune,Organic Search,Male,45-54
1815,2025-03-19,Kolkata,Email,Female,25-34
1816,2024-12-04,Kolkata,Organic Search,Female,35-44
1817,2024-11-02,Bhopal,Affiliate,Female,35-44
1818,2025-11-09,Chandigarh,Email,Male,25-34
1819,2025-07-31,Kochi,Paid Social,Male,45-54
1820,2025-08-15,Chandigarh,Email,Female,18-24
1821,2025-04-14,Bhopal,Referral,Male,45-54
1822,2025-02-16,Chandigarh,Direct,Female,25-34
1823,2025-12-04,Bhopal,Paid Search,Female,18-24
1824,2024-12-26,Pune,Direct,Female,25-34
1825,2025-08-08,Lucknow,Paid Social,Female,35-44
1826,2025-01-23,Chandigarh,Direct,Male,18-24
1827,2024-11-16,Chennai,Paid Search,Male,25-34
1828,2025-02-24,Bengaluru,Organic Search,Female,35-44
1829,2025-03-12,Hyderabad,Affiliate,Female,18-24
1830,2024-12-25,Chennai,Direct,Male,45-54
1831,2024-11-28,Pune,Affiliate,Female,45-54
1832,2024-11-16,Delhi,Direct,Male,18-24
1833,2024-12-12,Delhi,Direct,Male,45-54
1834,2025-04-27,Indore,Organic Search,Female,35-44
1835,2025-12-14,Kochi,Organic Search,Male,35-44
1836,2025-04-08,Hyderabad,Organic Search,Female,18-24
1837,2025-03-24,Mumbai,Organic Search,Female,35-44
1838,2025-04-23,Gorakhpur,Affiliate,Female,45-54
1839,2025-10-10,Chennai,Organic Search,Male,35-44
1840,2025-01-13,Gorakhpur,Paid Social,Female,35-44
1841,2025-05-18,Bengaluru,Organic Search,Female,25-34
1842,2025-11-02,Lucknow,Organic Search,Female,35-44
1843,2025-03-26,Jaipur,Affiliate,Male,35-44
1844,2025-11-20,Lucknow,Paid Social,Female,25-34
1845,2025-01-30,Mumbai,Referral,Male,25-34
1846,2025-04-20,Gorakhpur,Referral,Male,45-54
1847,2025-04-08,Bhopal,Organic Search,Female,18-24
1848,2025-05-11,Jaipur,Direct,Female,35-44
1849,2024-12-02,Bhopal,Paid Search,Female,25-34
1850,2025-08-24,Hyderabad,Referral,Female,18-24
1851,2025-06-25,Bhopal,Paid Search,Female,18-24
1852,2025-01-19,Bhopal,Paid Search,Female,45-54
1853,2025-05-10,Kolkata,Paid Search,Female,25-34
1854,2025-11-11,Bhopal,Paid Social,Female,25-34
1855,2025-05-10,Chennai,Affiliate,Female,18-24
1856,2025-02-10,Delhi,Paid Search,Male,25-34
1857,2025-10-25,Bengaluru,Email,Female,45-54
1858,2024-12-21,Bhopal,Paid Search,Female,18-24
1859,2024-11-16,Kolkata,Organic Search,Female,25-34
1860,2025-12-24,Kochi,Organic Search,Female,45-54
1861,2025-10-28,Kolkata,Paid Social,Male,25-34
1862,2025-07-05,Bhopal,Organic Search,Male,35-44
1863,2025-05-03,Indore,Direct,Female,35-44
1864,2025-11-27,Gorakhpur,Email,Female,45-54
1865,2024-12-29,Delhi,Paid Search,Male,18-24
1866,2024-11-21,Lucknow,Organic Search,Female,45-54
1867,2025-01-30,Jaipur,Paid Search,Male,35-44
1868,2025-11-24,Pune,Organic Search,Female,18-24
1869,2025-04-20,Lucknow,Email,Female,45-54
1870,2024-12-28,Chandigarh,Paid Social,Female,25-34
1871,2024-11-03,Bhopal,Referral,Other,25-34
1872,2025-02-19,Bhopal,Paid Social,Male,18-24
1873,2025-01-18,Pune,Organic Search,Female,45-54
1874,2024-12-09,Bhopal,Organic Search,Female,18-24
1875,2025-11-10,Delhi,Direct,Female,25-34
1876,2024-11-02,Bhopal,Email,Female,25-34
1877,2024-11-01,Bengaluru,Affiliate,Female,35-44
1878,2025-11-22,Indore,Paid Search,Female,25-34
1879,2025-09-13,Mumbai,Paid Social,Male,18-24
1880,2025-02-25,Pune,Paid Search,Female,25-34
1881,2025-12-26,Mumbai,Direct,Male,18-24
1882,2025-07-23,Mumbai,Paid Social,Female,35-44
1883,2024-12-25,Jaipur,Direct,Male,18-24
1884,2025-07-02,Bhopal,Paid Social,Female,18-24
1885,2025-11-15,Chennai,Affiliate,Female,18-24
1886,2025-11-26,Hyderabad,Direct,Female,45-54
1887,2025-10-08,Hyderabad,Paid Social,Female,25-34
1888,2025-03-14,Ahmedabad,Organic Search,Female,25-34
1889,2025-05-25,Jaipur,Organic Search,Male,25-34
1890,2024-11-01,Jaipur,Organic Search,Male,25-34
1891,2024-11-03,Lucknow,Direct,Female,25-34
1892,2025-05-26,Gorakhpur,Paid Search,Male,35-44
1893,2025-09-18,Gorakhpur,Email,Female,45-54
1894,2025-05-06,Pune,Paid Search,Female,18-24
1895,2025-12-06,Chandigarh,Email,Female,45-54
1896,2025-01-10,Mumbai,Direct,Female,35-44
1897,2025-06-07,Kolkata,Paid Social,Male,45-54
1898,2025-09-18,Lucknow,Email,Female,25-34
1899,2024-11-02,Hyderabad,Paid Social,Male,45-54
1900,2024-11-05,Pune,Affiliate,Male,45-54
1901,2025-02-03,Kolkata,Paid Search,Female,18-24
1902,2024-12-22,Chennai,Direct,Male,18-24
1903,2025-01-04,Lucknow,Paid Social,Male,25-34
1904,2025-08-13,Lucknow,Organic Search,Male,25-34
1905,2025-05-10,Indore,Organic Search,Female,45-54
1906,2024-11-10,Bhopal,Direct,Female,18-24
1907,2025-06-04,Chennai,Paid Search,Female,25-34
1908,2025-09-17,Indore,Paid Social,Female,25-34
1909,2025-11-01,Hyderabad,Paid Social,Male,25-34
1910,2025-11-20,Bengaluru,Organic Search,Male,18-24
1911,2025-03-21,Bengaluru,Affiliate,Female,35-44
1912,2024-11-02,Indore,Direct,Female,35-44
1913,2025-07-27,Kolkata,Affiliate,Male,25-34
1914,2025-09-05,Kochi,Email,Female,18-24
1915,2025-03-23,Indore,Direct,Female,18-24
1916,2025-07-23,Bhopal,Paid Search,Female,45-54
1917,2024-12-01,Pune,Direct,Male,45-54
1918,2025-03-26,Pune,Organic Search,Female,18-24
1919,2024-12-21,Ahmedabad,Direct,Female,45-54
1920,2024-11-10,Jaipur,Referral,Female,35-44
1921,2025-10-30,Hyderabad,Paid Search,Female,45-54
1922,2025-07-14,Chandigarh,Referral,Male,18-24
1923,2025-02-28,Bengaluru,Paid Search,Female,25-34
1924,2025-02-26,Mumbai,Paid Search,Male,35-44
1925,2024-11-20,Mumbai,Direct,Female,25-34
1926,2024-12-05,Lucknow,Referral,Female,25-34
1927,2025-02-08,Jaipur,Affiliate,Male,25-34
1928,2024-11-05,Kolkata,Paid Search,Female,35-44
1929,2025-09-15,Indore,Organic Search,Male,45-54
1930,2025-10-08,Hyderabad,Paid Social,Male,45-54
1931,2025-04-11,Gorakhpur,Paid Social,Female,45-54
1932,2025-07-04,Kochi,Paid Search,Male,18-24
1933,2025-11-08,Mumbai,Paid Search,Female,18-24
1934,2024-11-24,Delhi,Direct,Female,18-24
1935,2024-11-03,Delhi,Paid Search,Male,45-54
1936,2024-11-19,Kolkata,Email,Female,35-44
1937,2024-11-14,Indore,Referral,Male,35-44
1938,2025-03-31,Chennai,Direct,Male,25-34
1939,2024-11-19,Hyderabad,Paid Search,Male,35-44
1940,2025-03-29,Ahmedabad,Paid Social,Female,35-44
1941,2025-11-12,Kochi,Direct,Male,25-34
1942,2025-04-01,Bengaluru,Affiliate,Female,25-34
1943,2024-11-21,Bengaluru,Organic Search,Female,25-34
1944,2024-12-03,Ahmedabad,Organic Search,Female,18-24
1945,2025-05-20,Mumbai,Paid Search,Female,25-34
1946,2025-01-17,Hyderabad,Organic Search,Female,45-54
1947,2025-04-29,Lucknow,Paid Social,Male,35-44
1948,2025-04-18,Hyderabad,Direct,Female,25-34
1949,2024-11-12,Delhi,Organic Search,Female,18-24
1950,2024-11-16,Gorakhpur,Paid Search,Male,35-44
1951,2025-04-25,Lucknow,Email,Female,45-54
1952,2024-12-05,Hyderabad,Organic Search,Other,18-24
1953,2025-11-14,Delhi,Direct,Female,18-24
1954,2025-01-09,Bengaluru,Email,Female,45-54
1955,2025-02-17,Pune,Paid Search,Female,18-24
1956,2024-12-14,Chandigarh,Paid Social,Female,45-54
1957,2025-01-21,Chennai,Affiliate,Female,25-34
1958,2025-12-01,Kochi,Referral,Female,25-34
1959,2025-09-18,Ahmedabad,Paid Search,Male,35-44
1960,2025-06-21,Kolkata,Paid Search,Male,25-34
1961,2024-11-02,Ahmedabad,Paid Social,Male,35-44
1962,2025-07-15,Jaipur,Organic Search,Male,25-34
1963,2025-01-31,Indore,Organic Search,Other,25-34
1964,2025-02-24,Bengaluru,Paid Search,Male,35-44
1965,2024-11-10,Pune,Paid Social,Female,18-24
1966,2025-05-11,Pune,Organic Search,Male,45-54
1967,2024-11-03,Pune,Direct,Female,18-24
1968,2025-12-11,Kochi,Affiliate,Male,45-54
1969,2025-12-29,Ahmedabad,Direct,Female,18-24
1970,2024-11-03,Bhopal,Organic Search,Male,25-34
1971,2025-10-07,Kolkata,Organic Search,Male,18-24
1972,2024-11-05,Bengaluru,Direct,Female,35-44
1973,2025-12-19,Lucknow,Organic Search,Male,35-44
1974,2025-09-16,Chennai,Affiliate,Male,25-34
1975,2025-10-29,Chennai,Paid Search,Female,45-54
1976,2025-02-13,Bengaluru,Direct,Female,25-34
1977,2025-07-15,Ahmedabad,Organic Search,Female,25-34
1978,2025-06-23,Gorakhpur,Paid Social,Male,18-24
1979,2025-01-05,Mumbai,Paid Search,Female,18-24
1980,2025-04-21,Mumbai,Paid Search,Male,25-34
1981,2025-07-15,Lucknow,Organic Search,Male,18-24
1982,2025-08-05,Hyderabad,Affiliate,Male,45-54
1983,2024-11-08,Hyderabad,Direct,Female,25-34
1984,2025-07-25,Pune,Direct,Female,35-44
1985,2024-11-27,Chennai,Organic Search,Female,25-34
1986,2024-12-24,Pune,Organic Search,Female,45-54
1987,2024-12-21,Lucknow,Paid Search,Female,45-54
1988,2025-09-12,Delhi,Direct,Female,45-54
1989,2024-11-22,Indore,Paid Search,Female,35-44
1990,2024-12-05,Jaipur,Direct,Male,35-44
1991,2024-11-10,Pune,Affiliate,Female,35-44
1992,2024-11-02,Gorakhpur,Organic Search,Male,45-54
1993,2024-11-19,Chennai,Paid Search,Male,18-24
1994,2025-01-09,Chennai,Organic Search,Male,18-24
1995,2024-11-23,Chennai,Paid Search,Male,18-24
1996,2024-11-30,Delhi,Paid Social,Female,25-34
1997,2025-07-28,Lucknow,Paid Search,Female,45-54
1998,2025-07-16,Hyderabad,Paid Search,Female,35-44
1999,2025-05-08,Kolkata,Paid Search,Female,25-34
2000,2025-08-03,Jaipur,Email,Female,45-54
2001,2025-08-10,Kolkata,Referral,Male,25-34
2002,2025-03-26,Bhopal,Email,Male,25-34
2003,2025-11-28,Delhi,Paid Search,Female,35-44
2004,2025-08-18,Mumbai,Organic Search,Female,25-34
2005,2025-08-26,Delhi,Paid Search,Female,25-34
2006,2024-12-03,Pune,Organic Search,Female,25-34
2007,2025-09-29,Indore,Paid Search,Female,35-44
2008,2024-11-01,Mumbai,Organic Search,Female,45-54
2009,2025-06-28,Gorakhpur,Email,Female,45-54
2010,2025-07-02,Mumbai,Affiliate,Female,35-44
2011,2025-08-03,Chandigarh,Organic Search,Female,35-44
2012,2025-09-06,Kolkata,Direct,Male,18-24
2013,2025-01-18,Lucknow,Direct,Female,25-34
2014,2025-08-06,Chennai,Paid Social,Female,18-24
2015,2025-05-13,Bhopal,Affiliate,Female,25-34
2016,2024-11-18,Hyderabad,Organic Search,Female,18-24
2017,2025-01-15,Kolkata,Direct,Female,35-44
2018,2025-02-01,Bengaluru,Affiliate,Female,45-54
2019,2024-11-28,Jaipur,Paid Social,Male,45-54
2020,2025-08-29,Indore,Paid Social,Female,45-54
2021,2025-08-27,Chennai,Organic Search,Female,45-54
2022,2025-06-21,Gorakhpur,Organic Search,Male,45-54
2023,2025-02-16,Kolkata,Organic Search,Female,18-24
2024,2025-05-09,Ahmedabad,Affiliate,Female,45-54
2025,2025-07-05,Chennai,Affiliate,Female,25-34
2026,2025-12-17,Kolkata,Paid Search,Male,18-24
2027,2024-11-21,Bhopal,Paid Social,Male,35-44
2028,2024-12-02,Indore,Affiliate,Male,45-54
2029,2024-11-04,Mumbai,Paid Social,Male,45-54
2030,2025-01-25,Gorakhpur,Email,Female,45-54
2031,2025-01-14,Kochi,Paid Social,Female,35-44
2032,2024-11-28,Bengaluru,Paid Social,Female,35-44
2033,2025-05-26,Chennai,Paid Search,Male,45-54
2034,2024-12-16,Mumbai,Organic Search,Female,25-34
2035,2025-05-24,Pune,Paid Search,Female,45-54
2036,2025-06-23,Kochi,Paid Social,Male,45-54
2037,2024-11-03,Bengaluru,Paid Social,Female,18-24
2038,2025-01-31,Mumbai,Referral,Female,35-44
2039,2025-02-16,Indore,Organic Search,Female,18-24
2040,2025-09-16,Mumbai,Paid Search,Male,35-44
2041,2025-12-27,Jaipur,Direct,Male,25-34
2042,2025-06-26,Lucknow,Organic Search,Female,45-54
2043,2024-12-24,Delhi,Direct,Female,18-24
2044,2025-05-10,Gorakhpur,Email,Female,18-24
2045,2025-02-09,Kolkata,Organic Search,Male,35-44
2046,2024-12-22,Gorakhpur,Paid Search,Female,25-34
2047,2024-12-10,Hyderabad,Direct,Female,35-44
2048,2025-07-14,Ahmedabad,Direct,Male,35-44
2049,2025-04-09,Jaipur,Paid Search,Female,35-44
2050,2025-01-08,Delhi,Affiliate,Female,45-54
2051,2024-12-06,Gorakhpur,Direct,Female,45-54
2052,2024-11-02,Mumbai,Email,Male,35-44
2053,2024-11-08,Jaipur,Direct,Female,35-44
2054,2025-07-27,Ahmedabad,Paid Search,Female,25-34
2055,2025-05-19,Kolkata,Paid Search,Other,18-24
2056,2025-07-28,Indore,Paid Social,Female,25-34
2057,2025-01-28,Kolkata,Paid Search,Male,18-24
2058,2024-11-11,Mumbai,Organic Search,Male,25-34
2059,2025-10-03,Indore,Affiliate,Male,45-54
2060,2025-01-19,Bhopal,Organic Search,Male,35-44
2061,2025-08-08,Gorakhpur,Direct,Male,35-44
2062,2025-03-22,Hyderabad,Paid Search,Male,45-54
2063,2025-07-31,Bhopal,Paid Social,Female,25-34
2064,2025-02-07,Kochi,Organic Search,Female,45-54
2065,2025-06-05,Mumbai,Direct,Female,45-54
2066,2025-12-13,Gorakhpur,Paid Social,Female,25-34
2067,2024-11-18,Mumbai,Direct,Male,45-54
2068,2025-11-24,Hyderabad,Paid Social,Female,45-54
2069,2025-06-20,Bengaluru,Referral,Male,45-54
2070,2025-04-14,Kochi,Email,Male,45-54
2071,2025-01-26,Delhi,Email,Female,25-34
2072,2025-01-09,Bhopal,Paid Social,Female,45-54
2073,2025-03-03,Ahmedabad,Direct,Other,25-34
2074,2025-12-12,Mumbai,Paid Search,Male,35-44
2075,2025-10-08,Hyderabad,Email,Female,18-24
2076,2024-11-01,Gorakhpur,Organic Search,Female,45-54
2077,2025-10-02,Kolkata,Organic Search,Male,18-24
2078,2025-07-07,Jaipur,Direct,Male,45-54
2079,2025-03-12,Pune,Direct,Male,18-24
2080,2025-01-24,Jaipur,Direct,Male,45-54
2081,2025-02-18,Delhi,Organic Search,Male,18-24
2082,2025-07-11,Gorakhpur,Paid Social,Female,25-34
2083,2025-08-22,Mumbai,Organic Search,Female,18-24
2084,2025-03-02,Chandigarh,Direct,Female,35-44
2085,2025-01-16,Chennai,Direct,Male,35-44
2086,2025-04-22,Chandigarh,Paid Search,Female,35-44
2087,2024-11-02,Lucknow,Email,Female,35-44
2088,2025-01-04,Lucknow,Direct,Male,45-54
2089,2025-07-06,Delhi,Direct,Male,25-34
2090,2024-11-20,Kolkata,Paid Social,Female,25-34
2091,2024-11-02,Pune,Organic Search,Female,18-24
2092,2024-12-20,Indore,Direct,Male,45-54
2093,2025-03-11,Chennai,Email,Male,35-44
2094,2025-03-31,Bhopal,Paid Social,Female,25-34
2095,2025-10-07,Ahmedabad,Paid Search,Male,18-24
2096,2025-06-12,Hyderabad,Organic Search,Female,25-34
2097,2024-11-21,Indore,Direct,Male,25-34
2098,2025-01-21,Bhopal,Paid Search,Male,18-24
2099,2025-09-18,Chandigarh,Affiliate,Male,25-34
2100,2025-07-22,Bengaluru,Paid Social,Female,18-24
2101,2025-11-28,Pune,Paid Search,Male,18-24
2102,2025-12-11,Lucknow,Organic Search,Female,25-34
2103,2024-12-19,Indore,Direct,Male,25-34
2104,2024-12-11,Delhi,Direct,Female,35-44
2105,2025-04-14,Hyderabad,Organic Search,Male,18-24
2106,2025-10-29,Pune,Organic Search,Female,25-34
2107,2024-12-15,Ahmedabad,Affiliate,Female,18-24
2108,2025-01-08,Hyderabad,Direct,Female,45-54
2109,2024-11-08,Jaipur,Organic Search,Male,45-54
2110,2025-01-01,Kolkata,Organic Search,Male,18-24
2111,2025-07-10,Gorakhpur,Paid Search,Female,45-54
2112,2025-12-25,Kolkata,Paid Social,Male,45-54
2113,2025-05-23,Ahmedabad,Paid Social,Female,35-44
2114,2024-12-21,Chennai,Paid Search,Female,35-44
2115,2025-05-20,Chandigarh,Organic Search,Male,45-54
2116,2024-11-01,Jaipur,Email,Female,25-34
2117,2024-11-28,Gorakhpur,Affiliate,Female,45-54
2118,2025-01-16,Kochi,Direct,Female,18-24
2119,2025-08-03,Jaipur,Organic Search,Female,45-54
2120,2024-11-12,Lucknow,Paid Social,Female,25-34
2121,2025-01-09,Kolkata,Organic Search,Male,25-34
2122,2025-05-12,Jaipur,Organic Search,Other,45-54
2123,2025-08-13,Bhopal,Paid Social,Female,35-44
2124,2025-01-26,Indore,Paid Social,Female,35-44
2125,2025-02-27,Kolkata,Paid Search,Male,18-24
2126,2025-08-03,Kolkata,Paid Social,Female,25-34
2127,2025-12-14,Bengaluru,Affiliate,Male,25-34
2128,2024-12-05,Pune,Direct,Male,18-24
2129,2025-01-09,Chennai,Affiliate,Male,25-34
2130,2025-08-23,Ahmedabad,Direct,Male,18-24
2131,2024-11-07,Indore,Organic Search,Female,45-54
2132,2025-11-28,Chandigarh,Referral,Male,45-54
2133,2024-12-17,Lucknow,Referral,Female,18-24
2134,2024-11-05,Jaipur,Paid Social,Female,35-44
2135,2024-11-13,Indore,Organic Search,Female,45-54
2136,2025-09-08,Lucknow,Email,Female,25-34
2137,2025-04-18,Chennai,Paid Search,Male,35-44
2138,2025-04-16,Indore,Affiliate,Female,18-24
2139,2025-10-07,Indore,Direct,Female,35-44
2140,2025-10-29,Bhopal,Paid Search,Female,35-44
2141,2025-03-07,Chennai,Paid Search,Female,35-44
2142,2024-12-18,Bengaluru,Direct,Female,45-54
2143,2025-02-18,Chandigarh,Affiliate,Female,18-24
2144,2025-11-03,Bengaluru,Paid Search,Male,18-24
2145,2025-12-03,Chennai,Email,Male,45-54
2146,2024-12-27,Mumbai,Paid Social,Male,18-24
2147,2025-12-13,Jaipur,Affiliate,Female,18-24
2148,2025-04-24,Gorakhpur,Paid Search,Other,18-24
2149,2025-08-06,Pune,Paid Search,Female,25-34
2150,2025-06-02,Gorakhpur,Organic Search,Male,45-54
2151,2025-04-02,Kochi,Direct,Male,18-24
2152,2025-02-07,Lucknow,Paid Social,Male,18-24
2153,2024-11-01,Delhi,Paid Social,Female,25-34
2154,2025-04-29,Jaipur,Affiliate,Female,25-34
2155,2025-08-07,Chennai,Paid Search,Male,25-34
2156,2024-11-30,Pune,Organic Search,Female,18-24
2157,2025-04-05,Bengaluru,Referral,Male,35-44
2158,2025-11-30,Chennai,Paid Social,Male,25-34
2159,2024-12-03,Pune,Organic Search,Female,25-34
2160,2025-08-09,Bhopal,Organic Search,Male,45-54
2161,2024-11-15,Bengaluru,Referral,Female,25-34
2162,2025-01-30,Kolkata,Paid Search,Female,45-54
2163,2025-05-02,Delhi,Organic Search,Female,18-24
2164,2024-11-24,Ahmedabad,Organic Search,Male,35-44
2165,2025-07-27,Hyderabad,Paid Social,Female,18-24
2166,2025-08-25,Pune,Paid Social,Female,45-54
2167,2024-11-01,Kolkata,Paid Social,Female,18-24
2168,2025-01-20,Kochi,Referral,Female,35-44
2169,2024-12-11,Gorakhpur,Direct,Male,45-54
2170,2025-10-10,Pune,Organic Search,Male,35-44
2171,2024-11-04,Delhi,Affiliate,Male,25-34
2172,2025-03-29,Ahmedabad,Organic Search,Male,18-24
2173,2025-05-05,Indore,Organic Search,Male,35-44
2174,2025-05-16,Kolkata,Affiliate,Female,25-34
2175,2025-07-22,Delhi,Affiliate,Female,18-24
2176,2025-08-17,Hyderabad,Organic Search,Female,35-44
2177,2025-10-31,Chennai,Paid Social,Female,18-24
2178,2025-01-12,Bengaluru,Email,Male,25-34
2179,2025-11-03,Kolkata,Organic Search,Male,25-34
2180,2024-11-23,Bhopal,Organic Search,Female,45-54
2181,2025-12-22,Ahmedabad,Organic Search,Female,45-54
2182,2025-09-28,Delhi,Paid Search,Male,18-24
2183,2025-01-05,Bhopal,Paid Search,Female,35-44
2184,2025-06-05,Lucknow,Paid Social,Male,18-24
2185,2025-03-11,Kochi,Direct,Male,25-34
2186,2024-12-08,Delhi,Organic Search,Female,18-24
2187,2025-07-23,Pune,Direct,Male,18-24
2188,2024-12-17,Indore,Paid Social,Male,35-44
2189,2025-07-04,Lucknow,Paid Search,Female,35-44
2190,2025-08-01,Kolkata,Organic Search,Female,25-34
2191,2025-04-27,Bengaluru,Referral,Male,45-54
2192,2025-05-23,Delhi,Affiliate,Female,18-24
2193,2025-09-15,Kolkata,Paid Social,Female,45-54
2194,2025-03-14,Gorakhpur,Paid Social,Male,45-54
2195,2025-02-28,Lucknow,Organic Search,Female,45-54
2196,2024-11-14,Chandigarh,Paid Social,Female,35-44
2197,2025-01-14,Pune,Email,Female,45-54
2198,2025-08-08,Mumbai,Paid Search,Male,35-44
2199,2025-08-03,Chandigarh,Paid Social,Female,18-24
2200,2025-12-07,Hyderabad,Organic Search,Male,18-24
2201,2024-11-15,Delhi,Direct,Male,35-44
2202,2025-02-28,Mumbai,Paid Search,Male,25-34
2203,2025-02-06,Jaipur,Referral,Female,25-34
2204,2025-08-11,Indore,Organic Search,Female,25-34
2205,2025-04-19,Bengaluru,Paid Search,Male,35-44
2206,2025-04-08,Jaipur,Direct,Female,25-34
2207,2024-11-11,Gorakhpur,Organic Search,Male,25-34
2208,2025-09-20,Delhi,Affiliate,Male,45-54
2209,2025-09-29,Kolkata,Paid Social,Female,45-54
2210,2025-10-22,Delhi,Paid Search,Male,35-44
2211,2024-11-01,Jaipur,Paid Social,Male,25-34
2212,2025-11-09,Mumbai,Direct,Female,45-54
2213,2024-11-19,Delhi,Paid Search,Male,25-34
2214,2025-02-03,Kolkata,Organic Search,Female,25-34
2215,2024-12-16,Hyderabad,Paid Social,Male,35-44
2216,2024-11-19,Indore,Paid Social,Male,25-34
2217,2024-12-04,Pune,Organic Search,Male,18-24
2218,2025-05-26,Jaipur,Paid Search,Female,45-54
2219,2024-12-12,Kochi,Paid Search,Female,45-54
2220,2024-11-22,Chandigarh,Email,Male,35-44
2221,2025-10-10,Bengaluru,Referral,Female,35-44
2222,2024-11-13,Lucknow,Paid Search,Female,45-54
2223,2025-08-01,Mumbai,Paid Social,Female,35-44
2224,2024-12-14,Ahmedabad,Affiliate,Male,45-54
2225,2025-02-15,Kochi,Direct,Male,35-44
2226,2025-10-29,Chennai,Direct,Female,35-44
2227,2025-12-19,Mumbai,Organic Search,Male,45-54
2228,2024-12-15,Lucknow,Paid Search,Female,35-44
2229,2024-11-12,Indore,Affiliate,Female,45-54
2230,2025-05-11,Gorakhpur,Email,Female,18-24
2231,2025-05-02,Mumbai,Affiliate,Male,18-24
2232,2025-12-08,Lucknow,Paid Social,Male,45-54
2233,2025-09-03,Bengaluru,Direct,Female,45-54
2234,2025-09-26,Jaipur,Paid Search,Female,45-54
2235,2025-09-02,Chandigarh,Direct,Female,18-24
2236,2024-12-07,Gorakhpur,Organic Search,Male,18-24
2237,2024-12-30,Bengaluru,Paid Social,Male,35-44
2238,2025-01-22,Chennai,Direct,Male,25-34
2239,2024-12-25,Chennai,Affiliate,Female,35-44
2240,2025-08-06,Jaipur,Organic Search,Male,35-44
2241,2025-07-21,Chandigarh,Affiliate,Male,45-54
2242,2025-09-28,Lucknow,Paid Social,Female,25-34
2243,2025-01-07,Bhopal,Paid Social,Male,45-54
2244,2025-01-06,Delhi,Paid Search,Male,25-34
2245,2024-12-21,Chennai,Direct,Female,45-54
2246,2025-10-23,Delhi,Affiliate,Female,18-24
2247,2024-11-30,Jaipur,Paid Social,Male,35-44
2248,2025-07-31,Kolkata,Paid Search,Male,18-24
2249,2024-12-03,Lucknow,Organic Search,Male,45-54
2250,2025-09-26,Chennai,Organic Search,Female,45-54
2251,2024-11-17,Kochi,Paid Social,Male,35-44
2252,2025-05-14,Chennai,Referral,Other,45-54
2253,2025-09-10,Delhi,Paid Social,Male,35-44
2254,2024-11-02,Indore,Paid Social,Other,25-34
2255,2025-10-10,Chandigarh,Paid Search,Female,18-24
2256,2024-12-31,Kochi,Referral,Male,45-54
2257,2025-02-12,Lucknow,Paid Search,Female,25-34
2258,2025-09-23,Gorakhpur,Paid Search,Male,45-54
2259,2025-07-25,Chennai,Direct,Male,35-44
2260,2025-02-19,Bhopal,Paid Social,Male,35-44
2261,2025-04-08,Indore,Organic Search,Female,25-34
2262,2025-08-22,Mumbai,Paid Search,Other,45-54
2263,2025-04-06,Kochi,Organic Search,Male,35-44
2264,2025-07-08,Jaipur,Direct,Male,25-34
2265,2025-03-05,Bengaluru,Paid Search,Female,45-54
2266,2025-03-19,Delhi,Paid Search,Female,45-54
2267,2025-04-17,Chennai,Organic Search,Female,25-34
2268,2024-11-06,Indore,Paid Social,Female,35-44
2269,2025-11-25,Indore,Direct,Male,45-54
2270,2025-07-01,Kolkata,Referral,Female,45-54
2271,2025-01-05,Pune,Direct,Female,45-54
2272,2024-11-20,Gorakhpur,Paid Search,Male,18-24
2273,2025-12-11,Chandigarh,Organic Search,Female,18-24
2274,2025-08-10,Mumbai,Organic Search,Female,25-34
2275,2025-07-17,Lucknow,Paid Social,Male,25-34
2276,2025-09-15,Bhopal,Organic Search,Female,18-24
2277,2025-01-12,Kolkata,Organic Search,Male,45-54
2278,2025-08-28,Ahmedabad,Paid Social,Female,35-44
2279,2024-11-29,Delhi,Paid Social,Male,35-44
2280,2025-03-21,Kolkata,Organic Search,Female,35-44
2281,2025-12-21,Chennai,Direct,Female,18-24
2282,2025-04-01,Lucknow,Organic Search,Female,18-24
2283,2025-06-19,Bengaluru,Organic Search,Male,18-24
2284,2024-11-01,Bengaluru,Paid Social,Male,35-44
2285,2025-09-30,Hyderabad,Referral,Male,45-54
2286,2024-11-28,Chennai,Organic Search,Female,25-34
2287,2025-05-07,Bhopal,Paid Search,Female,25-34
2288,2025-03-24,Ahmedabad,Affiliate,Female,18-24
2289,2025-11-17,Chandigarh,Email,Male,35-44
2290,2025-11-17,Gorakhpur,Organic Search,Female,25-34
2291,2025-10-26,Lucknow,Paid Search,Female,35-44
2292,2025-11-19,Jaipur,Email,Male,45-54
2293,2025-11-23,Mumbai,Direct,Female,35-44
2294,2024-11-19,Ahmedabad,Referral,Female,45-54
2295,2024-11-03,Bhopal,Organic Search,Female,18-24
2296,2025-09-23,Gorakhpur,Organic Search,Female,45-54
2297,2025-07-31,Pune,Direct,Female,45-54
2298,2025-08-03,Gorakhpur,Paid Social,Female,45-54
2299,2025-01-29,Ahmedabad,Paid Search,Female,45-54
2300,2025-05-12,Chandigarh,Paid Social,Male,18-24
2301,2025-04-02,Mumbai,Organic Search,Female,25-34
2302,2025-05-28,Jaipur,Direct,Female,35-44
2303,2025-02-01,Jaipur,Paid Social,Female,45-54
2304,2025-07-20,Delhi,Paid Search,Female,18-24
2305,2025-11-01,Delhi,Organic Search,Male,35-44
2306,2024-11-07,Hyderabad,Organic Search,Male,18-24
2307,2024-11-04,Bhopal,Paid Social,Male,35-44
2308,2024-11-01,Kochi,Paid Social,Male,35-44
2309,2025-12-20,Kochi,Referral,Female,45-54
2310,2024-11-03,Hyderabad,Organic Search,Male,35-44
2311,2025-10-14,Lucknow,Paid Search,Male,35-44
2312,2024-12-04,Indore,Email,Male,45-54
2313,2025-06-23,Kolkata,Paid Social,Female,25-34
2314,2025-09-04,Lucknow,Paid Search,Female,45-54
2315,2024-11-03,Delhi,Affiliate,Male,25-34
2316,2024-11-07,Delhi,Organic Search,Male,45-54
2317,2024-11-06,Delhi,Paid Search,Male,35-44
2318,2025-12-01,Indore,Direct,Female,35-44
2319,2024-12-27,Mumbai,Paid Search,Male,45-54
2320,2025-09-08,Mumbai,Email,Male,45-54
2321,2024-12-03,Bengaluru,Paid Search,Female,18-24
2322,2024-11-13,Kolkata,Organic Search,Female,18-24
2323,2024-12-14,Ahmedabad,Direct,Male,45-54
2324,2025-05-06,Bhopal,Organic Search,Female,25-34
2325,2025-08-06,Bengaluru,Direct,Male,25-34
2326,2025-01-16,Bhopal,Referral,Female,45-54
2327,2024-12-03,Kolkata,Direct,Female,35-44
2328,2025-03-23,Gorakhpur,Paid Social,Female,45-54
2329,2024-11-02,Kochi,Paid Search,Female,35-44
2330,2025-04-16,Chennai,Organic Search,Female,18-24
2331,2025-02-11,Lucknow,Paid Search,Male,35-44
2332,2025-01-26,Mumbai,Organic Search,Male,18-24
2333,2025-01-30,Kochi,Paid Search,Female,18-24
2334,2025-09-29,Bengaluru,Affiliate,Male,18-24
2335,2024-11-01,Ahmedabad,Affiliate,Male,45-54
2336,2024-12-27,Ahmedabad,Direct,Male,25-34
2337,2025-06-19,Chennai,Direct,Other,45-54
2338,2025-03-11,Ahmedabad,Email,Female,35-44
2339,2024-12-09,Indore,Paid Social,Female,45-54
2340,2025-12-30,Chennai,Email,Male,45-54
2341,2025-08-28,Ahmedabad,Organic Search,Female,25-34
2342,2025-12-22,Gorakhpur,Organic Search,Female,45-54
2343,2025-02-15,Indore,Paid Social,Female,45-54
2344,2025-03-05,Gorakhpur,Paid Social,Female,25-34
2345,2024-12-16,Lucknow,Direct,Female,35-44
2346,2025-10-26,Chandigarh,Paid Search,Male,35-44
2347,2025-05-30,Delhi,Organic Search,Female,45-54
2348,2025-01-02,Chandigarh,Affiliate,Male,45-54
2349,2024-11-04,Jaipur,Organic Search,Male,45-54
2350,2025-11-19,Ahmedabad,Paid Search,Female,25-34
2351,2025-02-01,Pune,Direct,Other,25-34
2352,2025-05-28,Chandigarh,Paid Search,Female,45-54
2353,2025-01-07,Indore,Paid Social,Female,45-54
2354,2025-01-07,Lucknow,Referral,Female,18-24
2355,2025-06-16,Mumbai,Affiliate,Female,18-24
2356,2025-01-12,Bhopal,Organic Search,Male,25-34
2357,2025-07-23,Pune,Referral,Male,35-44
2358,2025-05-19,Bhopal,Paid Social,Male,45-54
2359,2025-01-15,Pune,Organic Search,Female,25-34
2360,2025-10-26,Kolkata,Organic Search,Female,45-54
2361,2024-11-23,Ahmedabad,Paid Search,Male,35-44
2362,2025-06-23,Mumbai,Email,Male,25-34
2363,2025-10-31,Bengaluru,Organic Search,Female,45-54
2364,2025-03-09,Chandigarh,Paid Search,Female,35-44
2365,2025-11-15,Delhi,Paid Search,Female,18-24
2366,2025-12-10,Lucknow,Referral,Female,35-44
2367,2025-12-22,Mumbai,Email,Female,35-44
2368,2025-06-16,Mumbai,Email,Other,25-34
2369,2025-12-05,Indore,Paid Social,Male,18-24
2370,2025-01-20,Ahmedabad,Referral,Female,45-54
2371,2025-12-25,Pune,Paid Social,Female,35-44
2372,2025-12-18,Bengaluru,Email,Female,25-34
2373,2024-11-04,Pune,Paid Social,Female,45-54
2374,2025-01-14,Chandigarh,Paid Social,Male,18-24
2375,2025-01-13,Kochi,Organic Search,Male,18-24
2376,2025-07-18,Kolkata,Organic Search,Female,45-54
2377,2025-01-30,Gorakhpur,Organic Search,Female,45-54
2378,2025-01-14,Kochi,Affiliate,Other,45-54
2379,2025-02-09,Chennai,Paid Social,Male,25-34
2380,2025-03-16,Bhopal,Paid Social,Female,18-24
2381,2025-08-28,Kochi,Email,Female,18-24
2382,2024-11-02,Chandigarh,Organic Search,Female,18-24
2383,2024-11-27,Lucknow,Organic Search,Male,18-24
2384,2025-10-03,Bengaluru,Organic Search,Male,35-44
2385,2025-10-07,Delhi,Direct,Male,45-54
2386,2025-05-23,Gorakhpur,Paid Social,Female,18-24
2387,2024-11-05,Bhopal,Organic Search,Male,18-24
2388,2024-11-29,Mumbai,Direct,Female,25-34
2389,2024-12-06,Kolkata,Direct,Female,25-34
2390,2025-03-10,Ahmedabad,Organic Search,Male,25-34
2391,2025-03-07,Lucknow,Direct,Male,18-24
2392,2025-02-24,Mumbai,Paid Search,Female,25-34
2393,2024-12-21,Lucknow,Email,Male,18-24
2394,2025-06-30,Delhi,Organic Search,Male,25-34
2395,2024-11-24,Lucknow,Direct,Female,45-54
2396,2025-03-24,Kolkata,Paid Social,Female,35-44
2397,2025-07-18,Gorakhpur,Paid Search,Male,35-44
2398,2024-12-26,Bengaluru,Organic Search,Female,35-44
2399,2025-10-27,Chandigarh,Organic Search,Male,18-24
2400,2025-06-15,Ahmedabad,Email,Female,18-24
2401,2025-01-08,Bhopal,Affiliate,Female,18-24
2402,2025-04-22,Chennai,Direct,Female,45-54
2403,2025-01-26,Ahmedabad,Paid Social,Female,25-34
2404,2024-12-10,Indore,Organic Search,Female,45-54
2405,2025-10-13,Chandigarh,Paid Social,Male,45-54
2406,2025-03-05,Ahmedabad,Email,Female,45-54
2407,2025-02-14,Delhi,Organic Search,Male,45-54
2408,2025-12-24,Kolkata,Direct,Female,45-54
2409,2025-08-20,Delhi,Direct,Female,25-34
2410,2024-12-07,Ahmedabad,Organic Search,Female,35-44
2411,2024-12-02,Delhi,Paid Search,Female,35-44
2412,2024-12-10,Indore,Paid Search,Female,45-54
2413,2025-11-25,Gorakhpur,Organic Search,Female,18-24
2414,2024-11-06,Ahmedabad,Paid Social,Male,25-34
2415,2024-12-12,Chandigarh,Referral,Female,45-54
2416,2024-11-01,Delhi,Paid Social,Female,35-44
2417,2025-06-20,Mumbai,Paid Search,Male,35-44
2418,2025-01-16,Indore,Paid Social,Male,35-44
2419,2025-04-20,Bengaluru,Paid Search,Female,45-54
2420,2024-12-16,Indore,Referral,Female,35-44
2421,2025-05-24,Ahmedabad,Email,Male,35-44
2422,2025-04-26,Hyderabad,Paid Social,Male,35-44
2423,2025-08-14,Bhopal,Paid Search,Female,25-34
2424,2025-09-02,Lucknow,Paid Social,Female,18-24
2425,2025-01-06,Kolkata,Email,Male,35-44
2426,2024-11-08,Lucknow,Paid Search,Male,35-44
2427,2024-11-06,Hyderabad,Paid Social,Male,35-44
2428,2025-07-05,Chandigarh,Paid Social,Female,25-34
2429,2024-12-09,Chennai,Organic Search,Male,45-54
2430,2025-04-18,Chennai,Affiliate,Female,35-44
2431,2025-05-10,Kochi,Paid Search,Male,25-34
2432,2025-12-02,Mumbai,Paid Search,Female,18-24
2433,2025-07-18,Chandigarh,Organic Search,Female,25-34
2434,2025-08-19,Kochi,Paid Search,Male,35-44
2435,2024-12-20,Bengaluru,Organic Search,Female,45-54
2436,2024-11-08,Bhopal,Paid Search,Other,45-54
2437,2025-05-20,Lucknow,Paid Search,Female,35-44
2438,2024-11-13,Pune,Paid Social,Female,45-54
2439,2024-12-27,Chennai,Paid Search,Male,18-24
2440,2024-11-04,Ahmedabad,Paid Social,Female,35-44
2441,2025-09-13,Bengaluru,Paid Social,Male,35-44
2442,2025-02-05,Kochi,Paid Social,Male,35-44
2443,2025-01-10,Bengaluru,Affiliate,Male,18-24
2444,2025-07-11,Ahmedabad,Direct,Female,18-24
2445,2024-11-19,Delhi,Organic Search,Male,25-34
2446,2024-11-10,Chennai,Paid Social,Female,45-54
2447,2025-01-16,Kolkata,Organic Search,Male,45-54
2448,2025-05-29,Delhi,Paid Social,Male,18-24
2449,2025-09-02,Mumbai,Paid Search,Male,35-44
2450,2024-12-10,Gorakhpur,Organic Search,Male,18-24
2451,2025-05-29,Ahmedabad,Direct,Female,25-34
2452,2025-08-01,Kochi,Referral,Female,35-44
2453,2025-01-09,Gorakhpur,Affiliate,Female,35-44
2454,2025-03-17,Indore,Direct,Female,18-24
2455,2024-11-03,Hyderabad,Paid Search,Female,45-54
2456,2024-11-01,Lucknow,Direct,Male,25-34
2457,2025-02-05,Bengaluru,Organic Search,Male,35-44
2458,2024-12-21,Kolkata,Paid Social,Female,25-34
2459,2025-07-29,Hyderabad,Paid Social,Female,35-44
2460,2025-02-04,Ahmedabad,Direct,Female,45-54
2461,2024-12-04,Kolkata,Organic Search,Male,25-34
2462,2024-12-03,Indore,Paid Search,Female,25-34
2463,2025-10-17,Chennai,Affiliate,Female,25-34
2464,2025-04-21,Pune,Email,Female,18-24
2465,2025-01-05,Delhi,Organic Search,Male,25-34
2466,2025-03-21,Indore,Direct,Female,45-54
2467,2025-05-08,Ahmedabad,Organic Search,Female,35-44
2468,2025-08-22,Hyderabad,Direct,Female,18-24
2469,2025-10-16,Lucknow,Email,Female,18-24
2470,2025-11-25,Pune,Referral,Female,25-34
2471,2024-11-11,Gorakhpur,Paid Social,Female,45-54
2472,2025-07-22,Pune,Paid Social,Female,18-24
2473,2025-01-01,Mumbai,Organic Search,Female,35-44
2474,2025-03-02,Chandigarh,Referral,Male,18-24
2475,2025-11-07,Gorakhpur,Direct,Male,45-54
2476,2024-11-27,Indore,Organic Search,Female,35-44
2477,2024-12-23,Ahmedabad,Direct,Female,25-34
2478,2024-12-07,Kolkata,Paid Social,Female,45-54
2479,2025-02-20,Delhi,Paid Search,Male,18-24
2480,2025-06-05,Bhopal,Referral,Female,35-44
2481,2025-07-09,Pune,Organic Search,Female,35-44
2482,2025-12-06,Indore,Organic Search,Female,18-24
2483,2025-12-28,Lucknow,Organic Search,Male,45-54
2484,2025-04-17,Chandigarh,Direct,Female,18-24
2485,2024-12-28,Chennai,Organic Search,Female,45-54
2486,2025-04-10,Bhopal,Paid Social,Female,25-34
2487,2025-01-08,Kolkata,Direct,Female,45-54
2488,2025-01-27,Chandigarh,Referral,Female,45-54
2489,2025-06-15,Kolkata,Paid Social,Female,35-44
2490,2025-10-16,Chennai,Paid Social,Male,45-54
2491,2025-07-29,Delhi,Email,Male,35-44
2492,2025-03-24,Gorakhpur,Email,Female,35-44
2493,2025-04-08,Delhi,Affiliate,Male,25-34
2494,2025-12-15,Kochi,Affiliate,Male,18-24
2495,2025-09-08,Jaipur,Email,Male,18-24
2496,2025-04-25,Jaipur,Paid Social,Male,25-34
2497,2025-07-21,Chandigarh,Direct,Female,18-24
2498,2025-01-10,Chennai,Affiliate,Male,45-54
2499,2025-03-31,Hyderabad,Affiliate,Male,45-54
2500,2025-06-22,Hyderabad,Referral,Male,45-54
2501,2024-11-22,Chandigarh,Direct,Female,18-24
2502,2025-10-21,Chandigarh,Referral,Female,25-34
2503,2025-11-05,Pune,Direct,Female,45-54
2504,2025-01-02,Gorakhpur,Organic Search,Female,25-34
2505,2024-11-02,Mumbai,Organic Search,Female,18-24
2506,2024-11-06,Mumbai,Paid Search,Female,35-44
2507,2025-06-08,Lucknow,Organic Search,Female,45-54
2508,2025-01-28,Lucknow,Paid Social,Male,45-54
2509,2025-05-25,Gorakhpur,Paid Search,Female,18-24
2510,2025-03-21,Pune,Paid Social,Male,45-54
2511,2025-07-28,Kolkata,Affiliate,Male,35-44
2512,2025-11-26,Bengaluru,Direct,Female,45-54
2513,2025-08-01,Pune,Organic Search,Male,18-24
2514,2024-12-15,Gorakhpur,Affiliate,Male,45-54
2515,2025-01-30,Lucknow,Paid Social,Other,18-24
2516,2025-01-09,Indore,Paid Search,Male,25-34
2517,2025-05-14,Gorakhpur,Organic Search,Female,18-24
2518,2025-11-18,Jaipur,Paid Search,Female,35-44
2519,2025-06-27,Bhopal,Paid Social,Female,18-24
2520,2024-12-18,Jaipur,Organic Search,Female,45-54
2521,2024-12-30,Pune,Organic Search,Male,45-54
2522,2024-11-13,Kochi,Organic Search,Female,45-54
2523,2025-03-15,Chandigarh,Organic Search,Male,25-34
2524,2025-08-09,Delhi,Organic Search,Female,45-54
2525,2024-12-11,Indore,Paid Search,Male,18-24
2526,2024-11-11,Indore,Organic Search,Male,18-24
2527,2025-02-22,Indore,Paid Social,Female,35-44
2528,2025-05-25,Ahmedabad,Organic Search,Female,45-54
2529,2025-04-16,Mumbai,Paid Search,Female,35-44
2530,2025-03-09,Hyderabad,Paid Search,Male,25-34
2531,2024-11-15,Lucknow,Organic Search,Female,25-34
2532,2025-02-25,Chennai,Referral,Male,45-54
2533,2024-11-06,Delhi,Affiliate,Male,18-24
2534,2025-04-17,Delhi,Paid Social,Female,45-54
2535,2024-11-01,Chandigarh,Organic Search,Female,35-44
2536,2025-04-30,Bhopal,Organic Search,Male,35-44
2537,2025-11-08,Chandigarh,Email,Female,45-54
2538,2025-03-11,Delhi,Organic Search,Female,18-24
2539,2024-11-20,Jaipur,Organic Search,Female,18-24
2540,2025-03-11,Mumbai,Referral,Male,25-34
2541,2025-05-21,Gorakhpur,Paid Social,Female,25-34
2542,2025-09-11,Chandigarh,Paid Social,Female,35-44
2543,2025-08-13,Gorakhpur,Organic Search,Male,35-44
2544,2025-02-03,Kochi,Direct,Female,25-34
2545,2025-03-12,Jaipur,Referral,Male,25-34
2546,2024-12-14,Ahmedabad,Paid Search,Male,45-54
2547,2025-05-07,Jaipur,Paid Social,Female,25-34
2548,2025-08-09,Pune,Organic Search,Female,45-54
2549,2025-06-02,Chennai,Referral,Female,35-44
2550,2025-11-07,Ahmedabad,Email,Female,45-54
2551,2025-07-31,Lucknow,Affiliate,Male,25-34
2552,2025-03-07,Ahmedabad,Organic Search,Male,18-24
2553,2024-12-17,Pune,Paid Social,Male,25-34
2554,2025-01-06,Bhopal,Email,Female,25-34
2555,2025-01-18,Kochi,Paid Social,Female,45-54
2556,2024-12-25,Gorakhpur,Paid Search,Male,25-34
2557,2025-08-26,Hyderabad,Direct,Male,35-44
2558,2025-07-06,Hyderabad,Paid Search,Male,25-34
2559,2024-11-14,Pune,Direct,Male,25-34
2560,2025-05-06,Chennai,Direct,Female,45-54
2561,2025-01-28,Indore,Paid Social,Female,45-54
2562,2025-04-07,Lucknow,Organic Search,Female,18-24
2563,2025-12-08,Kolkata,Affiliate,Female,25-34
2564,2025-09-01,Ahmedabad,Paid Social,Female,35-44
2565,2025-03-26,Pune,Paid Search,Female,45-54
2566,2025-05-21,Mumbai,Paid Search,Female,45-54
2567,2025-01-06,Mumbai,Organic Search,Female,18-24
2568,2024-11-03,Mumbai,Organic Search,Male,35-44
2569,2024-11-16,Indore,Organic Search,Male,25-34
2570,2024-11-03,Bengaluru,Direct,Female,35-44
2571,2025-12-15,Pune,Direct,Female,25-34
2572,2024-12-08,Chandigarh,Direct,Female,35-44
2573,2025-09-19,Jaipur,Organic Search,Male,25-34
2574,2024-11-26,Kolkata,Referral,Female,18-24
2575,2025-11-30,Indore,Organic Search,Male,35-44
2576,2025-08-31,Hyderabad,Organic Search,Male,25-34
2577,2024-12-14,Bhopal,Direct,Female,25-34
2578,2024-12-26,Gorakhpur,Organic Search,Female,45-54
2579,2025-02-25,Kochi,Paid Social,Female,45-54
2580,2025-02-24,Kolkata,Direct,Male,45-54
2581,2024-11-02,Hyderabad,Affiliate,Male,45-54
2582,2025-02-21,Chennai,Email,Female,45-54
2583,2025-03-24,Ahmedabad,Paid Social,Male,35-44
2584,2024-11-20,Kochi,Organic Search,Male,45-54
2585,2024-11-25,Hyderabad,Paid Social,Female,45-54
2586,2024-12-24,Bhopal,Direct,Female,45-54
2587,2025-12-04,Lucknow,Direct,Female,18-24
2588,2025-02-28,Kolkata,Affiliate,Male,35-44
2589,2025-01-30,Indore,Paid Search,Female,45-54
2590,2024-11-09,Hyderabad,Paid Social,Female,35-44
2591,2025-03-11,Kochi,Organic Search,Male,25-34
2592,2025-09-22,Chennai,Referral,Female,25-34
2593,2024-11-10,Mumbai,Email,Male,18-24
2594,2024-12-17,Pune,Paid Search,Female,35-44
2595,2024-11-19,Kochi,Paid Search,Male,25-34
2596,2025-02-10,Mumbai,Organic Search,Female,18-24
2597,2025-05-18,Chandigarh,Paid Search,Male,25-34
2598,2024-12-29,Kolkata,Paid Search,Male,25-34
2599,2024-11-01,Lucknow,Referral,Male,18-24
2600,2025-08-09,Chandigarh,Paid Social,Female,18-24
2601,2025-08-13,Chennai,Paid Search,Male,25-34
2602,2025-04-05,Chandigarh,Organic Search,Female,25-34
2603,2025-08-05,Bengaluru,Paid Search,Female,18-24
2604,2025-02-04,Ahmedabad,Organic Search,Female,25-34
2605,2024-12-14,Chennai,Direct,Male,35-44
2606,2025-03-04,Indore,Paid Search,Female,25-34
2607,2024-11-24,Bengaluru,Direct,Female,45-54
2608,2024-11-18,Jaipur,Paid Social,Male,45-54
2609,2025-04-13,Bhopal,Direct,Female,35-44
2610,2025-08-17,Kochi,Paid Search,Male,35-44
2611,2025-03-31,Jaipur,Paid Social,Male,25-34
2612,2025-08-28,Lucknow,Organic Search,Other,35-44
2613,2024-11-14,Kolkata,Email,Female,35-44
2614,2024-11-02,Chandigarh,Paid Search,Female,45-54
2615,2025-08-10,Ahmedabad,Affiliate,Male,25-34
2616,2025-06-01,Hyderabad,Paid Social,Female,25-34
2617,2025-10-28,Kolkata,Paid Social,Female,45-54
2618,2025-01-27,Delhi,Organic Search,Female,18-24
2619,2024-12-15,Gorakhpur,Organic Search,Male,35-44
2620,2025-01-28,Bhopal,Paid Social,Female,45-54
2621,2024-11-08,Kochi,Paid Social,Female,45-54
2622,2024-11-03,Kochi,Referral,Female,35-44
2623,2025-01-12,Jaipur,Paid Social,Female,18-24
2624,2024-11-20,Pune,Direct,Female,25-34
2625,2025-05-23,Ahmedabad,Paid Social,Female,45-54
2626,2025-01-18,Chennai,Paid Social,Female,18-24
2627,2025-10-15,Kolkata,Affiliate,Male,18-24
2628,2025-06-10,Indore,Paid Search,Male,18-24
2629,2025-12-30,Kochi,Organic Search,Female,45-54
2630,2025-07-16,Delhi,Direct,Female,25-34
2631,2024-11-10,Kolkata,Paid Social,Female,18-24
2632,2025-01-02,Hyderabad,Referral,Female,25-34
2633,2025-02-14,Delhi,Affiliate,Female,35-44
2634,2025-12-24,Mumbai,Organic Search,Female,18-24
2635,2024-12-21,Mumbai,Paid Search,Female,25-34
2636,2025-11-11,Mumbai,Paid Search,Male,35-44
2637,2025-05-16,Kochi,Referral,Female,35-44
2638,2025-04-26,Bhopal,Paid Search,Male,35-44
2639,2025-05-23,Delhi,Paid Social,Male,35-44
2640,2025-08-29,Hyderabad,Affiliate,Female,18-24
2641,2025-02-20,Jaipur,Paid Social,Female,45-54
2642,2024-11-04,Chandigarh,Paid Search,Male,18-24
2643,2025-09-08,Kochi,Paid Search,Male,25-34
2644,2025-03-05,Mumbai,Organic Search,Male,35-44
2645,2025-02-12,Lucknow,Paid Social,Female,18-24
2646,2024-12-15,Bhopal,Direct,Male,35-44
2647,2025-11-11,Kolkata,Organic Search,Male,25-34
2648,2025-02-12,Chennai,Referral,Male,18-24
2649,2025-01-04,Ahmedabad,Paid Search,Male,45-54
2650,2025-05-01,Kochi,Paid Social,Female,25-34
2651,2025-05-13,Delhi,Organic Search,Male,45-54
2652,2025-09-26,Mumbai,Organic Search,Male,18-24
2653,2024-11-21,Bhopal,Paid Search,Female,25-34
2654,2025-12-25,Delhi,Organic Search,Female,35-44
2655,2025-12-19,Gorakhpur,Paid Social,Male,35-44
2656,2025-06-10,Delhi,Organic Search,Male,35-44
2657,2024-11-11,Mumbai,Referral,Other,18-24
2658,2025-09-07,Delhi,Organic Search,Male,45-54
2659,2024-11-12,Lucknow,Paid Search,Male,18-24
2660,2025-09-13,Mumbai,Paid Social,Female,35-44
2661,2024-11-23,Jaipur,Affiliate,Female,25-34
2662,2025-06-23,Kochi,Organic Search,Female,25-34
2663,2025-06-26,Chennai,Affiliate,Male,35-44
2664,2024-12-30,Kolkata,Direct,Female,25-34
2665,2025-08-21,Gorakhpur,Affiliate,Female,25-34
2666,2025-03-04,Bengaluru,Direct,Female,18-24
2667,2024-11-20,Delhi,Referral,Female,18-24
2668,2024-12-27,Chennai,Paid Social,Male,45-54
2669,2025-02-21,Gorakhpur,Organic Search,Male,35-44
2670,2025-11-19,Ahmedabad,Organic Search,Male,35-44
2671,2024-11-22,Mumbai,Organic Search,Female,35-44
2672,2025-02-03,Ahmedabad,Affiliate,Male,45-54
2673,2025-08-15,Ahmedabad,Email,Female,35-44
2674,2025-07-24,Gorakhpur,Direct,Female,25-34
2675,2024-11-01,Pune,Affiliate,Female,45-54
2676,2025-10-10,Bengaluru,Paid Social,Male,25-34
2677,2025-03-26,Pune,Paid Search,Male,25-34
2678,2025-02-14,Gorakhpur,Affiliate,Female,35-44
2679,2025-08-25,Bengaluru,Paid Social,Female,25-34
2680,2024-12-06,Gorakhpur,Paid Social,Male,35-44
2681,2025-04-04,Lucknow,Email,Male,25-34
2682,2025-02-21,Chandigarh,Referral,Female,35-44
2683,2025-04-08,Bengaluru,Affiliate,Female,18-24
2684,2025-02-09,Chandigarh,Direct,Female,45-54
2685,2025-11-13,Lucknow,Email,Male,35-44
2686,2025-09-15,Pune,Paid Social,Female,18-24
2687,2025-09-04,Lucknow,Direct,Female,35-44
2688,2024-11-01,Hyderabad,Paid Social,Male,45-54
2689,2024-12-14,Bengaluru,Organic Search,Male,35-44
2690,2025-04-06,Kolkata,Email,Female,35-44
2691,2025-08-07,Ahmedabad,Direct,Other,25-34
2692,2025-04-05,Chandigarh,Paid Search,Female,25-34
2693,2025-11-11,Indore,Paid Social,Female,25-34
2694,2024-11-01,Chennai,Paid Search,Male,45-54
2695,2024-11-01,Indore,Organic Search,Male,25-34
2696,2025-06-06,Kolkata,Direct,Female,45-54
2697,2024-12-04,Mumbai,Organic Search,Male,35-44
2698,2025-01-05,Jaipur,Paid Search,Male,18-24
2699,2025-12-19,Kochi,Email,Male,25-34
2700,2024-11-06,Chandigarh,Affiliate,Male,25-34
2701,2024-11-14,Mumbai,Paid Search,Female,45-54
2702,2025-03-26,Lucknow,Paid Search,Female,18-24
2703,2025-01-21,Delhi,Organic Search,Female,25-34
2704,2025-04-11,Bengaluru,Paid Social,Male,18-24
2705,2025-12-25,Chennai,Organic Search,Female,25-34
2706,2025-03-11,Gorakhpur,Email,Female,35-44
2707,2025-09-26,Kolkata,Affiliate,Female,45-54
2708,2024-12-06,Gorakhpur,Organic Search,Female,18-24
2709,2025-12-14,Kochi,Direct,Male,45-54
2710,2025-04-16,Chennai,Paid Search,Male,25-34
2711,2025-10-26,Hyderabad,Organic Search,Female,35-44
2712,2024-11-01,Chennai,Direct,Male,45-54
2713,2025-07-27,Chennai,Organic Search,Male,18-24
2714,2024-11-18,Jaipur,Organic Search,Male,18-24
2715,2025-05-04,Jaipur,Paid Search,Other,35-44
2716,2024-11-15,Chandigarh,Affiliate,Male,35-44
2717,2024-12-16,Kolkata,Paid Search,Female,18-24
2718,2024-11-05,Delhi,Paid Social,Male,45-54
2719,2025-12-30,Kochi,Paid Social,Female,18-24
2720,2025-12-14,Ahmedabad,Paid Social,Female,35-44
2721,2025-02-09,Pune,Organic Search,Female,18-24
2722,2025-10-06,Lucknow,Referral,Male,18-24
2723,2025-01-23,Pune,Organic Search,Male,35-44
2724,2025-10-18,Hyderabad,Organic Search,Male,18-24
2725,2024-12-11,Kochi,Paid Social,Male,18-24
2726,2025-09-01,Lucknow,Paid Search,Male,35-44
2727,2025-10-30,Mumbai,Direct,Male,18-24
2728,2025-01-05,Mumbai,Email,Male,35-44
2729,2025-07-22,Mumbai,Organic Search,Male,18-24
2730,2024-11-12,Ahmedabad,Paid Search,Male,45-54
2731,2025-04-09,Lucknow,Paid Social,Male,25-34
2732,2024-11-08,Gorakhpur,Organic Search,Male,18-24
2733,2025-05-23,Hyderabad,Organic Search,Male,25-34
2734,2024-11-25,Kochi,Referral,Male,25-34
2735,2025-12-23,Jaipur,Organic Search,Male,25-34
2736,2025-03-17,Kolkata,Paid Social,Female,45-54
2737,2024-12-01,Chennai,Paid Search,Female,45-54
2738,2025-11-01,Hyderabad,Paid Social,Male,18-24
2739,2025-07-02,Lucknow,Paid Social,Female,18-24
2740,2025-02-09,Pune,Organic Search,Male,25-34
2741,2025-09-03,Gorakhpur,Paid Search,Female,18-24
2742,2024-12-11,Bengaluru,Paid Social,Male,45-54
2743,2024-11-17,Mumbai,Organic Search,Male,25-34
2744,2025-07-08,Bengaluru,Affiliate,Female,35-44
2745,2024-12-05,Indore,Organic Search,Male,18-24
2746,2025-10-06,Kolkata,Paid Social,Female,35-44
2747,2025-02-24,Gorakhpur,Organic Search,Female,45-54
2748,2025-01-20,Kochi,Email,Male,25-34
2749,2025-03-16,Kolkata,Referral,Female,18-24
2750,2025-02-20,Chandigarh,Organic Search,Male,18-24
2751,2025-07-26,Hyderabad,Paid Search,Female,35-44
2752,2024-11-19,Kolkata,Paid Social,Male,45-54
2753,2025-08-16,Lucknow,Paid Search,Female,35-44
2754,2025-05-30,Indore,Paid Search,Male,45-54
2755,2025-12-06,Ahmedabad,Paid Social,Female,25-34
2756,2024-11-01,Ahmedabad,Paid Social,Female,25-34
2757,2024-11-13,Jaipur,Direct,Female,18-24
2758,2024-12-23,Chandigarh,Direct,Female,45-54
2759,2024-11-01,Bhopal,Paid Search,Female,35-44
2760,2024-12-17,Gorakhpur,Paid Social,Male,25-34
2761,2025-05-21,Bengaluru,Referral,Female,18-24
2762,2025-01-11,Jaipur,Direct,Female,35-44
2763,2024-11-01,Mumbai,Organic Search,Male,45-54
2764,2024-12-17,Lucknow,Affiliate,Female,45-54
2765,2025-06-12,Lucknow,Referral,Male,18-24
2766,2025-01-30,Bhopal,Direct,Female,18-24
2767,2025-09-29,Chandigarh,Paid Social,Female,35-44
2768,2025-03-18,Jaipur,Paid Search,Female,18-24
2769,2024-11-12,Hyderabad,Email,Female,18-24
2770,2024-12-04,Indore,Paid Social,Female,45-54
2771,2025-07-09,Hyderabad,Paid Social,Female,18-24
2772,2024-11-03,Lucknow,Organic Search,Female,35-44
2773,2025-05-29,Bhopal,Email,Female,35-44
2774,2025-11-10,Mumbai,Direct,Male,25-34
2775,2024-11-03,Jaipur,Direct,Female,18-24
2776,2025-11-11,Hyderabad,Paid Search,Male,35-44
2777,2024-11-11,Hyderabad,Paid Search,Male,35-44
2778,2024-11-01,Bhopal,Direct,Female,45-54
2779,2025-04-16,Indore,Organic Search,Female,18-24
2780,2025-06-11,Kochi,Organic Search,Female,18-24
2781,2025-07-17,Hyderabad,Organic Search,Female,35-44
2782,2025-03-04,Hyderabad,Direct,Male,18-24
2783,2024-11-14,Hyderabad,Email,Female,35-44
2784,2025-09-15,Indore,Paid Search,Female,25-34
2785,2025-03-09,Chennai,Organic Search,Female,25-34
2786,2025-06-20,Mumbai,Email,Female,25-34
2787,2024-12-06,Mumbai,Organic Search,Female,25-34
2788,2024-12-22,Jaipur,Paid Search,Male,35-44
2789,2025-10-17,Lucknow,Organic Search,Female,25-34
2790,2025-11-29,Lucknow,Paid Search,Male,45-54
2791,2024-12-26,Hyderabad,Paid Social,Male,18-24
2792,2024-12-02,Chandigarh,Paid Social,Female,18-24
2793,2025-10-10,Indore,Organic Search,Female,18-24
2794,2024-12-11,Kochi,Direct,Female,45-54
2795,2025-02-04,Indore,Direct,Male,25-34
2796,2024-11-04,Bhopal,Organic Search,Female,25-34
2797,2024-12-14,Kochi,Organic Search,Male,18-24
2798,2024-12-14,Chennai,Paid Search,Female,18-24
2799,2024-12-20,Delhi,Paid Social,Male,18-24
2800,2025-02-18,Hyderabad,Email,Female,25-34
2801,2025-06-28,Delhi,Organic Search,Male,18-24
2802,2025-02-15,Mumbai,Direct,Male,35-44
2803,2025-03-04,Kochi,Direct,Female,18-24
2804,2025-08-05,Chandigarh,Affiliate,Male,18-24
2805,2025-10-02,Mumbai,Direct,Female,18-24
2806,2024-11-08,Chandigarh,Organic Search,Female,35-44
2807,2024-11-05,Lucknow,Direct,Female,25-34
2808,2025-12-23,Gorakhpur,Paid Social,Female,35-44
2809,2025-07-28,Mumbai,Paid Social,Male,25-34
2810,2025-05-07,Ahmedabad,Paid Search,Female,18-24
2811,2024-11-21,Pune,Affiliate,Female,18-24
2812,2025-01-06,Jaipur,Paid Search,Female,18-24
2813,2024-11-03,Gorakhpur,Organic Search,Female,25-34
2814,2025-01-29,Mumbai,Direct,Female,35-44
2815,2025-04-03,Lucknow,Paid Social,Female,45-54
2816,2024-11-21,Hyderabad,Paid Social,Other,35-44
2817,2025-06-08,Kochi,Paid Social,Female,45-54
2818,2025-07-15,Bengaluru,Paid Search,Male,18-24
2819,2025-02-09,Lucknow,Paid Social,Male,45-54
2820,2025-05-16,Bengaluru,Affiliate,Male,25-34
2821,2024-11-16,Chandigarh,Organic Search,Female,18-24
2822,2025-10-04,Jaipur,Paid Social,Female,18-24
2823,2024-12-20,Kochi,Direct,Male,45-54
2824,2025-03-20,Jaipur,Referral,Female,25-34
2825,2025-04-03,Pune,Organic Search,Female,18-24
2826,2024-11-19,Gorakhpur,Paid Social,Female,25-34
2827,2025-03-31,Gorakhpur,Direct,Male,45-54
2828,2025-01-01,Bhopal,Organic Search,Female,25-34
2829,2025-01-25,Jaipur,Direct,Female,18-24
2830,2025-01-05,Mumbai,Affiliate,Female,18-24
2831,2025-09-07,Gorakhpur,Paid Social,Female,35-44
2832,2025-11-24,Pune,Paid Social,Male,18-24
2833,2024-11-29,Indore,Affiliate,Male,35-44
2834,2025-04-10,Hyderabad,Organic Search,Male,18-24
2835,2025-06-12,Pune,Paid Search,Female,35-44
2836,2025-10-02,Kochi,Paid Search,Female,18-24
2837,2025-08-08,Chennai,Direct,Female,25-34
2838,2025-09-12,Indore,Paid Social,Male,45-54
2839,2025-05-12,Gorakhpur,Direct,Male,18-24
2840,2024-12-29,Kochi,Direct,Female,25-34
2841,2025-11-05,Chandigarh,Organic Search,Male,25-34
2842,2025-09-11,Chennai,Paid Social,Male,18-24
2843,2025-02-05,Delhi,Paid Social,Male,18-24
2844,2024-11-10,Jaipur,Paid Search,Female,18-24
2845,2025-04-10,Hyderabad,Direct,Female,18-24
2846,2025-05-23,Hyderabad,Organic Search,Female,35-44
2847,2025-12-30,Kolkata,Organic Search,Male,18-24
2848,2025-12-01,Lucknow,Email,Male,45-54
2849,2025-08-01,Kolkata,Paid Social,Female,45-54
2850,2025-08-12,Jaipur,Direct,Male,18-24
2851,2025-11-02,Bengaluru,Organic Search,Other,18-24
2852,2025-04-30,Kolkata,Paid Social,Female,25-34
2853,2025-09-17,Bengaluru,Paid Search,Female,45-54
2854,2025-01-13,Ahmedabad,Direct,Female,35-44
2855,2025-09-08,Indore,Paid Search,Male,18-24
2856,2025-10-14,Kolkata,Direct,Female,35-44
2857,2024-11-18,Pune,Organic Search,Male,18-24
2858,2025-10-07,Lucknow,Direct,Female,35-44
2859,2024-12-10,Ahmedabad,Paid Social,Female,18-24
2860,2025-05-01,Kolkata,Affiliate,Female,25-34
2861,2025-11-21,Jaipur,Direct,Female,25-34
2862,2025-02-27,Kolkata,Paid Social,Female,35-44
2863,2025-11-16,Kochi,Direct,Male,25-34
2864,2025-03-30,Indore,Paid Social,Female,35-44
2865,2025-05-23,Chennai,Affiliate,Female,45-54
2866,2025-02-18,Indore,Referral,Female,18-24
2867,2024-11-14,Chandigarh,Organic Search,Male,18-24
2868,2025-11-23,Bengaluru,Email,Female,25-34
2869,2025-01-23,Lucknow,Paid Social,Female,18-24
2870,2025-02-01,Mumbai,Direct,Female,25-34
2871,2024-11-11,Hyderabad,Organic Search,Female,35-44
2872,2025-01-21,Jaipur,Affiliate,Male,45-54
2873,2025-04-23,Kochi,Paid Search,Female,25-34
2874,2025-05-18,Kochi,Referral,Female,18-24
2875,2024-11-14,Jaipur,Paid Social,Female,45-54
2876,2025-08-13,Hyderabad,Paid Social,Female,25-34
2877,2025-02-10,Gorakhpur,Organic Search,Female,18-24
2878,2024-11-04,Ahmedabad,Direct,Male,18-24
2879,2025-05-10,Chennai,Organic Search,Other,18-24
2880,2025-08-27,Delhi,Paid Social,Male,45-54
2881,2025-12-25,Delhi,Paid Search,Female,45-54
2882,2025-08-05,Kolkata,Paid Search,Male,35-44
2883,2025-09-12,Chandigarh,Direct,Male,45-54
2884,2024-11-09,Delhi,Paid Search,Female,35-44
2885,2025-04-27,Lucknow,Direct,Female,35-44
2886,2025-04-20,Chandigarh,Paid Social,Female,35-44
2887,2025-04-22,Kochi,Affiliate,Female,25-34
2888,2025-10-20,Kochi,Organic Search,Male,25-34
2889,2024-12-31,Kolkata,Organic Search,Female,18-24
2890,2025-02-10,Jaipur,Direct,Female,45-54
2891,2025-05-28,Kolkata,Paid Search,Male,18-24
2892,2025-05-29,Hyderabad,Organic Search,Female,25-34
2893,2025-03-30,Gorakhpur,Paid Social,Male,35-44
2894,2025-06-02,Jaipur,Email,Female,18-24
2895,2025-09-16,Kochi,Referral,Female,35-44
2896,2025-12-04,Mumbai,Email,Other,45-54
2897,2025-01-16,Kochi,Paid Search,Male,45-54
2898,2025-05-02,Gorakhpur,Paid Social,Female,35-44
2899,2024-11-10,Lucknow,Paid Search,Female,45-54
2900,2025-05-23,Hyderabad,Email,Female,45-54
2901,2025-08-30,Kochi,Organic Search,Male,25-34
2902,2025-08-05,Chennai,Affiliate,Male,18-24
2903,2024-12-17,Pune,Organic Search,Female,25-34
2904,2024-12-14,Pune,Affiliate,Male,35-44
2905,2025-05-20,Bengaluru,Organic Search,Male,25-34
2906,2025-03-11,Bengaluru,Paid Social,Male,45-54
2907,2025-05-07,Kolkata,Email,Female,18-24
2908,2024-11-14,Kolkata,Referral,Female,18-24
2909,2024-11-08,Lucknow,Organic Search,Female,18-24
2910,2024-11-04,Jaipur,Organic Search,Female,35-44
2911,2024-11-08,Mumbai,Direct,Male,35-44
2912,2024-11-05,Delhi,Paid Social,Male,25-34
2913,2025-10-08,Gorakhpur,Referral,Female,25-34
2914,2024-11-04,Gorakhpur,Paid Social,Female,18-24
2915,2025-10-23,Lucknow,Paid Search,Female,25-34
2916,2024-11-05,Bhopal,Referral,Female,45-54
2917,2025-08-03,Delhi,Paid Social,Male,35-44
2918,2024-11-01,Indore,Affiliate,Male,45-54
2919,2025-11-09,Delhi,Email,Male,18-24
2920,2025-08-07,Kolkata,Paid Social,Male,35-44
2921,2024-11-06,Hyderabad,Organic Search,Female,18-24
2922,2025-11-19,Chennai,Referral,Female,25-34
2923,2024-12-04,Kolkata,Email,Female,18-24
2924,2025-03-05,Bhopal,Organic Search,Male,18-24
2925,2024-11-08,Kolkata,Organic Search,Female,45-54
2926,2024-12-13,Gorakhpur,Paid Search,Female,45-54
2927,2025-03-19,Chennai,Paid Search,Female,25-34
2928,2024-12-08,Gorakhpur,Organic Search,Male,35-44
2929,2024-12-21,Delhi,Organic Search,Male,35-44
2930,2024-11-04,Pune,Email,Female,18-24
2931,2025-02-19,Bengaluru,Paid Social,Female,25-34
2932,2025-06-19,Kolkata,Affiliate,Female,18-24
2933,2025-11-12,Indore,Email,Male,25-34
2934,2025-11-04,Kochi,Organic Search,Female,18-24
2935,2025-10-12,Lucknow,Email,Female,25-34
2936,2024-11-12,Jaipur,Organic Search,Male,45-54
2937,2024-11-26,Indore,Paid Search,Male,45-54
2938,2024-12-12,Kochi,Paid Search,Female,25-34
2939,2025-10-11,Delhi,Affiliate,Male,35-44
2940,2025-02-10,Lucknow,Paid Social,Male,18-24
2941,2025-03-17,Jaipur,Direct,Male,45-54
2942,2025-02-08,Mumbai,Email,Female,18-24
2943,2025-02-08,Hyderabad,Referral,Male,25-34
2944,2025-09-30,Chandigarh,Organic Search,Female,25-34
2945,2024-11-09,Delhi,Affiliate,Female,35-44
2946,2025-01-11,Kolkata,Organic Search,Male,35-44
2947,2024-11-01,Ahmedabad,Paid Social,Male,35-44
2948,2025-02-09,Mumbai,Organic Search,Female,25-34
2949,2024-11-07,Chennai,Paid Search,Male,45-54
2950,2025-07-30,Jaipur,Referral,Male,35-44
2951,2024-12-12,Jaipur,Direct,Female,18-24
2952,2025-11-29,Bhopal,Organic Search,Female,35-44
2953,2025-08-24,Indore,Referral,Male,45-54
2954,2025-12-14,Indore,Paid Search,Female,35-44
2955,2025-06-01,Lucknow,Paid Social,Female,18-24
2956,2025-05-31,Ahmedabad,Paid Social,Male,45-54
2957,2025-12-05,Bengaluru,Affiliate,Male,45-54
2958,2024-11-10,Hyderabad,Email,Male,45-54
2959,2025-02-26,Jaipur,Paid Search,Male,25-34
2960,2024-11-02,Pune,Direct,Female,18-24
2961,2025-12-06,Gorakhpur,Organic Search,Male,45-54
2962,2025-03-18,Kolkata,Paid Search,Male,45-54
2963,2025-03-23,Delhi,Direct,Male,25-34
2964,2025-01-08,Ahmedabad,Paid Search,Other,18-24
2965,2025-08-19,Gorakhpur,Paid Search,Female,45-54
2966,2025-05-29,Chandigarh,Direct,Female,18-24
2967,2025-06-26,Gorakhpur,Email,Male,35-44
2968,2025-07-30,Indore,Paid Social,Male,45-54
2969,2025-04-22,Mumbai,Organic Search,Female,25-34
2970,2025-08-12,Chennai,Paid Social,Female,25-34
2971,2025-11-17,Lucknow,Paid Social,Female,25-34
2972,2025-01-20,Pune,Affiliate,Female,25-34
2973,2025-05-24,Jaipur,Organic Search,Male,35-44
2974,2025-08-19,Hyderabad,Affiliate,Male,25-34
2975,2025-04-11,Lucknow,Email,Male,35-44
2976,2025-02-09,Gorakhpur,Paid Social,Male,35-44
2977,2024-11-29,Indore,Affiliate,Other,45-54
2978,2024-11-27,Kolkata,Referral,Female,25-34
2979,2025-02-08,Kochi,Paid Search,Male,35-44
2980,2025-04-03,Chennai,Affiliate,Female,18-24
2981,2025-04-18,Chennai,Paid Social,Female,45-54
2982,2025-03-29,Kochi,Referral,Male,18-24
2983,2025-05-12,Chandigarh,Affiliate,Male,35-44
2984,2024-12-09,Gorakhpur,Organic Search,Male,18-24
2985,2025-11-12,Ahmedabad,Organic Search,Male,25-34
2986,2024-11-04,Indore,Paid Search,Female,25-34
2987,2024-12-23,Kochi,Organic Search,Female,45-54
2988,2025-01-04,Ahmedabad,Paid Social,Female,35-44
2989,2024-12-03,Delhi,Organic Search,Female,25-34
2990,2025-09-04,Kochi,Paid Search,Male,18-24
2991,2024-12-13,Kochi,Paid Search,Female,18-24
2992,2025-12-03,Kochi,Paid Social,Female,18-24
2993,2024-12-27,Mumbai,Affiliate,Female,35-44
2994,2024-11-27,Jaipur,Paid Social,Male,18-24
2995,2025-06-27,Jaipur,Paid Search,Female,25-34
2996,2025-07-31,Chennai,Organic Search,Female,35-44
2997,2025-02-07,Bhopal,Email,Female,45-54
2998,2025-02-13,Kochi,Referral,Male,45-54
2999,2025-08-20,Ahmedabad,Paid Search,Female,25-34
3000,2024-11-18,Jaipur,Direct,Female,35-44
3001,2025-04-09,Lucknow,Paid Social,Female,35-44
3002,2025-08-23,Indore,Paid Social,Male,35-44
3003,2024-11-27,Lucknow,Organic Search,Male,18-24
3004,2025-09-01,Chennai,Paid Search,Female,18-24
3005,2025-10-14,Chandigarh,Organic Search,Female,25-34
3006,2025-04-30,Mumbai,Email,Male,25-34
3007,2025-05-29,Kochi,Affiliate,Female,35-44
3008,2025-10-06,Bengaluru,Organic Search,Female,45-54
3009,2024-11-02,Gorakhpur,Organic Search,Female,25-34
3010,2025-06-19,Pune,Paid Social,Male,45-54
3011,2025-02-01,Indore,Direct,Female,45-54
3012,2025-12-06,Bhopal,Direct,Female,45-54
3013,2025-10-25,Indore,Affiliate,Male,45-54
3014,2024-11-21,Chennai,Organic Search,Male,25-34
3015,2025-11-07,Mumbai,Paid Social,Female,25-34
3016,2025-07-03,Mumbai,Affiliate,Male,25-34
3017,2025-09-16,Lucknow,Organic Search,Female,18-24
3018,2025-05-21,Bengaluru,Direct,Female,18-24
3019,2025-10-16,Kolkata,Paid Search,Female,25-34
3020,2024-12-04,Chennai,Paid Search,Female,25-34
3021,2025-08-05,Indore,Paid Social,Female,45-54
3022,2024-11-27,Chennai,Organic Search,Female,35-44
3023,2024-12-20,Jaipur,Referral,Male,45-54
3024,2024-11-18,Lucknow,Organic Search,Male,35-44
3025,2024-11-19,Kochi,Organic Search,Male,45-54
3026,2025-01-31,Hyderabad,Direct,Male,45-54
3027,2024-11-04,Indore,Email,Female,18-24
3028,2025-05-30,Ahmedabad,Organic Search,Male,25-34
3029,2025-02-24,Hyderabad,Direct,Male,25-34
3030,2025-12-01,Chennai,Email,Female,25-34
3031,2025-04-26,Lucknow,Paid Search,Female,45-54
3032,2025-10-14,Indore,Referral,Female,35-44
3033,2025-06-06,Gorakhpur,Paid Search,Female,25-34
3034,2024-12-13,Gorakhpur,Organic Search,Female,25-34
3035,2025-08-19,Jaipur,Email,Female,35-44
3036,2024-12-22,Indore,Organic Search,Male,45-54
3037,2024-12-08,Pune,Affiliate,Female,18-24
3038,2025-04-23,Pune,Paid Social,Male,45-54
3039,2025-05-13,Delhi,Direct,Male,45-54
3040,2024-11-01,Ahmedabad,Paid Search,Female,18-24
3041,2025-01-12,Lucknow,Direct,Female,45-54
3042,2025-07-09,Indore,Organic Search,Male,35-44
3043,2024-11-18,Bhopal,Referral,Female,25-34
3044,2024-11-21,Chandigarh,Affiliate,Male,25-34
3045,2025-08-21,Chandigarh,Paid Social,Male,18-24
3046,2025-04-12,Bhopal,Organic Search,Female,45-54
3047,2025-05-10,Bhopal,Referral,Female,45-54
3048,2025-01-18,Indore,Organic Search,Male,35-44
3049,2025-06-11,Hyderabad,Paid Social,Male,45-54
3050,2025-11-10,Bhopal,Affiliate,Male,18-24
3051,2024-12-03,Pune,Paid Social,Female,45-54
3052,2025-05-30,Kochi,Affiliate,Male,35-44
3053,2024-11-13,Kochi,Organic Search,Male,25-34
3054,2025-10-08,Bhopal,Paid Search,Male,18-24
3055,2025-08-12,Delhi,Direct,Male,35-44
3056,2025-06-09,Hyderabad,Organic Search,Female,25-34
3057,2024-11-05,Bhopal,Affiliate,Female,45-54
3058,2025-12-25,Gorakhpur,Organic Search,Male,18-24
3059,2025-05-12,Kolkata,Organic Search,Female,25-34
3060,2025-07-16,Delhi,Organic Search,Female,45-54
3061,2025-02-11,Delhi,Affiliate,Female,18-24
3062,2024-11-14,Mumbai,Paid Social,Female,25-34
3063,2024-11-03,Bengaluru,Direct,Female,35-44
3064,2025-06-08,Chandigarh,Email,Female,25-34
3065,2024-12-02,Indore,Direct,Female,35-44
3066,2025-04-23,Chennai,Paid Search,Female,18-24
3067,2025-06-07,Bhopal,Paid Search,Male,35-44
3068,2025-08-11,Chandigarh,Organic Search,Male,25-34
3069,2024-11-11,Chandigarh,Paid Social,Male,45-54
3070,2025-05-20,Chennai,Organic Search,Male,35-44
3071,2025-12-18,Pune,Organic Search,Female,18-24
3072,2025-09-18,Indore,Paid Search,Male,35-44
3073,2025-07-11,Mumbai,Affiliate,Male,18-24
3074,2025-08-28,Gorakhpur,Organic Search,Male,35-44
3075,2024-11-16,Ahmedabad,Direct,Male,18-24
3076,2024-12-11,Delhi,Paid Search,Female,45-54
3077,2025-11-17,Jaipur,Paid Search,Female,35-44
3078,2025-08-03,Kochi,Organic Search,Female,18-24
3079,2025-10-18,Bengaluru,Affiliate,Female,45-54
3080,2025-11-14,Chennai,Paid Search,Male,45-54
3081,2024-12-11,Bengaluru,Paid Search,Female,18-24
3082,2025-02-24,Mumbai,Direct,Female,18-24
3083,2025-02-11,Kochi,Organic Search,Female,18-24
3084,2025-01-16,Kochi,Paid Social,Female,18-24
3085,2024-12-09,Pune,Direct,Female,18-24
3086,2024-11-16,Bhopal,Direct,Male,45-54
3087,2025-04-20,Ahmedabad,Affiliate,Female,35-44
3088,2025-05-19,Lucknow,Paid Social,Male,35-44
3089,2025-01-27,Delhi,Paid Search,Male,35-44
3090,2025-03-12,Kochi,Organic Search,Male,45-54
3091,2025-02-20,Jaipur,Organic Search,Female,18-24
3092,2025-08-23,Bengaluru,Paid Search,Female,45-54
3093,2025-04-15,Kolkata,Organic Search,Female,18-24
3094,2025-03-16,Bengaluru,Paid Search,Male,18-24
3095,2025-09-01,Ahmedabad,Direct,Female,18-24
3096,2025-10-06,Chennai,Organic Search,Male,45-54
3097,2024-11-09,Kolkata,Paid Search,Female,25-34
3098,2024-11-04,Chennai,Direct,Female,18-24
3099,2025-09-02,Jaipur,Paid Social,Male,45-54
3100,2025-01-01,Delhi,Affiliate,Female,25-34
3101,2024-11-02,Delhi,Paid Search,Female,35-44
3102,2025-02-26,Lucknow,Direct,Female,18-24
3103,2024-12-04,Chennai,Paid Search,Female,25-34
3104,2025-05-11,Chandigarh,Organic Search,Male,45-54
3105,2025-11-09,Bhopal,Affiliate,Female,25-34
3106,2024-11-08,Jaipur,Paid Search,Female,25-34
3107,2025-06-28,Bengaluru,Paid Search,Female,35-44
3108,2025-02-08,Pune,Paid Search,Male,18-24
3109,2025-07-30,Bengaluru,Affiliate,Female,45-54
3110,2025-06-11,Pune,Organic Search,Female,35-44
3111,2025-04-30,Jaipur,Paid Search,Female,35-44
3112,2025-04-24,Gorakhpur,Paid Social,Other,18-24
3113,2025-01-07,Pune,Organic Search,Male,18-24
3114,2025-08-30,Kochi,Paid Social,Male,45-54
3115,2025-11-13,Lucknow,Paid Social,Female,45-54
3116,2025-05-27,Hyderabad,Direct,Female,45-54
3117,2025-06-21,Kolkata,Affiliate,Male,35-44
3118,2024-11-12,Mumbai,Email,Female,45-54
3119,2024-12-28,Ahmedabad,Organic Search,Male,25-34
3120,2024-12-12,Chennai,Organic Search,Female,25-34
3121,2025-07-19,Gorakhpur,Referral,Male,35-44
3122,2025-04-29,Lucknow,Email,Female,18-24
3123,2024-11-06,Pune,Affiliate,Female,45-54
3124,2025-09-23,Delhi,Referral,Female,45-54
3125,2024-11-04,Bhopal,Paid Search,Male,25-34
3126,2024-11-12,Kochi,Paid Social,Female,18-24
3127,2025-05-23,Pune,Direct,Female,18-24
3128,2024-12-12,Chandigarh,Direct,Male,45-54
3129,2025-10-26,Mumbai,Email,Male,18-24
3130,2025-07-16,Gorakhpur,Paid Search,Male,35-44
3131,2025-11-12,Kochi,Paid Search,Male,18-24
3132,2025-12-11,Bhopal,Email,Female,25-34
3133,2024-11-23,Bhopal,Organic Search,Male,25-34
3134,2025-04-23,Jaipur,Paid Search,Female,18-24
3135,2025-04-08,Bengaluru,Organic Search,Female,18-24
3136,2025-02-14,Gorakhpur,Paid Social,Female,25-34
3137,2025-09-19,Mumbai,Paid Social,Female,45-54
3138,2024-11-10,Mumbai,Direct,Male,45-54
3139,2025-06-15,Chandigarh,Paid Search,Female,45-54
3140,2025-04-17,Ahmedabad,Paid Search,Male,45-54
3141,2025-04-27,Bhopal,Referral,Male,18-24
3142,2024-12-22,Hyderabad,Paid Search,Male,35-44
3143,2025-10-29,Lucknow,Organic Search,Female,35-44
3144,2025-02-17,Jaipur,Paid Search,Male,25-34
3145,2025-03-15,Chandigarh,Direct,Male,25-34
3146,2025-01-13,Mumbai,Paid Social,Male,45-54
3147,2025-04-28,Gorakhpur,Email,Male,45-54
3148,2024-11-28,Bhopal,Direct,Male,45-54
3149,2025-06-30,Lucknow,Paid Social,Female,25-34
3150,2025-07-10,Kolkata,Referral,Female,45-54
3151,2025-03-26,Ahmedabad,Organic Search,Female,35-44
3152,2024-11-12,Bhopal,Organic Search,Female,25-34
3153,2025-09-09,Jaipur,Paid Social,Male,18-24
3154,2025-03-22,Chandigarh,Paid Search,Male,35-44
3155,2025-04-06,Jaipur,Paid Search,Female,18-24
3156,2025-10-13,Pune,Organic Search,Female,25-34
3157,2025-12-24,Ahmedabad,Affiliate,Male,18-24
3158,2025-02-17,Mumbai,Direct,Female,18-24
3159,2024-12-07,Lucknow,Affiliate,Male,25-34
3160,2025-01-22,Lucknow,Affiliate,Male,25-34
3161,2025-12-30,Indore,Email,Female,25-34
3162,2024-12-06,Bhopal,Direct,Female,25-34
3163,2025-12-18,Pune,Organic Search,Female,18-24
3164,2025-02-07,Indore,Affiliate,Female,25-34
3165,2025-01-23,Chandigarh,Referral,Female,25-34
3166,2024-12-20,Kolkata,Direct,Female,18-24
3167,2025-10-09,Pune,Direct,Female,45-54
3168,2025-02-07,Chandigarh,Organic Search,Male,18-24
3169,2025-08-09,Pune,Organic Search,Male,18-24
3170,2025-04-11,Indore,Referral,Female,45-54
3171,2025-03-04,Mumbai,Paid Search,Female,45-54
3172,2024-12-23,Mumbai,Paid Search,Male,35-44
3173,2025-05-19,Gorakhpur,Email,Female,35-44
3174,2025-04-11,Jaipur,Direct,Male,25-34
3175,2025-06-28,Indore,Paid Search,Male,45-54
3176,2025-01-05,Lucknow,Paid Search,Female,18-24
3177,2025-01-11,Chennai,Paid Search,Male,18-24
3178,2024-11-13,Indore,Direct,Male,25-34
3179,2024-11-05,Ahmedabad,Direct,Other,25-34
3180,2025-06-27,Indore,Paid Social,Female,18-24
3181,2024-11-07,Gorakhpur,Organic Search,Male,25-34
3182,2025-09-13,Chandigarh,Paid Search,Male,45-54
3183,2024-12-05,Kolkata,Paid Social,Male,25-34
3184,2024-11-11,Chennai,Paid Search,Female,18-24
3185,2025-01-29,Bengaluru,Organic Search,Male,35-44
3186,2025-08-29,Lucknow,Paid Social,Female,18-24
3187,2024-12-30,Kolkata,Paid Social,Male,35-44
3188,2025-08-16,Jaipur,Direct,Male,45-54
3189,2025-03-20,Chandigarh,Organic Search,Female,25-34
3190,2024-11-01,Pune,Affiliate,Female,35-44
3191,2025-03-16,Jaipur,Paid Search,Male,45-54
3192,2025-08-15,Chennai,Paid Social,Male,25-34
3193,2025-08-14,Bengaluru,Affiliate,Female,25-34
3194,2025-09-29,Chandigarh,Paid Social,Female,45-54
3195,2025-08-15,Delhi,Email,Male,35-44
3196,2025-06-29,Kolkata,Organic Search,Male,35-44
3197,2024-12-11,Indore,Organic Search,Male,45-54
3198,2024-11-23,Delhi,Organic Search,Female,25-34
3199,2025-12-06,Kolkata,Affiliate,Male,45-54
3200,2025-06-25,Kolkata,Paid Search,Female,35-44
3201,2025-05-14,Mumbai,Paid Social,Female,35-44
3202,2025-07-04,Chennai,Organic Search,Male,35-44
3203,2025-04-05,Kolkata,Paid Search,Other,18-24
3204,2025-08-02,Bengaluru,Referral,Female,45-54
3205,2025-03-12,Jaipur,Paid Search,Female,18-24
3206,2024-11-26,Chennai,Paid Search,Female,18-24
3207,2025-11-15,Delhi,Paid Social,Other,45-54
3208,2025-08-20,Gorakhpur,Email,Male,18-24
3209,2024-11-20,Delhi,Organic Search,Female,35-44
3210,2024-12-11,Ahmedabad,Affiliate,Female,45-54
3211,2025-01-17,Kolkata,Paid Search,Male,18-24
3212,2025-03-04,Kochi,Paid Social,Male,35-44
3213,2025-12-19,Delhi,Referral,Female,18-24
3214,2025-06-13,Hyderabad,Direct,Female,35-44
3215,2025-01-23,Pune,Affiliate,Female,45-54
3216,2024-12-18,Pune,Direct,Male,35-44
3217,2025-07-21,Kochi,Email,Male,18-24
3218,2024-11-19,Bhopal,Organic Search,Male,45-54
3219,2024-12-28,Chandigarh,Paid Search,Male,45-54
3220,2025-06-19,Kochi,Direct,Other,45-54
3221,2025-02-22,Chandigarh,Affiliate,Female,35-44
3222,2025-05-30,Delhi,Direct,Female,18-24
3223,2024-12-01,Jaipur,Affiliate,Female,25-34
3224,2025-09-06,Chennai,Email,Male,18-24
3225,2025-08-26,Chandigarh,Organic Search,Female,25-34
3226,2025-09-10,Indore,Paid Social,Male,18-24
3227,2025-02-01,Hyderabad,Referral,Female,25-34
3228,2024-12-22,Chennai,Email,Male,35-44
3229,2024-11-01,Kochi,Email,Male,18-24
3230,2025-03-27,Kolkata,Direct,Female,35-44
3231,2025-03-27,Kolkata,Organic Search,Female,25-34
3232,2024-12-26,Gorakhpur,Paid Social,Male,35-44
3233,2024-12-20,Jaipur,Organic Search,Female,35-44
3234,2025-06-22,Lucknow,Paid Search,Female,18-24
3235,2024-11-01,Chandigarh,Direct,Male,35-44
3236,2024-12-14,Delhi,Paid Search,Female,35-44
3237,2025-10-09,Chandigarh,Direct,Male,45-54
3238,2025-12-22,Chandigarh,Paid Search,Female,18-24
3239,2025-01-03,Ahmedabad,Referral,Male,25-34
3240,2025-09-17,Kochi,Organic Search,Female,25-34
3241,2024-12-18,Chandigarh,Paid Social,Female,45-54
3242,2025-07-04,Delhi,Organic Search,Male,25-34
3243,2025-05-03,Hyderabad,Organic Search,Female,18-24
3244,2024-11-21,Gorakhpur,Organic Search,Male,45-54
3245,2024-11-02,Delhi,Email,Male,25-34
3246,2025-12-19,Jaipur,Paid Search,Male,25-34
3247,2024-11-25,Kochi,Organic Search,Female,25-34
3248,2024-12-11,Bengaluru,Email,Female,45-54
3249,2025-03-04,Bengaluru,Paid Social,Male,45-54
3250,2025-07-07,Jaipur,Organic Search,Female,35-44
3251,2024-11-30,Mumbai,Paid Social,Female,25-34
3252,2025-10-24,Chennai,Paid Social,Male,18-24
3253,2025-05-02,Chandigarh,Affiliate,Female,45-54
3254,2025-08-15,Jaipur,Affiliate,Male,25-34
3255,2025-01-06,Lucknow,Paid Social,Female,18-24
3256,2024-11-02,Chandigarh,Organic Search,Other,45-54
3257,2025-09-15,Delhi,Paid Social,Female,35-44
3258,2025-11-23,Lucknow,Referral,Female,18-24
3259,2025-01-12,Bengaluru,Email,Female,45-54
3260,2025-02-15,Bengaluru,Organic Search,Male,45-54
3261,2025-11-05,Mumbai,Paid Social,Male,25-34
3262,2025-12-22,Ahmedabad,Organic Search,Male,18-24
3263,2025-02-06,Bhopal,Affiliate,Male,45-54
3264,2024-11-03,Chennai,Direct,Male,25-34
3265,2025-02-19,Pune,Paid Search,Male,45-54
3266,2025-04-05,Lucknow,Paid Search,Female,45-54
3267,2025-05-11,Jaipur,Affiliate,Female,45-54
3268,2025-04-17,Gorakhpur,Paid Search,Male,45-54
3269,2025-04-03,Gorakhpur,Direct,Female,18-24
3270,2025-01-24,Lucknow,Paid Social,Female,35-44
3271,2025-02-28,Ahmedabad,Organic Search,Male,18-24
3272,2025-06-25,Bengaluru,Paid Social,Male,25-34
3273,2025-02-19,Chennai,Direct,Female,25-34
3274,2025-01-30,Mumbai,Paid Social,Male,18-24
3275,2025-08-02,Lucknow,Referral,Female,25-34
3276,2025-11-21,Chennai,Affiliate,Female,35-44
3277,2025-12-11,Ahmedabad,Organic Search,Female,18-24
3278,2025-06-13,Pune,Organic Search,Female,25-34
3279,2025-08-15,Gorakhpur,Organic Search,Male,25-34
3280,2024-12-26,Lucknow,Direct,Female,25-34
3281,2025-02-21,Delhi,Organic Search,Male,45-54
3282,2025-01-13,Ahmedabad,Paid Search,Female,35-44
3283,2025-07-10,Bhopal,Paid Social,Female,35-44
3284,2025-06-18,Kochi,Paid Social,Male,35-44
3285,2025-02-21,Bengaluru,Paid Search,Male,25-34
3286,2024-11-16,Ahmedabad,Email,Male,18-24
3287,2025-11-19,Gorakhpur,Organic Search,Female,35-44
3288,2025-02-11,Ahmedabad,Referral,Female,25-34
3289,2024-12-25,Delhi,Email,Female,35-44
3290,2025-10-18,Pune,Email,Female,18-24
3291,2025-03-14,Bhopal,Direct,Male,25-34
3292,2024-11-23,Ahmedabad,Paid Social,Female,25-34
3293,2025-12-26,Bhopal,Organic Search,Male,35-44
3294,2024-11-01,Chandigarh,Organic Search,Female,18-24
3295,2024-11-10,Bengaluru,Paid Search,Male,45-54
3296,2025-10-17,Kochi,Organic Search,Male,35-44
3297,2024-11-29,Bhopal,Organic Search,Female,35-44
3298,2024-12-10,Chandigarh,Affiliate,Female,25-34
3299,2024-12-03,Mumbai,Organic Search,Male,35-44
3300,2025-06-18,Ahmedabad,Organic Search,Female,18-24
3301,2025-10-11,Pune,Paid Search,Male,35-44
3302,2025-06-28,Gorakhpur,Paid Social,Female,45-54
3303,2025-02-12,Hyderabad,Paid Search,Male,45-54
3304,2025-01-17,Pune,Paid Search,Male,18-24
3305,2025-02-12,Lucknow,Direct,Male,25-34
3306,2025-12-15,Pune,Organic Search,Male,18-24
3307,2024-12-06,Chandigarh,Affiliate,Female,35-44
3308,2025-01-12,Chandigarh,Organic Search,Male,45-54
3309,2024-12-09,Ahmedabad,Organic Search,Male,25-34
3310,2025-12-11,Indore,Affiliate,Female,35-44
3311,2025-04-01,Hyderabad,Email,Female,25-34
3312,2025-02-15,Kochi,Organic Search,Female,45-54
3313,2024-11-03,Hyderabad,Paid Search,Male,25-34
3314,2025-12-24,Bhopal,Referral,Female,25-34
3315,2025-04-11,Chennai,Referral,Male,45-54
3316,2025-11-08,Gorakhpur,Affiliate,Male,35-44
3317,2025-02-09,Bengaluru,Organic Search,Female,18-24
3318,2025-02-25,Pune,Paid Search,Male,45-54
3319,2025-01-22,Chennai,Direct,Female,45-54
3320,2024-11-23,Indore,Paid Search,Male,18-24
3321,2025-04-08,Chandigarh,Paid Social,Female,18-24
3322,2025-03-18,Indore,Direct,Female,18-24
3323,2025-10-19,Mumbai,Organic Search,Other,45-54
3324,2025-08-12,Mumbai,Referral,Male,18-24
3325,2024-11-19,Indore,Affiliate,Male,45-54
3326,2024-11-04,Delhi,Direct,Male,45-54
3327,2025-07-08,Hyderabad,Paid Social,Female,35-44
3328,2025-06-28,Delhi,Organic Search,Other,18-24
3329,2025-06-11,Bhopal,Organic Search,Female,35-44
3330,2025-10-08,Delhi,Organic Search,Male,18-24
3331,2024-11-08,Hyderabad,Organic Search,Male,25-34
3332,2025-10-30,Chandigarh,Paid Social,Male,35-44
3333,2025-02-23,Chennai,Email,Female,35-44
3334,2024-11-03,Mumbai,Affiliate,Male,25-34
3335,2025-09-21,Jaipur,Paid Search,Female,35-44
3336,2025-07-03,Chennai,Paid Search,Male,25-34
3337,2025-06-11,Bengaluru,Affiliate,Female,45-54
3338,2024-12-28,Hyderabad,Direct,Male,18-24
3339,2024-12-04,Mumbai,Email,Female,35-44
3340,2024-11-16,Hyderabad,Organic Search,Female,35-44
3341,2024-11-06,Gorakhpur,Paid Search,Male,18-24
3342,2025-12-01,Chennai,Referral,Male,25-34
3343,2025-12-04,Chandigarh,Paid Social,Male,35-44
3344,2025-06-21,Bengaluru,Paid Social,Female,18-24
3345,2024-11-02,Ahmedabad,Paid Social,Male,18-24
3346,2025-05-30,Kolkata,Paid Social,Male,18-24
3347,2024-11-07,Ahmedabad,Paid Social,Female,18-24
3348,2025-08-12,Ahmedabad,Email,Female,25-34
3349,2025-07-08,Gorakhpur,Referral,Female,35-44
3350,2025-01-04,Chennai,Direct,Male,18-24
3351,2024-11-01,Kolkata,Paid Search,Male,25-34
3352,2025-01-13,Delhi,Organic Search,Male,18-24
3353,2024-11-07,Kolkata,Organic Search,Female,25-34
3354,2025-10-25,Mumbai,Organic Search,Female,35-44
3355,2024-11-29,Delhi,Organic Search,Male,25-34
3356,2024-12-08,Chennai,Paid Social,Male,18-24
3357,2024-11-01,Lucknow,Affiliate,Female,45-54
3358,2025-09-17,Hyderabad,Organic Search,Female,45-54
3359,2025-03-25,Delhi,Paid Social,Male,18-24
3360,2024-11-09,Hyderabad,Paid Social,Male,18-24
3361,2024-12-26,Bhopal,Direct,Male,35-44
3362,2025-07-29,Jaipur,Referral,Male,45-54
3363,2025-01-09,Delhi,Paid Search,Female,45-54
3364,2025-01-05,Hyderabad,Paid Social,Male,25-34
3365,2025-02-14,Delhi,Affiliate,Male,25-34
3366,2025-03-02,Delhi,Paid Social,Female,45-54
3367,2025-12-19,Indore,Email,Male,18-24
3368,2025-10-30,Chandigarh,Organic Search,Female,25-34
3369,2024-12-10,Bengaluru,Affiliate,Female,45-54
3370,2025-06-29,Gorakhpur,Organic Search,Male,25-34
3371,2024-11-06,Jaipur,Email,Male,45-54
3372,2025-07-11,Lucknow,Direct,Female,18-24
3373,2025-08-09,Hyderabad,Paid Search,Female,35-44
3374,2025-04-13,Lucknow,Organic Search,Male,45-54
3375,2025-06-23,Indore,Paid Search,Male,45-54
3376,2025-04-16,Bengaluru,Organic Search,Male,35-44
3377,2025-11-06,Chandigarh,Paid Search,Male,25-34
3378,2024-11-06,Lucknow,Referral,Male,45-54
3379,2025-10-25,Pune,Affiliate,Female,35-44
3380,2025-10-04,Jaipur,Direct,Female,45-54
3381,2024-11-24,Jaipur,Organic Search,Female,35-44
3382,2025-04-07,Kochi,Direct,Male,25-34
3383,2025-06-08,Pune,Organic Search,Female,35-44
3384,2025-03-15,Hyderabad,Paid Social,Male,18-24
3385,2024-11-06,Chennai,Referral,Male,25-34
3386,2025-06-29,Indore,Direct,Male,18-24
3387,2024-11-16,Bengaluru,Direct,Female,25-34
3388,2024-12-08,Indore,Organic Search,Female,35-44
3389,2025-09-24,Bhopal,Organic Search,Female,35-44
3390,2025-07-09,Chandigarh,Organic Search,Male,18-24
3391,2025-02-14,Kolkata,Email,Female,25-34
3392,2024-11-01,Bengaluru,Referral,Female,25-34
3393,2025-11-17,Ahmedabad,Paid Search,Female,18-24
3394,2025-05-13,Chandigarh,Paid Social,Female,18-24
3395,2025-06-03,Mumbai,Referral,Female,18-24
3396,2025-03-07,Lucknow,Paid Social,Female,25-34
3397,2025-04-28,Hyderabad,Referral,Female,18-24
3398,2024-12-21,Indore,Affiliate,Male,35-44
3399,2024-11-06,Delhi,Paid Social,Female,18-24
3400,2025-08-26,Mumbai,Organic Search,Female,18-24
3401,2025-03-21,Jaipur,Paid Social,Male,45-54
3402,2025-09-19,Ahmedabad,Email,Male,18-24
3403,2025-01-31,Bhopal,Direct,Female,45-54
3404,2025-01-23,Lucknow,Organic Search,Female,35-44
3405,2025-01-02,Kolkata,Organic Search,Female,25-34
3406,2025-06-20,Hyderabad,Direct,Male,45-54
3407,2025-01-16,Lucknow,Paid Social,Female,45-54
3408,2024-11-30,Kolkata,Affiliate,Female,18-24
3409,2024-11-09,Pune,Referral,Female,45-54
3410,2025-06-10,Indore,Email,Female,35-44
3411,2024-12-22,Gorakhpur,Organic Search,Female,18-24
3412,2025-04-05,Lucknow,Paid Search,Male,18-24
3413,2025-07-21,Delhi,Referral,Male,35-44
3414,2025-10-30,Gorakhpur,Direct,Male,45-54
3415,2024-12-21,Chennai,Organic Search,Male,25-34
3416,2025-07-10,Pune,Referral,Male,25-34
3417,2025-10-19,Chennai,Direct,Female,25-34
3418,2024-12-15,Kochi,Referral,Female,25-34
3419,2024-11-08,Chennai,Direct,Male,45-54
3420,2025-02-09,Indore,Paid Social,Female,45-54
3421,2025-08-12,Indore,Paid Social,Male,35-44
3422,2025-03-20,Kolkata,Affiliate,Male,35-44
3423,2025-07-11,Bhopal,Referral,Male,25-34
3424,2025-01-23,Chennai,Paid Social,Male,35-44
3425,2025-02-04,Lucknow,Referral,Male,45-54
3426,2025-12-05,Hyderabad,Organic Search,Male,25-34
3427,2024-11-08,Chennai,Paid Social,Female,18-24
3428,2025-04-24,Bhopal,Email,Male,35-44
3429,2025-03-24,Delhi,Affiliate,Male,25-34
3430,2025-01-09,Lucknow,Referral,Female,35-44
3431,2025-09-21,Kochi,Organic Search,Male,18-24
3432,2025-02-28,Delhi,Referral,Female,18-24
3433,2024-12-21,Bhopal,Paid Social,Male,18-24
3434,2025-12-29,Gorakhpur,Referral,Male,25-34
3435,2024-12-16,Kolkata,Email,Male,35-44
3436,2025-08-11,Hyderabad,Email,Male,18-24
3437,2025-02-28,Gorakhpur,Paid Social,Male,25-34
3438,2024-11-12,Bhopal,Email,Female,18-24
3439,2025-03-19,Chennai,Paid Search,Male,25-34
3440,2025-11-15,Indore,Organic Search,Male,18-24
3441,2025-11-05,Chennai,Paid Search,Female,35-44
3442,2025-09-03,Indore,Direct,Male,45-54
3443,2025-10-19,Ahmedabad,Paid Search,Female,45-54
3444,2024-11-04,Gorakhpur,Paid Search,Male,18-24
3445,2025-06-24,Chennai,Paid Social,Male,25-34
3446,2024-12-09,Ahmedabad,Paid Search,Female,45-54
3447,2025-02-07,Hyderabad,Paid Social,Female,18-24
3448,2024-11-13,Gorakhpur,Email,Male,35-44
3449,2025-09-03,Bhopal,Affiliate,Female,18-24
3450,2025-11-12,Gorakhpur,Paid Social,Female,18-24
3451,2024-11-03,Ahmedabad,Email,Male,25-34
3452,2025-07-15,Delhi,Organic Search,Female,25-34
3453,2024-11-15,Pune,Organic Search,Female,18-24
3454,2025-08-07,Kolkata,Organic Search,Female,18-24
3455,2025-03-18,Bengaluru,Organic Search,Female,25-34
3456,2025-01-29,Indore,Paid Social,Female,45-54
3457,2024-11-27,Lucknow,Direct,Male,45-54
3458,2025-08-15,Indore,Paid Social,Female,35-44
3459,2025-09-10,Gorakhpur,Email,Female,25-34
3460,2024-11-21,Indore,Organic Search,Male,45-54
3461,2024-12-10,Bhopal,Direct,Female,25-34
3462,2024-11-01,Ahmedabad,Paid Social,Male,25-34
3463,2025-08-14,Hyderabad,Paid Social,Female,18-24
3464,2025-03-24,Ahmedabad,Referral,Female,18-24
3465,2025-04-13,Jaipur,Paid Search,Female,45-54
3466,2025-08-18,Jaipur,Organic Search,Male,25-34
3467,2025-01-30,Ahmedabad,Organic Search,Female,45-54
3468,2024-11-11,Kochi,Direct,Other,25-34
3469,2025-10-21,Jaipur,Paid Search,Male,25-34
3470,2025-07-02,Ahmedabad,Referral,Male,45-54
3471,2025-11-09,Jaipur,Affiliate,Male,45-54
3472,2025-03-11,Chandigarh,Paid Social,Female,25-34
3473,2024-12-05,Hyderabad,Referral,Other,25-34
3474,2024-11-19,Indore,Organic Search,Female,18-24
3475,2025-07-29,Delhi,Paid Social,Female,25-34
3476,2025-07-08,Gorakhpur,Direct,Male,25-34
3477,2024-11-28,Kolkata,Referral,Female,25-34
3478,2025-09-07,Chennai,Direct,Female,18-24
3479,2025-10-26,Bhopal,Paid Social,Male,45-54
3480,2025-10-03,Kochi,Paid Social,Male,18-24
3481,2024-12-23,Ahmedabad,Direct,Female,25-34
3482,2024-11-01,Hyderabad,Direct,Male,35-44
3483,2025-08-09,Chennai,Direct,Female,18-24
3484,2024-12-08,Kolkata,Paid Social,Male,35-44
3485,2025-06-09,Kochi,Paid Social,Male,35-44
3486,2025-02-01,Pune,Paid Social,Male,18-24
3487,2025-01-23,Mumbai,Paid Social,Male,18-24
3488,2025-01-25,Indore,Paid Search,Female,18-24
3489,2025-04-21,Chennai,Email,Female,35-44
3490,2024-11-01,Mumbai,Referral,Male,45-54
3491,2025-05-03,Chennai,Organic Search,Female,45-54
3492,2025-01-22,Ahmedabad,Organic Search,Male,25-34
3493,2024-11-01,Delhi,Organic Search,Male,18-24
3494,2025-05-19,Mumbai,Direct,Female,18-24
3495,2024-11-21,Hyderabad,Organic Search,Male,45-54
3496,2025-10-29,Ahmedabad,Direct,Female,45-54
3497,2025-02-09,Jaipur,Paid Search,Female,18-24
3498,2024-11-24,Ahmedabad,Paid Search,Female,25-34
3499,2024-11-17,Gorakhpur,Direct,Male,45-54
3500,2025-12-03,Jaipur,Direct,Female,45-54
3501,2025-06-01,Hyderabad,Paid Search,Male,25-34
3502,2025-11-21,Bhopal,Direct,Male,35-44
3503,2024-12-04,Gorakhpur,Direct,Male,35-44
3504,2025-01-04,Jaipur,Organic Search,Male,35-44
3505,2024-11-28,Bengaluru,Organic Search,Female,18-24
3506,2025-01-19,Chennai,Organic Search,Female,45-54
3507,2024-12-24,Gorakhpur,Paid Social,Female,35-44
3508,2025-03-12,Bengaluru,Direct,Female,45-54
3509,2025-02-05,Gorakhpur,Paid Social,Male,45-54
3510,2025-02-07,Lucknow,Paid Search,Female,35-44
3511,2025-10-16,Kochi,Organic Search,Female,35-44
3512,2025-02-17,Pune,Referral,Male,18-24
3513,2024-11-02,Chennai,Paid Social,Male,45-54
3514,2024-12-03,Kolkata,Paid Search,Male,45-54
3515,2025-05-15,Ahmedabad,Referral,Female,35-44
3516,2024-11-18,Hyderabad,Direct,Female,18-24
3517,2025-06-26,Indore,Paid Search,Female,35-44
3518,2025-01-19,Delhi,Organic Search,Female,25-34
3519,2025-02-17,Mumbai,Paid Social,Male,35-44
3520,2025-11-05,Jaipur,Direct,Male,35-44
3521,2025-05-13,Pune,Paid Social,Female,45-54
3522,2024-12-16,Chandigarh,Referral,Female,35-44
3523,2025-07-24,Pune,Paid Social,Male,35-44
3524,2025-05-13,Bhopal,Paid Social,Male,25-34
3525,2025-07-28,Indore,Paid Social,Male,35-44
3526,2024-12-25,Hyderabad,Paid Search,Male,35-44
3527,2025-10-11,Jaipur,Paid Social,Male,25-34
3528,2024-11-20,Chennai,Organic Search,Female,25-34
3529,2025-05-10,Bhopal,Paid Search,Female,35-44
3530,2024-11-11,Bengaluru,Organic Search,Other,45-54
3531,2024-11-17,Mumbai,Direct,Male,18-24
3532,2025-03-11,Kochi,Paid Social,Female,25-34
3533,2024-12-28,Kolkata,Direct,Female,45-54
3534,2025-08-25,Chandigarh,Organic Search,Female,25-34
3535,2024-11-01,Lucknow,Paid Social,Female,35-44
3536,2025-01-30,Indore,Organic Search,Male,18-24
3537,2025-09-08,Indore,Organic Search,Male,18-24
3538,2024-11-18,Indore,Organic Search,Male,35-44
3539,2025-09-29,Jaipur,Email,Male,45-54
3540,2024-11-30,Gorakhpur,Paid Search,Male,45-54
3541,2025-12-06,Kolkata,Paid Search,Male,18-24
3542,2025-11-09,Mumbai,Direct,Female,35-44
3543,2025-04-14,Indore,Organic Search,Female,45-54
3544,2024-12-09,Bhopal,Organic Search,Male,35-44
3545,2024-11-04,Bhopal,Organic Search,Female,45-54
3546,2024-11-23,Delhi,Direct,Female,25-34
3547,2024-12-02,Delhi,Paid Search,Female,25-34
3548,2025-06-05,Hyderabad,Organic Search,Male,45-54
3549,2025-03-23,Chandigarh,Direct,Male,18-24
3550,2024-11-02,Gorakhpur,Affiliate,Female,25-34
3551,2025-04-22,Chandigarh,Paid Social,Male,18-24
3552,2024-11-22,Mumbai,Affiliate,Male,45-54
3553,2025-02-22,Ahmedabad,Paid Social,Female,18-24
3554,2025-01-02,Bengaluru,Affiliate,Female,35-44
3555,2025-11-25,Kochi,Organic Search,Male,35-44
3556,2025-02-15,Ahmedabad,Paid Social,Male,25-34
3557,2024-12-03,Delhi,Organic Search,Male,25-34
3558,2024-11-01,Chennai,Organic Search,Female,18-24
3559,2024-12-07,Hyderabad,Email,Female,25-34
3560,2024-12-18,Mumbai,Paid Search,Male,18-24
3561,2025-06-13,Ahmedabad,Paid Search,Female,18-24
3562,2025-02-22,Chandigarh,Paid Search,Female,35-44
3563,2025-07-27,Bhopal,Paid Social,Male,25-34
3564,2024-12-25,Bengaluru,Paid Social,Female,25-34
3565,2025-11-01,Jaipur,Direct,Male,45-54
3566,2024-11-26,Pune,Organic Search,Male,25-34
3567,2024-11-04,Ahmedabad,Paid Search,Female,18-24
3568,2024-11-10,Delhi,Direct,Male,25-34
3569,2024-12-30,Bengaluru,Email,Female,45-54
3570,2025-11-05,Bhopal,Paid Social,Male,18-24
3571,2025-09-13,Gorakhpur,Paid Search,Male,35-44
3572,2025-09-09,Lucknow,Paid Social,Male,25-34
3573,2025-11-11,Chennai,Organic Search,Male,25-34
3574,2025-04-07,Delhi,Email,Male,45-54
3575,2025-05-22,Kochi,Paid Social,Male,25-34
3576,2024-11-22,Chandigarh,Paid Search,Male,35-44
3577,2025-02-01,Pune,Affiliate,Male,25-34
3578,2025-11-25,Gorakhpur,Paid Search,Female,18-24
3579,2025-08-22,Mumbai,Organic Search,Female,18-24
3580,2024-11-15,Jaipur,Paid Search,Female,35-44
3581,2025-12-19,Chandigarh,Paid Search,Male,18-24
3582,2025-06-12,Bhopal,Email,Female,18-24
3583,2025-10-02,Indore,Paid Search,Female,25-34
3584,2025-05-06,Lucknow,Paid Social,Male,35-44
3585,2025-06-26,Chennai,Organic Search,Male,18-24
3586,2025-03-18,Delhi,Organic Search,Male,45-54
3587,2025-07-26,Jaipur,Paid Social,Female,25-34
3588,2024-11-01,Delhi,Email,Female,45-54
3589,2024-11-27,Gorakhpur,Direct,Male,45-54
3590,2025-09-24,Hyderabad,Organic Search,Male,18-24
3591,2025-06-25,Hyderabad,Affiliate,Male,35-44
3592,2025-01-02,Kochi,Email,Female,45-54
3593,2025-03-25,Chennai,Paid Search,Female,45-54
3594,2024-11-01,Kochi,Organic Search,Female,45-54
3595,2025-08-05,Mumbai,Direct,Male,35-44
3596,2024-11-30,Ahmedabad,Direct,Female,25-34
3597,2025-02-06,Hyderabad,Direct,Female,35-44
3598,2025-02-12,Ahmedabad,Paid Social,Male,45-54
3599,2025-01-08,Bhopal,Organic Search,Female,25-34
3600,2024-11-01,Kolkata,Organic Search,Female,18-24
3601,2024-11-19,Bengaluru,Direct,Male,25-34
3602,2024-11-21,Mumbai,Paid Social,Female,45-54
3603,2024-12-08,Chennai,Organic Search,Female,45-54
3604,2024-12-12,Gorakhpur,Paid Social,Male,25-34
3605,2025-05-31,Lucknow,Organic Search,Male,25-34
3606,2024-11-03,Chennai,Paid Social,Male,18-24
3607,2025-05-31,Mumbai,Paid Search,Female,18-24
3608,2024-12-09,Kochi,Paid Search,Female,35-44
3609,2025-04-24,Hyderabad,Email,Male,25-34
3610,2024-11-06,Delhi,Direct,Male,18-24
3611,2025-11-27,Mumbai,Organic Search,Female,35-44
3612,2025-03-26,Mumbai,Email,Male,25-34
3613,2025-10-06,Jaipur,Paid Search,Female,45-54
3614,2025-01-01,Chandigarh,Organic Search,Male,35-44
3615,2024-12-20,Kolkata,Paid Search,Female,35-44
3616,2025-07-27,Gorakhpur,Affiliate,Female,45-54
3617,2024-11-27,Bhopal,Email,Male,45-54
3618,2025-05-27,Kochi,Paid Search,Female,35-44
3619,2025-08-11,Gorakhpur,Referral,Female,45-54
3620,2025-07-26,Mumbai,Affiliate,Male,25-34
3621,2024-12-08,Mumbai,Direct,Male,45-54
3622,2025-08-30,Hyderabad,Organic Search,Female,35-44
3623,2025-06-23,Delhi,Organic Search,Male,25-34
3624,2025-08-22,Indore,Organic Search,Female,18-24
3625,2024-11-10,Ahmedabad,Email,Female,45-54
3626,2025-05-01,Lucknow,Paid Search,Female,18-24
3627,2025-06-03,Hyderabad,Paid Search,Female,18-24
3628,2024-11-05,Kolkata,Email,Female,25-34
3629,2025-07-02,Chennai,Organic Search,Male,25-34
3630,2025-04-08,Kolkata,Organic Search,Female,18-24
3631,2024-11-01,Chennai,Direct,Male,35-44
3632,2024-12-15,Hyderabad,Paid Search,Male,18-24
3633,2025-11-17,Delhi,Paid Search,Male,25-34
3634,2025-06-07,Lucknow,Paid Search,Female,45-54
3635,2025-02-06,Delhi,Direct,Male,45-54
3636,2025-11-16,Delhi,Email,Male,25-34
3637,2025-10-14,Bhopal,Paid Search,Female,25-34
3638,2024-12-07,Bhopal,Paid Search,Male,35-44
3639,2025-05-25,Jaipur,Email,Male,45-54
3640,2024-11-27,Hyderabad,Paid Search,Female,35-44
3641,2025-12-07,Mumbai,Organic Search,Female,25-34
3642,2024-12-03,Lucknow,Paid Social,Female,25-34
3643,2025-01-18,Indore,Organic Search,Male,18-24
3644,2025-04-03,Chandigarh,Paid Social,Male,18-24
3645,2025-02-09,Ahmedabad,Email,Female,18-24
3646,2025-02-16,Chennai,Direct,Male,25-34
3647,2024-11-01,Jaipur,Email,Female,35-44
3648,2024-12-16,Delhi,Organic Search,Female,45-54
3649,2025-12-01,Bhopal,Organic Search,Female,18-24
3650,2025-01-20,Lucknow,Paid Search,Male,25-34
3651,2025-04-09,Gorakhpur,Paid Social,Female,18-24
3652,2025-12-24,Delhi,Affiliate,Male,45-54
3653,2025-01-26,Kolkata,Referral,Female,25-34
3654,2025-05-13,Kochi,Paid Social,Female,35-44
3655,2025-02-26,Jaipur,Paid Social,Male,25-34
3656,2025-01-16,Pune,Paid Social,Male,18-24
3657,2025-08-04,Bhopal,Direct,Female,18-24
3658,2025-02-25,Delhi,Direct,Male,45-54
3659,2025-02-16,Pune,Referral,Female,45-54
3660,2025-04-24,Bengaluru,Paid Social,Male,45-54
3661,2025-01-04,Pune,Direct,Male,35-44
3662,2025-02-09,Jaipur,Organic Search,Female,35-44
3663,2024-11-13,Pune,Paid Search,Male,35-44
3664,2024-12-04,Jaipur,Direct,Male,18-24
3665,2025-12-29,Lucknow,Paid Social,Female,35-44
3666,2024-12-29,Lucknow,Organic Search,Female,45-54
3667,2025-10-10,Delhi,Paid Social,Female,18-24
3668,2024-11-24,Ahmedabad,Organic Search,Female,45-54
3669,2024-12-29,Bengaluru,Direct,Female,25-34
3670,2024-12-23,Chennai,Affiliate,Female,25-34
3671,2024-11-01,Lucknow,Email,Male,18-24
3672,2025-01-12,Kochi,Paid Social,Male,25-34
3673,2025-05-17,Pune,Direct,Male,18-24
3674,2025-04-14,Kochi,Paid Social,Female,25-34
3675,2025-11-11,Chennai,Paid Search,Male,18-24
3676,2024-11-01,Chennai,Organic Search,Male,45-54
3677,2024-11-11,Chandigarh,Email,Male,25-34
3678,2024-11-01,Chennai,Referral,Female,18-24
3679,2025-04-17,Hyderabad,Affiliate,Male,35-44
3680,2025-02-19,Jaipur,Paid Search,Male,18-24
3681,2025-06-04,Delhi,Paid Search,Female,18-24
3682,2024-11-02,Hyderabad,Direct,Female,18-24
3683,2024-11-04,Pune,Paid Social,Female,35-44
3684,2024-11-17,Bengaluru,Paid Search,Female,35-44
3685,2025-06-10,Jaipur,Referral,Male,45-54
3686,2025-09-05,Pune,Paid Social,Male,45-54
3687,2024-11-19,Mumbai,Affiliate,Female,35-44
3688,2025-05-13,Ahmedabad,Paid Search,Female,45-54
3689,2025-08-06,Kochi,Organic Search,Female,18-24
3690,2025-01-12,Gorakhpur,Organic Search,Male,35-44
3691,2025-02-23,Ahmedabad,Organic Search,Female,45-54
3692,2025-01-03,Chandigarh,Paid Social,Female,25-34
3693,2025-05-08,Mumbai,Paid Social,Male,25-34
3694,2025-04-05,Ahmedabad,Paid Social,Male,25-34
3695,2024-12-28,Hyderabad,Direct,Female,18-24
3696,2024-11-01,Delhi,Paid Social,Male,18-24
3697,2025-11-14,Indore,Organic Search,Male,25-34
3698,2025-11-09,Gorakhpur,Direct,Male,45-54
3699,2024-11-22,Jaipur,Affiliate,Male,25-34
3700,2025-05-16,Indore,Paid Search,Male,35-44
3701,2024-11-26,Pune,Paid Search,Female,35-44
3702,2024-11-19,Mumbai,Email,Female,35-44
3703,2025-03-16,Ahmedabad,Direct,Female,35-44
3704,2025-11-05,Gorakhpur,Paid Search,Female,35-44
3705,2025-05-07,Ahmedabad,Paid Social,Female,45-54
3706,2024-12-11,Hyderabad,Paid Social,Female,25-34
3707,2025-01-01,Indore,Email,Male,35-44
3708,2024-11-13,Ahmedabad,Affiliate,Female,35-44
3709,2025-06-30,Ahmedabad,Referral,Female,35-44
3710,2025-09-23,Bengaluru,Direct,Female,45-54
3711,2025-03-25,Hyderabad,Organic Search,Female,25-34
3712,2025-02-15,Mumbai,Email,Male,25-34
3713,2025-09-09,Lucknow,Paid Search,Other,45-54
3714,2025-11-18,Jaipur,Paid Search,Female,25-34
3715,2025-09-01,Chennai,Paid Search,Male,45-54
3716,2025-04-10,Pune,Organic Search,Male,45-54
3717,2024-11-29,Chennai,Direct,Female,45-54
3718,2025-06-24,Kochi,Paid Social,Male,35-44
3719,2025-07-15,Chandigarh,Paid Search,Male,18-24
3720,2024-11-11,Mumbai,Paid Search,Female,45-54
3721,2024-11-30,Kolkata,Paid Social,Female,45-54
3722,2025-02-24,Delhi,Paid Social,Male,45-54
3723,2025-05-02,Pune,Organic Search,Female,45-54
3724,2024-11-18,Pune,Direct,Male,45-54
3725,2024-12-20,Bengaluru,Email,Male,18-24
3726,2025-06-23,Jaipur,Organic Search,Male,35-44
3727,2025-03-12,Jaipur,Paid Search,Male,35-44
3728,2024-11-24,Jaipur,Direct,Male,35-44
3729,2025-10-29,Pune,Organic Search,Female,35-44
3730,2025-05-17,Kochi,Referral,Male,45-54
3731,2025-04-29,Jaipur,Paid Search,Male,35-44
3732,2025-09-08,Chennai,Email,Male,35-44
3733,2025-07-29,Jaipur,Organic Search,Male,18-24
3734,2024-11-28,Indore,Organic Search,Male,18-24
3735,2025-09-06,Jaipur,Paid Social,Female,45-54
3736,2025-10-25,Bhopal,Paid Search,Female,35-44
3737,2025-11-05,Chennai,Paid Social,Male,35-44
3738,2025-08-22,Ahmedabad,Organic Search,Male,25-34
3739,2025-03-31,Jaipur,Paid Social,Female,25-34
3740,2025-07-13,Hyderabad,Direct,Female,35-44
3741,2025-07-28,Mumbai,Affiliate,Male,25-34
3742,2025-05-12,Kochi,Referral,Female,35-44
3743,2025-11-24,Bengaluru,Paid Social,Male,18-24
3744,2025-07-20,Bhopal,Direct,Male,25-34
3745,2025-09-14,Lucknow,Paid Search,Female,35-44
3746,2024-11-20,Bhopal,Email,Female,25-34
3747,2024-12-08,Mumbai,Affiliate,Male,35-44
3748,2025-07-24,Bengaluru,Paid Search,Male,45-54
3749,2025-12-04,Kochi,Organic Search,Male,25-34
3750,2024-11-16,Indore,Paid Social,Male,18-24
3751,2025-04-25,Mumbai,Affiliate,Female,25-34
3752,2025-09-26,Pune,Referral,Female,35-44
3753,2025-01-19,Kolkata,Paid Social,Female,18-24
3754,2025-06-23,Jaipur,Paid Social,Male,18-24
3755,2024-11-03,Bhopal,Paid Social,Female,25-34
3756,2025-07-07,Mumbai,Organic Search,Male,45-54
3757,2024-12-04,Delhi,Affiliate,Male,18-24
3758,2024-12-07,Indore,Paid Social,Male,25-34
3759,2024-12-05,Lucknow,Paid Social,Female,18-24
3760,2025-05-21,Kochi,Paid Search,Male,45-54
3761,2024-11-10,Pune,Direct,Female,25-34
3762,2024-11-09,Kolkata,Paid Social,Male,25-34
3763,2025-04-30,Chennai,Paid Search,Female,18-24
3764,2024-11-11,Kolkata,Paid Social,Male,18-24
3765,2025-06-07,Bhopal,Affiliate,Female,45-54
3766,2024-11-28,Delhi,Organic Search,Male,45-54
3767,2025-12-28,Kolkata,Direct,Female,25-34
3768,2024-12-31,Kolkata,Paid Search,Male,35-44
3769,2024-11-06,Kolkata,Direct,Female,18-24
3770,2025-05-19,Chennai,Direct,Male,25-34
3771,2025-01-13,Gorakhpur,Email,Male,45-54
3772,2025-09-11,Chennai,Organic Search,Male,18-24
3773,2024-11-30,Bengaluru,Paid Search,Female,25-34
3774,2024-11-01,Kolkata,Organic Search,Female,25-34
3775,2025-11-16,Mumbai,Paid Search,Female,35-44
3776,2025-06-16,Jaipur,Paid Search,Male,25-34
3777,2025-05-03,Bhopal,Affiliate,Female,45-54
3778,2025-04-25,Ahmedabad,Organic Search,Female,18-24
3779,2025-04-22,Jaipur,Organic Search,Male,35-44
3780,2025-11-19,Chandigarh,Paid Search,Female,35-44
3781,2025-07-29,Kochi,Paid Social,Male,35-44
3782,2025-04-07,Delhi,Email,Male,18-24
3783,2025-02-28,Bengaluru,Email,Male,45-54
3784,2025-08-28,Mumbai,Referral,Male,45-54
3785,2025-09-18,Chandigarh,Affiliate,Male,18-24
3786,2024-12-04,Lucknow,Referral,Female,18-24
3787,2025-03-24,Ahmedabad,Organic Search,Female,35-44
3788,2025-12-05,Hyderabad,Paid Social,Female,35-44
3789,2025-08-02,Kochi,Paid Search,Female,25-34
3790,2025-07-08,Lucknow,Direct,Male,35-44
3791,2024-12-01,Kochi,Affiliate,Female,18-24
3792,2024-11-29,Delhi,Organic Search,Female,25-34
3793,2025-12-10,Mumbai,Email,Male,25-34
3794,2025-10-02,Mumbai,Paid Social,Male,35-44
3795,2025-02-27,Pune,Organic Search,Male,18-24
3796,2024-11-01,Ahmedabad,Direct,Male,35-44
3797,2024-11-11,Pune,Organic Search,Female,25-34
3798,2025-09-18,Bengaluru,Direct,Male,35-44
3799,2024-11-11,Delhi,Direct,Female,35-44
3800,2025-04-10,Lucknow,Paid Search,Male,45-54
3801,2024-11-21,Pune,Paid Social,Male,45-54
3802,2024-12-04,Mumbai,Organic Search,Other,35-44
3803,2025-08-21,Bengaluru,Organic Search,Female,25-34
3804,2024-11-26,Jaipur,Organic Search,Male,18-24
3805,2024-11-03,Jaipur,Paid Social,Female,45-54
3806,2024-12-07,Delhi,Paid Search,Male,45-54
3807,2025-06-26,Bhopal,Organic Search,Male,18-24
3808,2024-11-02,Chandigarh,Paid Social,Female,45-54
3809,2025-07-11,Chennai,Organic Search,Female,18-24
3810,2024-11-01,Lucknow,Paid Search,Female,18-24
3811,2024-11-10,Chennai,Paid Social,Male,18-24
3812,2024-11-02,Lucknow,Paid Search,Female,25-34
3813,2025-07-28,Ahmedabad,Organic Search,Female,18-24
3814,2024-11-13,Kolkata,Paid Search,Male,45-54
3815,2025-10-16,Ahmedabad,Direct,Female,18-24
3816,2024-11-02,Chennai,Affiliate,Male,35-44
3817,2025-07-23,Ahmedabad,Affiliate,Female,25-34
3818,2025-04-11,Mumbai,Referral,Female,18-24
3819,2025-03-01,Kolkata,Paid Social,Female,25-34
3820,2025-09-09,Pune,Affiliate,Male,25-34
3821,2024-11-29,Gorakhpur,Organic Search,Female,25-34
3822,2025-01-16,Lucknow,Organic Search,Female,18-24
3823,2024-11-19,Bhopal,Direct,Male,18-24
3824,2025-04-29,Kochi,Paid Social,Female,45-54
3825,2025-10-15,Bengaluru,Paid Social,Female,25-34
3826,2025-02-15,Chennai,Direct,Female,25-34
3827,2025-03-08,Ahmedabad,Organic Search,Male,35-44
3828,2025-07-10,Gorakhpur,Organic Search,Female,35-44
3829,2025-09-10,Jaipur,Paid Social,Female,45-54
3830,2024-11-03,Lucknow,Organic Search,Male,35-44
3831,2025-11-30,Bhopal,Paid Search,Male,25-34
3832,2025-08-28,Kolkata,Paid Search,Other,35-44
3833,2025-07-17,Bhopal,Affiliate,Female,45-54
3834,2025-04-16,Bhopal,Affiliate,Other,45-54
3835,2024-11-16,Bengaluru,Paid Search,Male,35-44
3836,2025-01-05,Jaipur,Paid Social,Male,45-54
3837,2025-09-06,Mumbai,Paid Search,Male,18-24
3838,2025-04-23,Lucknow,Paid Search,Male,25-34
3839,2024-11-09,Bengaluru,Paid Social,Female,25-34
3840,2025-02-04,Gorakhpur,Referral,Female,25-34
3841,2025-08-16,Pune,Referral,Male,45-54
3842,2024-12-23,Bengaluru,Referral,Female,18-24
3843,2024-12-09,Kolkata,Referral,Female,45-54
3844,2024-11-30,Bengaluru,Direct,Female,25-34
3845,2024-12-03,Gorakhpur,Direct,Male,25-34
3846,2025-10-04,Chennai,Paid Social,Female,25-34
3847,2025-08-02,Bengaluru,Organic Search,Female,45-54
3848,2024-12-16,Indore,Paid Social,Other,45-54
3849,2024-12-14,Bengaluru,Organic Search,Female,18-24
3850,2024-11-15,Chandigarh,Organic Search,Female,18-24
3851,2025-02-01,Gorakhpur,Affiliate,Female,25-34
3852,2024-11-19,Bhopal,Paid Search,Female,45-54
3853,2025-07-21,Kolkata,Direct,Female,35-44
3854,2025-01-01,Mumbai,Referral,Male,45-54
3855,2025-03-12,Hyderabad,Paid Social,Female,18-24
3856,2025-11-08,Lucknow,Affiliate,Female,25-34
3857,2024-12-16,Mumbai,Organic Search,Male,25-34
3858,2025-11-29,Mumbai,Organic Search,Female,18-24
3859,2025-01-08,Jaipur,Direct,Male,35-44
3860,2025-01-12,Lucknow,Organic Search,Male,35-44
3861,2024-11-21,Gorakhpur,Organic Search,Female,18-24
3862,2024-11-06,Chandigarh,Organic Search,Female,45-54
3863,2025-02-11,Kolkata,Paid Search,Male,35-44
3864,2024-12-27,Pune,Email,Male,45-54
3865,2025-02-23,Mumbai,Direct,Female,25-34
3866,2024-12-22,Bengaluru,Direct,Male,18-24
3867,2025-06-23,Delhi,Organic Search,Male,45-54
3868,2025-05-05,Bengaluru,Affiliate,Female,45-54
3869,2024-11-19,Jaipur,Paid Search,Male,45-54
3870,2024-12-20,Delhi,Paid Social,Female,35-44
3871,2025-05-26,Pune,Organic Search,Female,25-34
3872,2025-01-17,Bengaluru,Paid Search,Female,25-34
3873,2025-05-17,Jaipur,Referral,Male,35-44
3874,2024-11-12,Kolkata,Organic Search,Male,25-34
3875,2025-08-17,Chennai,Referral,Male,35-44
3876,2025-06-10,Mumbai,Email,Male,18-24
3877,2025-03-05,Bengaluru,Organic Search,Female,45-54
3878,2024-11-02,Jaipur,Organic Search,Female,25-34
3879,2025-03-02,Indore,Organic Search,Male,25-34
3880,2024-12-03,Lucknow,Email,Male,45-54
3881,2024-11-06,Bengaluru,Organic Search,Male,35-44
3882,2025-11-25,Bengaluru,Direct,Female,45-54
3883,2025-02-21,Kochi,Paid Social,Male,35-44
3884,2025-01-05,Bhopal,Direct,Female,25-34
3885,2025-10-22,Kolkata,Referral,Other,35-44
3886,2025-01-31,Mumbai,Referral,Male,35-44
3887,2024-12-13,Indore,Paid Social,Male,25-34
3888,2025-12-06,Kochi,Paid Social,Female,25-34
3889,2025-01-19,Mumbai,Referral,Female,45-54
3890,2025-04-06,Chennai,Organic Search,Male,25-34
3891,2025-09-10,Delhi,Direct,Female,18-24
3892,2025-03-25,Indore,Affiliate,Male,35-44
3893,2025-11-15,Delhi,Affiliate,Male,35-44
3894,2025-12-19,Lucknow,Referral,Male,45-54
3895,2025-09-26,Kochi,Paid Search,Male,35-44
3896,2025-03-09,Gorakhpur,Affiliate,Female,18-24
3897,2025-05-27,Bengaluru,Paid Social,Female,18-24
3898,2025-08-29,Lucknow,Paid Social,Female,35-44
3899,2025-12-13,Chennai,Organic Search,Male,25-34
3900,2025-01-04,Kolkata,Paid Social,Male,45-54
3901,2025-04-12,Delhi,Referral,Female,45-54
3902,2025-09-20,Chandigarh,Direct,Female,35-44
3903,2024-12-19,Bengaluru,Affiliate,Male,35-44
3904,2025-08-26,Mumbai,Direct,Male,18-24
3905,2025-06-13,Chandigarh,Direct,Female,18-24
3906,2025-04-04,Bengaluru,Paid Search,Male,45-54
3907,2024-12-12,Gorakhpur,Paid Social,Male,35-44
3908,2025-03-21,Chandigarh,Email,Female,18-24
3909,2025-04-03,Chandigarh,Paid Social,Female,18-24
3910,2025-12-26,Kochi,Paid Social,Male,35-44
3911,2025-09-22,Bengaluru,Affiliate,Female,25-34
3912,2025-09-03,Hyderabad,Paid Social,Male,35-44
3913,2024-11-08,Hyderabad,Direct,Male,18-24
3914,2025-07-03,Lucknow,Organic Search,Male,45-54
3915,2024-11-01,Ahmedabad,Referral,Female,45-54
3916,2024-11-04,Delhi,Organic Search,Female,25-34
3917,2024-11-12,Kochi,Paid Search,Male,18-24
3918,2024-11-08,Bengaluru,Affiliate,Male,25-34
3919,2025-01-01,Kochi,Referral,Female,18-24
3920,2025-07-27,Mumbai,Paid Search,Male,45-54
3921,2025-08-03,Bengaluru,Paid Search,Male,18-24
3922,2025-10-16,Bhopal,Affiliate,Male,35-44
3923,2025-06-20,Chandigarh,Direct,Other,35-44
3924,2024-11-11,Kochi,Direct,Male,45-54
3925,2025-09-07,Chennai,Paid Social,Male,18-24
3926,2024-11-08,Chennai,Referral,Female,25-34
3927,2025-07-02,Bhopal,Organic Search,Female,45-54
3928,2025-03-31,Delhi,Organic Search,Male,18-24
3929,2025-07-07,Kolkata,Paid Search,Female,18-24
3930,2025-04-14,Chandigarh,Paid Search,Male,25-34
3931,2024-11-17,Lucknow,Organic Search,Male,45-54
3932,2024-12-17,Mumbai,Paid Search,Female,45-54
3933,2025-01-15,Ahmedabad,Paid Social,Male,18-24
3934,2025-10-25,Chandigarh,Organic Search,Female,18-24
3935,2025-06-14,Chennai,Direct,Male,45-54
3936,2025-10-05,Bengaluru,Paid Search,Female,35-44
3937,2025-06-12,Chandigarh,Paid Social,Male,25-34
3938,2025-10-11,Delhi,Referral,Male,18-24
3939,2025-02-03,Kolkata,Organic Search,Male,45-54
3940,2025-04-14,Pune,Affiliate,Female,45-54
3941,2024-11-01,Gorakhpur,Affiliate,Male,18-24
3942,2025-02-21,Hyderabad,Direct,Male,35-44
3943,2025-06-27,Delhi,Referral,Female,18-24
3944,2025-07-19,Bhopal,Affiliate,Female,25-34
3945,2025-02-02,Bhopal,Organic Search,Female,25-34
3946,2025-01-24,Kochi,Referral,Male,35-44
3947,2025-10-21,Kochi,Organic Search,Female,18-24
3948,2025-05-17,Lucknow,Email,Female,35-44
3949,2025-03-22,Bengaluru,Paid Social,Female,18-24
3950,2025-07-20,Chandigarh,Direct,Female,18-24
3951,2025-01-07,Delhi,Paid Social,Female,18-24
3952,2025-01-29,Chandigarh,Direct,Male,45-54
3953,2025-06-28,Chandigarh,Paid Social,Female,35-44
3954,2024-12-12,Mumbai,Paid Search,Female,18-24
3955,2025-09-06,Pune,Email,Male,45-54
3956,2024-12-20,Ahmedabad,Referral,Female,45-54
3957,2025-09-28,Ahmedabad,Organic Search,Female,35-44
3958,2025-01-08,Kochi,Affiliate,Female,18-24
3959,2025-10-29,Chennai,Email,Male,25-34
3960,2024-12-12,Lucknow,Paid Social,Female,18-24
3961,2025-01-16,Kolkata,Paid Social,Male,18-24
3962,2025-08-03,Ahmedabad,Affiliate,Female,45-54
3963,2024-11-01,Pune,Paid Social,Female,35-44
3964,2025-08-08,Ahmedabad,Paid Search,Female,18-24
3965,2025-01-22,Bengaluru,Paid Search,Female,18-24
3966,2025-09-10,Chennai,Paid Search,Female,35-44
3967,2025-07-29,Gorakhpur,Paid Search,Male,45-54
3968,2025-06-10,Mumbai,Organic Search,Female,35-44
3969,2025-12-16,Chandigarh,Paid Search,Female,45-54
3970,2024-12-31,Pune,Organic Search,Female,35-44
3971,2025-07-02,Kolkata,Direct,Female,25-34
3972,2025-01-12,Kolkata,Affiliate,Male,45-54
3973,2025-12-18,Delhi,Email,Male,35-44
3974,2025-12-28,Kolkata,Paid Search,Female,18-24
3975,2025-02-25,Gorakhpur,Email,Female,45-54
3976,2025-11-24,Indore,Email,Female,35-44
3977,2024-12-05,Bhopal,Paid Search,Female,45-54
3978,2025-06-24,Delhi,Paid Social,Female,45-54
3979,2025-07-11,Lucknow,Affiliate,Female,18-24
3980,2025-08-23,Bhopal,Paid Search,Female,45-54
3981,2025-05-03,Bengaluru,Paid Social,Male,35-44
3982,2025-08-12,Chennai,Paid Social,Male,25-34
3983,2025-03-09,Indore,Paid Search,Female,35-44
3984,2025-05-05,Pune,Paid Search,Male,35-44
3985,2024-12-01,Chennai,Direct,Female,18-24
3986,2025-07-19,Bhopal,Paid Search,Female,35-44
3987,2025-01-17,Kochi,Organic Search,Female,18-24
3988,2024-12-14,Pune,Affiliate,Female,25-34
3989,2025-03-10,Indore,Email,Male,45-54
3990,2025-07-15,Indore,Organic Search,Female,25-34
3991,2025-03-13,Mumbai,Organic Search,Male,35-44
3992,2025-06-02,Lucknow,Paid Search,Female,45-54
3993,2024-11-12,Chandigarh,Organic Search,Female,35-44
3994,2024-11-14,Jaipur,Paid Social,Female,25-34
3995,2024-11-02,Mumbai,Organic Search,Male,18-24
3996,2024-12-05,Delhi,Email,Female,25-34
3997,2025-07-25,Lucknow,Referral,Male,18-24
3998,2024-11-10,Pune,Referral,Female,45-54
3999,2024-12-22,Bengaluru,Affiliate,Female,18-24
4000,2025-10-06,Bhopal,Paid Search,Male,18-24
4001,2025-11-08,Mumbai,Affiliate,Female,25-34
4002,2025-02-25,Bhopal,Affiliate,Female,18-24
4003,2025-11-21,Hyderabad,Paid Social,Female,45-54
4004,2025-09-15,Bhopal,Organic Search,Female,25-34
4005,2025-09-26,Ahmedabad,Email,Female,35-44
4006,2025-08-15,Hyderabad,Paid Search,Male,18-24
4007,2025-04-08,Bengaluru,Referral,Male,35-44
4008,2024-12-20,Chennai,Organic Search,Male,35-44
4009,2024-11-13,Indore,Direct,Male,25-34
4010,2025-03-04,Chandigarh,Organic Search,Female,18-24
4011,2024-11-23,Kochi,Paid Search,Female,35-44
4012,2025-06-03,Chandigarh,Paid Social,Male,45-54
4013,2024-11-05,Indore,Affiliate,Female,45-54
4014,2025-05-31,Ahmedabad,Affiliate,Male,35-44
4015,2025-01-21,Ahmedabad,Organic Search,Female,35-44
4016,2024-11-02,Jaipur,Direct,Male,45-54
4017,2025-01-02,Indore,Organic Search,Female,35-44
4018,2025-07-29,Bengaluru,Affiliate,Female,18-24
4019,2025-06-10,Lucknow,Email,Male,25-34
4020,2025-05-05,Chandigarh,Organic Search,Female,35-44
4021,2025-08-11,Bhopal,Referral,Male,18-24
4022,2024-12-26,Bhopal,Paid Search,Female,25-34
4023,2024-11-26,Hyderabad,Organic Search,Female,25-34
4024,2024-11-01,Chennai,Organic Search,Female,25-34
4025,2025-08-31,Chandigarh,Email,Female,18-24
4026,2024-11-14,Hyderabad,Email,Other,35-44
4027,2025-01-11,Bhopal,Direct,Female,45-54
4028,2025-04-28,Chandigarh,Affiliate,Male,25-34
4029,2025-05-19,Hyderabad,Affiliate,Female,25-34
4030,2024-12-31,Bhopal,Paid Social,Female,45-54
4031,2024-11-17,Bengaluru,Affiliate,Female,25-34
4032,2024-11-15,Chandigarh,Affiliate,Female,35-44
4033,2024-11-10,Bengaluru,Email,Female,35-44
4034,2025-07-27,Bhopal,Paid Social,Male,25-34
4035,2025-11-28,Hyderabad,Organic Search,Male,45-54
4036,2024-12-02,Pune,Paid Search,Male,35-44
4037,2024-11-23,Kolkata,Email,Female,35-44
4038,2025-05-28,Bhopal,Paid Search,Female,18-24
4039,2025-04-30,Ahmedabad,Organic Search,Female,25-34
4040,2024-11-11,Indore,Paid Social,Female,45-54
4041,2025-09-27,Chennai,Paid Social,Female,45-54
4042,2024-12-17,Bhopal,Organic Search,Female,18-24
4043,2025-10-19,Ahmedabad,Paid Search,Male,25-34
4044,2024-11-02,Delhi,Paid Search,Male,35-44
4045,2025-01-07,Bengaluru,Organic Search,Female,18-24
4046,2024-11-06,Kochi,Direct,Female,18-24
4047,2025-01-07,Indore,Paid Social,Male,18-24
4048,2025-04-28,Hyderabad,Organic Search,Male,18-24
4049,2025-03-29,Bhopal,Paid Search,Male,25-34
4050,2024-12-20,Delhi,Direct,Female,35-44
4051,2025-09-30,Mumbai,Organic Search,Female,25-34
4052,2025-07-03,Chandigarh,Paid Social,Male,18-24
4053,2025-05-03,Bengaluru,Direct,Female,45-54
4054,2025-03-17,Gorakhpur,Paid Search,Female,25-34
4055,2025-12-05,Chandigarh,Email,Female,45-54
4056,2025-01-20,Lucknow,Paid Social,Male,25-34
4057,2025-01-15,Gorakhpur,Direct,Female,45-54
4058,2024-12-24,Chennai,Email,Male,35-44
4059,2025-07-18,Kochi,Paid Search,Male,25-34
4060,2025-12-12,Kolkata,Paid Social,Male,45-54
4061,2024-11-18,Bengaluru,Affiliate,Male,35-44
4062,2025-02-06,Lucknow,Organic Search,Male,35-44
4063,2025-01-03,Chandigarh,Organic Search,Male,35-44
4064,2025-07-19,Lucknow,Organic Search,Female,25-34
4065,2024-11-26,Bengaluru,Email,Male,25-34
4066,2025-01-20,Bhopal,Affiliate,Male,25-34
4067,2025-07-31,Ahmedabad,Referral,Female,45-54
4068,2024-11-30,Bhopal,Affiliate,Female,18-24
4069,2024-11-10,Chandigarh,Referral,Female,35-44
4070,2024-11-09,Delhi,Paid Search,Male,18-24
4071,2025-05-10,Kolkata,Direct,Female,45-54
4072,2024-11-03,Bengaluru,Paid Social,Female,35-44
4073,2025-09-11,Lucknow,Organic Search,Female,25-34
4074,2024-11-29,Pune,Paid Search,Male,18-24
4075,2025-07-08,Bengaluru,Direct,Male,18-24
4076,2025-04-25,Chandigarh,Paid Social,Female,25-34
4077,2024-11-18,Ahmedabad,Paid Social,Female,25-34
4078,2025-01-31,Bengaluru,Organic Search,Female,18-24
4079,2025-11-15,Ahmedabad,Organic Search,Male,35-44
4080,2025-02-07,Bhopal,Paid Social,Male,45-54
4081,2025-09-13,Kolkata,Organic Search,Male,45-54
4082,2024-12-26,Indore,Direct,Male,18-24
4083,2024-11-01,Ahmedabad,Paid Social,Female,35-44
4084,2025-02-16,Kolkata,Paid Search,Male,25-34
4085,2025-06-14,Kochi,Organic Search,Male,45-54
4086,2024-11-14,Chandigarh,Direct,Male,35-44
4087,2025-07-06,Pune,Referral,Female,25-34
4088,2025-07-07,Pune,Paid Social,Male,35-44
4089,2024-11-14,Ahmedabad,Direct,Female,45-54
4090,2025-06-06,Chennai,Paid Social,Female,45-54
4091,2025-10-22,Kolkata,Affiliate,Male,25-34
4092,2025-08-19,Delhi,Direct,Male,18-24
4093,2025-09-05,Chandigarh,Email,Female,35-44
4094,2025-09-29,Jaipur,Organic Search,Female,18-24
4095,2025-09-16,Lucknow,Paid Search,Male,25-34
4096,2025-01-01,Bhopal,Organic Search,Female,25-34
4097,2025-02-25,Pune,Paid Social,Female,45-54
4098,2024-11-25,Kolkata,Paid Social,Male,25-34
4099,2025-03-21,Pune,Paid Social,Female,18-24
4100,2024-11-24,Chandigarh,Email,Female,25-34
4101,2025-01-29,Kolkata,Affiliate,Male,18-24
4102,2024-12-26,Hyderabad,Paid Search,Female,35-44
4103,2024-11-06,Bengaluru,Organic Search,Male,25-34
4104,2025-03-21,Bhopal,Paid Social,Female,35-44
4105,2024-11-26,Pune,Paid Social,Female,18-24
4106,2025-09-15,Chandigarh,Organic Search,Female,18-24
4107,2024-12-20,Pune,Paid Search,Female,45-54
4108,2025-07-19,Ahmedabad,Paid Social,Female,35-44
4109,2024-12-25,Kolkata,Paid Search,Male,18-24
4110,2025-04-09,Gorakhpur,Paid Search,Male,35-44
4111,2025-10-12,Kolkata,Paid Social,Male,25-34
4112,2025-06-17,Hyderabad,Paid Social,Female,18-24
4113,2025-01-25,Indore,Paid Social,Female,35-44
4114,2025-09-04,Lucknow,Direct,Female,18-24
4115,2024-11-21,Indore,Paid Search,Female,18-24
4116,2024-11-01,Chennai,Paid Search,Female,45-54
4117,2025-06-02,Kolkata,Affiliate,Female,25-34
4118,2025-01-24,Kolkata,Affiliate,Female,18-24
4119,2024-12-10,Pune,Paid Social,Male,25-34
4120,2024-12-06,Gorakhpur,Paid Social,Female,25-34
4121,2024-11-01,Indore,Paid Social,Male,18-24
4122,2025-04-12,Indore,Organic Search,Female,45-54
4123,2025-10-18,Lucknow,Paid Search,Male,18-24
4124,2025-05-14,Ahmedabad,Affiliate,Female,45-54
4125,2025-01-11,Chennai,Paid Search,Male,18-24
4126,2025-02-02,Lucknow,Affiliate,Female,35-44
4127,2025-06-18,Jaipur,Organic Search,Male,45-54
4128,2025-12-22,Kochi,Organic Search,Female,35-44
4129,2025-09-23,Gorakhpur,Affiliate,Female,25-34
4130,2024-11-19,Ahmedabad,Organic Search,Female,45-54
4131,2025-08-04,Jaipur,Affiliate,Male,45-54
4132,2024-11-02,Delhi,Paid Social,Male,18-24
4133,2025-02-07,Bhopal,Organic Search,Male,18-24
4134,2025-03-09,Lucknow,Referral,Male,18-24
4135,2025-06-14,Jaipur,Paid Search,Male,45-54
4136,2024-11-15,Indore,Organic Search,Female,25-34
4137,2025-08-09,Mumbai,Paid Social,Female,18-24
4138,2025-04-05,Pune,Affiliate,Male,25-34
4139,2025-02-09,Bengaluru,Paid Social,Female,25-34
4140,2025-12-12,Chandigarh,Organic Search,Female,35-44
4141,2025-01-02,Lucknow,Referral,Male,18-24
4142,2024-12-27,Lucknow,Affiliate,Male,45-54
4143,2024-11-02,Delhi,Paid Social,Female,35-44
4144,2025-09-06,Bengaluru,Paid Search,Female,25-34
4145,2025-12-03,Jaipur,Paid Social,Male,35-44
4146,2025-06-06,Bengaluru,Paid Social,Male,18-24
4147,2025-03-06,Kolkata,Paid Search,Female,18-24
4148,2025-02-01,Gorakhpur,Paid Social,Female,25-34
4149,2025-06-17,Gorakhpur,Paid Social,Female,18-24
4150,2024-11-12,Pune,Direct,Male,25-34
4151,2025-10-26,Mumbai,Direct,Female,25-34
4152,2025-11-20,Mumbai,Affiliate,Female,25-34
4153,2025-02-11,Ahmedabad,Paid Social,Male,25-34
4154,2024-11-02,Bengaluru,Direct,Female,18-24
4155,2025-03-01,Jaipur,Paid Social,Female,45-54
4156,2025-04-13,Chandigarh,Direct,Female,35-44
4157,2025-09-20,Bengaluru,Paid Social,Male,18-24
4158,2025-03-02,Gorakhpur,Paid Search,Male,35-44
4159,2025-11-28,Gorakhpur,Organic Search,Female,35-44
4160,2024-11-09,Bengaluru,Paid Social,Female,18-24
4161,2025-07-09,Kolkata,Email,Male,25-34
4162,2025-08-25,Delhi,Paid Social,Female,18-24
4163,2025-04-04,Hyderabad,Affiliate,Male,45-54
4164,2024-11-05,Delhi,Affiliate,Other,45-54
4165,2024-12-01,Pune,Email,Female,25-34
4166,2025-01-10,Gorakhpur,Paid Search,Male,35-44
4167,2025-01-13,Kochi,Paid Search,Male,18-24
4168,2024-11-08,Indore,Organic Search,Female,25-34
4169,2025-01-01,Chennai,Direct,Female,18-24
4170,2025-04-30,Delhi,Referral,Male,45-54
4171,2025-01-24,Jaipur,Organic Search,Male,45-54
4172,2025-02-09,Indore,Affiliate,Female,45-54
4173,2025-06-01,Delhi,Paid Search,Male,35-44
4174,2024-12-14,Kochi,Paid Social,Male,35-44
4175,2024-11-03,Indore,Paid Social,Male,35-44
4176,2025-03-21,Jaipur,Organic Search,Male,35-44
4177,2025-08-12,Bengaluru,Paid Social,Male,45-54
4178,2025-09-10,Bhopal,Paid Social,Male,25-34
4179,2024-11-15,Lucknow,Email,Female,45-54
4180,2024-12-16,Indore,Paid Social,Female,25-34
4181,2025-12-30,Hyderabad,Referral,Female,45-54
4182,2025-02-08,Chandigarh,Paid Search,Male,45-54
4183,2024-12-27,Chennai,Organic Search,Male,45-54
4184,2025-12-09,Gorakhpur,Email,Male,25-34
4185,2025-07-26,Delhi,Referral,Male,45-54
4186,2024-11-29,Lucknow,Referral,Male,18-24
4187,2025-01-31,Ahmedabad,Paid Social,Male,45-54
4188,2024-11-27,Kolkata,Email,Male,25-34
4189,2025-05-01,Chandigarh,Direct,Male,25-34
4190,2024-12-07,Indore,Affiliate,Female,45-54
4191,2025-04-16,Ahmedabad,Paid Search,Female,25-34
4192,2025-01-27,Bengaluru,Affiliate,Female,25-34
4193,2024-12-18,Jaipur,Organic Search,Male,35-44
4194,2025-10-23,Mumbai,Affiliate,Female,25-34
4195,2025-12-14,Delhi,Paid Search,Other,45-54
4196,2024-11-01,Mumbai,Organic Search,Female,18-24
4197,2025-06-03,Ahmedabad,Direct,Male,25-34
4198,2025-09-18,Mumbai,Direct,Male,35-44
4199,2025-07-22,Kochi,Direct,Female,35-44
4200,2025-07-16,Hyderabad,Paid Search,Female,18-24
4201,2024-12-04,Ahmedabad,Affiliate,Female,45-54
4202,2024-11-17,Jaipur,Paid Search,Female,35-44
4203,2025-09-14,Delhi,Paid Social,Male,25-34
4204,2024-12-31,Lucknow,Organic Search,Male,25-34
4205,2024-11-05,Chennai,Organic Search,Male,18-24
4206,2025-04-23,Kolkata,Paid Search,Female,18-24
4207,2025-05-19,Bhopal,Paid Social,Male,25-34
4208,2025-11-04,Kochi,Paid Search,Male,18-24
4209,2025-06-01,Kolkata,Email,Female,18-24
4210,2024-11-09,Hyderabad,Direct,Male,18-24
4211,2025-02-26,Mumbai,Paid Social,Male,45-54
4212,2025-04-23,Delhi,Referral,Male,35-44
4213,2025-09-24,Hyderabad,Organic Search,Male,35-44
4214,2025-03-17,Delhi,Organic Search,Female,18-24
4215,2025-06-05,Lucknow,Paid Search,Female,45-54
4216,2024-11-11,Ahmedabad,Organic Search,Female,25-34
4217,2024-11-07,Chennai,Referral,Female,45-54
4218,2024-11-09,Gorakhpur,Paid Search,Female,18-24
4219,2024-11-20,Lucknow,Paid Social,Male,18-24
4220,2025-05-03,Hyderabad,Paid Search,Female,18-24
4221,2024-11-30,Chandigarh,Direct,Female,35-44
4222,2024-12-24,Jaipur,Paid Search,Male,35-44
4223,2025-03-18,Indore,Organic Search,Male,45-54
4224,2025-10-04,Chennai,Affiliate,Other,18-24
4225,2025-06-24,Chennai,Paid Search,Female,18-24
4226,2025-08-17,Bhopal,Direct,Male,35-44
4227,2024-11-09,Gorakhpur,Direct,Female,35-44
4228,2024-11-08,Hyderabad,Paid Social,Male,18-24
4229,2025-05-10,Chandigarh,Organic Search,Female,18-24
4230,2025-01-17,Mumbai,Paid Search,Male,18-24
4231,2025-01-08,Pune,Affiliate,Female,45-54
4232,2025-06-12,Gorakhpur,Paid Social,Female,45-54
4233,2024-11-04,Ahmedabad,Paid Search,Female,35-44
4234,2024-11-01,Kochi,Paid Social,Male,35-44
4235,2025-01-08,Jaipur,Paid Social,Female,18-24
4236,2025-12-27,Bhopal,Paid Social,Male,25-34
4237,2024-11-27,Bengaluru,Affiliate,Male,45-54
4238,2025-02-04,Indore,Organic Search,Male,25-34
4239,2025-03-27,Jaipur,Email,Male,35-44
4240,2025-05-22,Bengaluru,Direct,Male,18-24
4241,2024-11-21,Lucknow,Paid Social,Male,18-24
4242,2025-12-11,Indore,Paid Social,Female,25-34
4243,2025-10-05,Chennai,Direct,Male,25-34
4244,2024-12-03,Lucknow,Referral,Other,35-44
4245,2024-12-21,Bhopal,Organic Search,Female,18-24
4246,2025-08-03,Ahmedabad,Affiliate,Female,45-54
4247,2025-12-25,Delhi,Organic Search,Female,18-24
4248,2025-05-07,Jaipur,Direct,Male,35-44
4249,2025-10-04,Hyderabad,Organic Search,Male,25-34
4250,2025-08-31,Mumbai,Paid Social,Female,35-44
4251,2025-04-14,Chennai,Paid Search,Female,45-54
4252,2024-12-14,Mumbai,Direct,Male,45-54
4253,2024-11-02,Chandigarh,Referral,Male,25-34
4254,2024-11-20,Lucknow,Paid Social,Male,18-24
4255,2025-03-10,Chennai,Referral,Male,35-44
4256,2025-03-12,Chandigarh,Direct,Female,25-34
4257,2025-11-06,Mumbai,Email,Female,18-24
4258,2024-12-29,Kochi,Direct,Male,35-44
4259,2025-07-15,Kolkata,Paid Search,Male,45-54
4260,2025-08-27,Delhi,Referral,Male,25-34
4261,2024-12-16,Lucknow,Direct,Female,18-24
4262,2025-01-24,Delhi,Referral,Male,18-24
4263,2025-07-21,Delhi,Paid Social,Female,45-54
4264,2024-11-01,Jaipur,Email,Female,35-44
4265,2025-11-13,Hyderabad,Organic Search,Female,45-54
4266,2024-12-13,Chennai,Affiliate,Female,18-24
4267,2025-05-31,Kochi,Paid Search,Female,18-24
4268,2024-11-01,Bengaluru,Organic Search,Male,25-34
4269,2024-11-05,Gorakhpur,Direct,Female,35-44
4270,2024-11-18,Chennai,Direct,Female,25-34
4271,2025-08-06,Chennai,Paid Search,Male,35-44
4272,2024-12-11,Gorakhpur,Organic Search,Male,45-54
4273,2024-11-03,Jaipur,Direct,Female,25-34
4274,2025-10-02,Bhopal,Paid Search,Male,45-54
4275,2025-11-17,Pune,Direct,Male,25-34
4276,2024-11-03,Jaipur,Paid Social,Male,35-44
4277,2025-06-25,Hyderabad,Email,Female,18-24
4278,2025-04-16,Mumbai,Direct,Male,45-54
4279,2025-01-18,Hyderabad,Paid Social,Female,35-44
4280,2025-08-03,Kolkata,Paid Social,Female,25-34
4281,2025-05-06,Delhi,Direct,Female,45-54
4282,2024-11-04,Kolkata,Direct,Female,45-54
4283,2024-11-12,Delhi,Paid Social,Female,45-54
4284,2024-11-02,Ahmedabad,Organic Search,Male,25-34
4285,2025-07-31,Kolkata,Email,Female,25-34
4286,2025-01-20,Chennai,Referral,Female,18-24
4287,2024-11-07,Gorakhpur,Referral,Female,45-54
4288,2024-12-11,Mumbai,Direct,Female,18-24
4289,2025-01-07,Jaipur,Organic Search,Female,18-24
4290,2025-01-27,Pune,Organic Search,Female,25-34
4291,2025-05-03,Lucknow,Paid Social,Female,45-54
4292,2025-12-09,Chennai,Direct,Female,35-44
4293,2025-06-26,Ahmedabad,Referral,Male,35-44
4294,2025-07-11,Bhopal,Organic Search,Male,45-54
4295,2025-02-21,Pune,Direct,Male,45-54
4296,2025-04-28,Kolkata,Paid Search,Male,25-34
4297,2024-12-02,Lucknow,Paid Social,Female,45-54
4298,2025-02-05,Chennai,Referral,Male,18-24
4299,2025-08-08,Indore,Referral,Male,45-54
4300,2025-08-26,Pune,Organic Search,Female,18-24
4301,2025-08-28,Delhi,Organic Search,Female,35-44
4302,2025-02-20,Hyderabad,Paid Social,Male,25-34
4303,2025-06-23,Ahmedabad,Direct,Female,25-34
4304,2024-12-06,Kolkata,Referral,Female,18-24
4305,2024-11-29,Delhi,Paid Search,Female,25-34
4306,2025-09-03,Bhopal,Referral,Male,45-54
4307,2025-05-16,Delhi,Paid Search,Female,45-54
4308,2025-03-09,Bhopal,Paid Social,Male,25-34
4309,2025-07-10,Gorakhpur,Email,Female,25-34
4310,2024-12-13,Lucknow,Organic Search,Female,18-24
4311,2024-11-06,Hyderabad,Direct,Male,25-34
4312,2025-03-28,Hyderabad,Paid Social,Male,45-54
4313,2025-06-07,Jaipur,Direct,Female,18-24
4314,2025-08-25,Kochi,Paid Search,Female,18-24
4315,2025-01-11,Chennai,Paid Social,Female,45-54
4316,2024-11-05,Chennai,Email,Female,18-24
4317,2024-12-03,Mumbai,Referral,Female,45-54
4318,2025-08-18,Hyderabad,Referral,Male,25-34
4319,2025-08-09,Gorakhpur,Paid Search,Male,25-34
4320,2025-11-03,Ahmedabad,Paid Search,Female,25-34
4321,2025-11-20,Indore,Paid Social,Female,18-24
4322,2025-11-30,Pune,Paid Social,Male,18-24
4323,2025-11-11,Hyderabad,Paid Search,Male,18-24
4324,2024-12-13,Chennai,Affiliate,Male,25-34
4325,2025-05-19,Delhi,Affiliate,Male,18-24
4326,2025-07-14,Ahmedabad,Organic Search,Male,35-44
4327,2025-07-14,Ahmedabad,Organic Search,Female,45-54
4328,2025-03-09,Jaipur,Affiliate,Female,45-54
4329,2025-02-15,Bhopal,Paid Social,Female,45-54
4330,2025-09-12,Bengaluru,Organic Search,Female,45-54
4331,2024-12-01,Chennai,Paid Search,Male,45-54
4332,2025-10-15,Kolkata,Affiliate,Male,35-44
4333,2025-04-24,Lucknow,Paid Social,Female,25-34
4334,2024-11-12,Lucknow,Email,Male,45-54
4335,2025-07-26,Indore,Affiliate,Female,18-24
4336,2024-12-19,Jaipur,Email,Female,35-44
4337,2025-09-02,Pune,Organic Search,Male,25-34
4338,2024-11-19,Kochi,Paid Social,Female,25-34
4339,2024-11-16,Lucknow,Direct,Female,45-54
4340,2024-11-11,Indore,Organic Search,Male,18-24
4341,2025-06-07,Chennai,Email,Male,35-44
4342,2024-12-10,Indore,Organic Search,Female,45-54
4343,2025-02-21,Bhopal,Direct,Male,25-34
4344,2025-11-01,Jaipur,Affiliate,Male,35-44
4345,2025-11-20,Kochi,Paid Social,Male,25-34
4346,2025-01-15,Indore,Direct,Female,45-54
4347,2024-11-06,Jaipur,Paid Search,Female,25-34
4348,2024-12-04,Jaipur,Paid Search,Male,18-24
4349,2025-01-12,Kochi,Paid Search,Female,45-54
4350,2025-03-31,Mumbai,Paid Social,Other,25-34
4351,2025-06-28,Gorakhpur,Paid Social,Female,35-44
4352,2025-03-06,Lucknow,Referral,Female,35-44
4353,2025-02-03,Chennai,Affiliate,Female,45-54
4354,2025-05-19,Chandigarh,Paid Search,Female,25-34
4355,2025-12-11,Kochi,Email,Male,25-34
4356,2024-12-03,Bengaluru,Affiliate,Male,18-24
4357,2025-04-24,Mumbai,Organic Search,Female,25-34
4358,2024-11-01,Chennai,Paid Social,Male,45-54
4359,2025-06-20,Pune,Paid Social,Female,45-54
4360,2025-01-09,Chennai,Affiliate,Male,35-44
4361,2024-11-11,Pune,Referral,Female,35-44
4362,2024-11-01,Jaipur,Organic Search,Female,45-54
4363,2025-08-30,Pune,Email,Male,35-44
4364,2024-11-07,Pune,Paid Social,Female,25-34
4365,2024-11-27,Pune,Paid Social,Female,45-54
4366,2025-11-16,Chandigarh,Organic Search,Male,25-34
4367,2024-12-03,Jaipur,Paid Social,Other,18-24
4368,2025-03-26,Chennai,Paid Social,Male,18-24
4369,2025-07-15,Hyderabad,Paid Search,Female,18-24
4370,2025-10-14,Bhopal,Paid Social,Female,25-34
4371,2025-03-26,Delhi,Paid Social,Female,35-44
4372,2025-07-16,Indore,Paid Search,Female,18-24
4373,2025-12-19,Pune,Affiliate,Male,25-34
4374,2024-12-23,Lucknow,Paid Search,Male,18-24
4375,2025-09-08,Ahmedabad,Paid Search,Male,45-54
4376,2024-11-18,Delhi,Paid Social,Male,18-24
4377,2024-12-05,Pune,Paid Social,Female,35-44
4378,2025-01-07,Hyderabad,Organic Search,Female,45-54
4379,2025-07-28,Jaipur,Paid Search,Male,18-24
4380,2025-04-24,Gorakhpur,Paid Search,Male,35-44
4381,2025-06-16,Lucknow,Email,Male,18-24
4382,2024-11-19,Bengaluru,Referral,Female,35-44
4383,2024-12-23,Chandigarh,Direct,Male,25-34
4384,2025-12-10,Jaipur,Paid Social,Male,25-34
4385,2025-01-12,Kochi,Paid Social,Male,45-54
4386,2024-12-01,Bengaluru,Paid Social,Female,45-54
4387,2025-06-10,Jaipur,Paid Search,Female,35-44
4388,2025-05-12,Mumbai,Referral,Male,18-24
4389,2025-03-27,Pune,Paid Search,Other,25-34
4390,2024-12-03,Chandigarh,Paid Search,Male,35-44
4391,2025-08-17,Kolkata,Paid Search,Male,35-44
4392,2024-11-12,Hyderabad,Paid Search,Male,25-34
4393,2024-11-25,Bengaluru,Email,Male,35-44
4394,2025-07-11,Lucknow,Paid Social,Male,25-34
4395,2025-03-03,Pune,Affiliate,Male,25-34
4396,2024-11-11,Hyderabad,Referral,Male,45-54
4397,2025-02-08,Hyderabad,Affiliate,Male,18-24
4398,2025-01-27,Jaipur,Referral,Male,18-24
4399,2025-03-07,Pune,Paid Search,Male,45-54
4400,2025-09-08,Lucknow,Affiliate,Female,18-24
4401,2025-11-16,Hyderabad,Email,Female,25-34
4402,2024-12-08,Ahmedabad,Paid Search,Male,18-24
4403,2025-12-17,Hyderabad,Email,Female,18-24
4404,2024-11-03,Chandigarh,Affiliate,Male,35-44
4405,2025-09-08,Indore,Email,Male,45-54
4406,2024-11-05,Pune,Email,Male,45-54
4407,2025-04-28,Mumbai,Direct,Male,45-54
4408,2025-02-15,Hyderabad,Paid Social,Male,18-24
4409,2025-12-23,Jaipur,Email,Male,18-24
4410,2025-09-20,Ahmedabad,Direct,Female,35-44
4411,2025-04-29,Lucknow,Paid Social,Female,35-44
4412,2025-01-26,Chandigarh,Referral,Male,45-54
4413,2024-11-25,Hyderabad,Affiliate,Female,45-54
4414,2025-02-11,Kochi,Paid Search,Female,18-24
4415,2025-06-21,Delhi,Paid Social,Female,45-54
4416,2025-06-18,Bhopal,Organic Search,Male,18-24
4417,2025-05-23,Mumbai,Paid Social,Male,18-24
4418,2024-11-22,Chandigarh,Paid Search,Male,45-54
4419,2025-09-23,Mumbai,Affiliate,Female,25-34
4420,2025-09-03,Kochi,Organic Search,Female,45-54
4421,2025-02-02,Lucknow,Affiliate,Female,18-24
4422,2024-11-04,Hyderabad,Paid Search,Female,25-34
4423,2025-05-02,Jaipur,Organic Search,Male,25-34
4424,2024-12-09,Jaipur,Email,Male,45-54
4425,2025-06-08,Ahmedabad,Direct,Male,25-34
4426,2025-07-06,Ahmedabad,Organic Search,Female,45-54
4427,2025-10-02,Kochi,Affiliate,Female,25-34
4428,2025-01-15,Bengaluru,Direct,Male,45-54
4429,2024-12-13,Delhi,Organic Search,Male,25-34
4430,2024-11-11,Gorakhpur,Paid Social,Female,35-44
4431,2025-02-23,Chennai,Email,Female,18-24
4432,2025-04-01,Gorakhpur,Direct,Male,25-34
4433,2025-03-28,Pune,Direct,Female,35-44
4434,2025-01-25,Hyderabad,Paid Search,Female,18-24
4435,2025-01-05,Ahmedabad,Paid Social,Male,18-24
4436,2025-07-28,Gorakhpur,Referral,Male,18-24
4437,2024-12-02,Ahmedabad,Paid Search,Female,45-54
4438,2025-09-05,Lucknow,Affiliate,Female,18-24
4439,2025-04-29,Kochi,Paid Search,Female,45-54
4440,2025-04-07,Delhi,Email,Female,35-44
4441,2025-08-27,Chennai,Direct,Female,35-44
4442,2024-12-21,Lucknow,Referral,Male,18-24
4443,2025-11-04,Kochi,Referral,Male,45-54
4444,2025-11-30,Mumbai,Affiliate,Female,25-34
4445,2025-05-14,Chandigarh,Paid Search,Female,25-34
4446,2025-10-06,Ahmedabad,Paid Social,Female,25-34
4447,2025-05-08,Delhi,Direct,Male,25-34
4448,2024-11-12,Jaipur,Paid Social,Male,25-34
4449,2025-07-05,Kochi,Organic Search,Female,35-44
4450,2025-11-09,Gorakhpur,Direct,Female,25-34
4451,2024-12-10,Kolkata,Paid Social,Male,35-44
4452,2024-11-06,Indore,Paid Social,Female,25-34
4453,2025-04-29,Bengaluru,Affiliate,Male,25-34
4454,2025-01-01,Kochi,Affiliate,Female,35-44
4455,2025-02-02,Chennai,Direct,Male,35-44
4456,2025-04-10,Bhopal,Direct,Male,35-44
4457,2025-07-21,Lucknow,Email,Female,18-24
4458,2025-02-24,Delhi,Paid Social,Male,18-24
4459,2025-03-27,Lucknow,Organic Search,Male,35-44
4460,2025-10-20,Chandigarh,Organic Search,Male,35-44
4461,2025-06-11,Bhopal,Paid Social,Female,35-44
4462,2025-09-04,Ahmedabad,Organic Search,Male,35-44
4463,2024-11-02,Lucknow,Referral,Male,25-34
4464,2025-04-06,Gorakhpur,Paid Social,Other,25-34
4465,2025-08-08,Delhi,Organic Search,Female,35-44
4466,2025-12-10,Lucknow,Direct,Male,45-54
4467,2025-07-03,Jaipur,Organic Search,Male,45-54
4468,2025-01-29,Lucknow,Paid Search,Male,45-54
4469,2025-02-12,Bengaluru,Referral,Female,35-44
4470,2025-07-25,Pune,Email,Female,18-24
4471,2024-11-18,Delhi,Affiliate,Female,25-34
4472,2024-12-22,Bengaluru,Paid Search,Female,25-34
4473,2025-07-13,Jaipur,Referral,Female,45-54
4474,2025-03-15,Bengaluru,Direct,Female,45-54
4475,2025-05-14,Gorakhpur,Paid Social,Female,45-54
4476,2024-11-15,Lucknow,Paid Social,Female,25-34
4477,2025-08-11,Ahmedabad,Paid Social,Female,45-54
4478,2025-10-31,Pune,Paid Search,Female,45-54
4479,2025-09-02,Kolkata,Organic Search,Female,25-34
4480,2025-01-30,Lucknow,Organic Search,Male,35-44
4481,2025-07-18,Bhopal,Direct,Male,35-44
4482,2025-01-21,Gorakhpur,Affiliate,Female,45-54
4483,2025-01-28,Chandigarh,Email,Female,18-24
4484,2024-11-02,Chandigarh,Email,Male,35-44
4485,2024-11-01,Chandigarh,Organic Search,Female,18-24
4486,2025-07-15,Kochi,Referral,Male,35-44
4487,2025-08-13,Pune,Email,Male,45-54
4488,2025-03-12,Bhopal,Organic Search,Female,18-24
4489,2025-01-02,Hyderabad,Affiliate,Female,35-44
4490,2024-12-25,Indore,Direct,Female,45-54
4491,2024-12-30,Delhi,Affiliate,Female,18-24
4492,2024-12-20,Ahmedabad,Affiliate,Female,45-54
4493,2025-05-02,Mumbai,Paid Social,Female,18-24
4494,2024-12-29,Pune,Paid Search,Female,45-54
4495,2025-06-02,Jaipur,Paid Search,Female,35-44
4496,2025-03-22,Indore,Organic Search,Male,45-54
4497,2025-12-07,Hyderabad,Organic Search,Male,35-44
4498,2024-11-10,Hyderabad,Organic Search,Female,45-54
4499,2024-11-26,Chandigarh,Organic Search,Female,18-24
4500,2025-04-12,Lucknow,Organic Search,Male,35-44
4501,2025-02-16,Chandigarh,Organic Search,Female,18-24
4502,2025-02-09,Kochi,Paid Search,Female,45-54
4503,2025-09-07,Hyderabad,Direct,Male,18-24
4504,2025-01-27,Indore,Paid Social,Male,18-24
4505,2025-02-08,Hyderabad,Organic Search,Female,45-54
4506,2025-10-09,Indore,Referral,Male,18-24
4507,2025-06-15,Delhi,Email,Female,18-24
4508,2024-11-10,Bengaluru,Affiliate,Female,45-54
4509,2024-11-03,Pune,Paid Social,Female,25-34
4510,2024-11-01,Kolkata,Referral,Female,25-34
4511,2024-12-04,Delhi,Direct,Female,25-34
4512,2024-12-25,Chennai,Organic Search,Female,25-34
4513,2024-11-29,Chennai,Organic Search,Female,18-24
4514,2024-11-10,Lucknow,Direct,Male,18-24
4515,2024-11-14,Jaipur,Organic Search,Female,25-34
4516,2025-04-25,Gorakhpur,Organic Search,Female,25-34
4517,2025-03-28,Mumbai,Referral,Male,25-34
4518,2024-12-15,Chennai,Paid Search,Male,45-54
4519,2025-06-17,Hyderabad,Paid Social,Female,45-54
4520,2025-01-01,Lucknow,Affiliate,Female,18-24
4521,2024-11-26,Kolkata,Paid Search,Female,35-44
4522,2024-11-26,Chandigarh,Organic Search,Male,35-44
4523,2024-12-16,Gorakhpur,Affiliate,Male,25-34
4524,2024-12-25,Gorakhpur,Paid Search,Male,25-34
4525,2025-05-18,Chennai,Affiliate,Female,18-24
4526,2025-01-13,Kolkata,Organic Search,Other,45-54
4527,2025-01-26,Kochi,Paid Social,Female,45-54
4528,2025-08-04,Delhi,Paid Social,Female,25-34
4529,2025-10-08,Lucknow,Paid Search,Male,45-54
4530,2025-01-01,Chandigarh,Paid Social,Other,25-34
4531,2024-12-17,Indore,Affiliate,Female,35-44
4532,2025-10-12,Pune,Affiliate,Male,45-54
4533,2025-02-20,Hyderabad,Paid Social,Female,45-54
4534,2024-11-16,Chandigarh,Direct,Male,35-44
4535,2025-07-26,Hyderabad,Organic Search,Male,45-54
4536,2025-03-18,Pune,Paid Search,Female,45-54
4537,2024-11-08,Kochi,Direct,Male,45-54
4538,2025-11-28,Jaipur,Direct,Male,35-44
4539,2024-12-23,Pune,Referral,Female,35-44
4540,2025-03-21,Gorakhpur,Paid Search,Male,45-54
4541,2025-08-16,Jaipur,Paid Social,Female,45-54
4542,2025-05-02,Lucknow,Paid Social,Male,18-24
4543,2025-02-13,Hyderabad,Paid Social,Male,18-24
4544,2024-11-11,Jaipur,Email,Male,45-54
4545,2024-11-09,Ahmedabad,Paid Social,Male,45-54
4546,2024-11-17,Indore,Organic Search,Female,18-24
4547,2025-11-22,Lucknow,Paid Social,Female,45-54
4548,2025-12-03,Bengaluru,Email,Male,25-34
4549,2025-02-01,Hyderabad,Paid Social,Female,18-24
4550,2025-12-16,Hyderabad,Paid Social,Male,35-44
4551,2025-08-15,Delhi,Paid Search,Female,35-44
4552,2025-09-17,Kochi,Direct,Male,45-54
4553,2025-09-20,Chandigarh,Paid Social,Female,25-34
4554,2025-05-06,Indore,Paid Search,Male,35-44
4555,2024-11-01,Lucknow,Paid Social,Female,18-24
4556,2025-12-26,Gorakhpur,Organic Search,Female,45-54
4557,2025-07-09,Mumbai,Paid Search,Male,45-54
4558,2025-12-23,Gorakhpur,Organic Search,Male,25-34
4559,2024-12-08,Mumbai,Paid Social,Female,45-54
4560,2024-11-12,Chandigarh,Paid Social,Male,18-24
4561,2025-02-07,Lucknow,Direct,Male,18-24
4562,2025-08-02,Hyderabad,Organic Search,Female,35-44
4563,2024-12-07,Kolkata,Email,Male,25-34
4564,2025-12-02,Chandigarh,Paid Social,Female,18-24
4565,2025-09-09,Indore,Paid Search,Female,18-24
4566,2025-11-30,Ahmedabad,Email,Male,18-24
4567,2024-11-07,Jaipur,Paid Social,Female,45-54
4568,2024-11-01,Gorakhpur,Paid Social,Male,18-24
4569,2025-08-08,Pune,Organic Search,Male,25-34
4570,2025-10-22,Jaipur,Organic Search,Male,45-54
4571,2025-09-26,Kolkata,Email,Male,18-24
4572,2025-07-26,Lucknow,Organic Search,Male,25-34
4573,2024-12-30,Kochi,Organic Search,Male,35-44
4574,2025-03-22,Chennai,Direct,Female,35-44
4575,2025-10-18,Hyderabad,Referral,Female,18-24
4576,2025-02-17,Lucknow,Direct,Other,18-24
4577,2025-03-14,Lucknow,Referral,Female,45-54
4578,2024-11-05,Ahmedabad,Paid Social,Female,18-24
4579,2025-08-19,Bhopal,Organic Search,Female,18-24
4580,2025-04-29,Kochi,Paid Social,Male,25-34
4581,2025-01-03,Kochi,Paid Search,Female,18-24
4582,2024-12-29,Kochi,Organic Search,Female,35-44
4583,2025-01-07,Bhopal,Email,Male,25-34
4584,2025-12-10,Jaipur,Paid Search,Female,45-54
4585,2024-12-31,Lucknow,Paid Search,Female,18-24
4586,2024-11-03,Pune,Direct,Male,18-24
4587,2025-06-06,Chandigarh,Paid Social,Male,35-44
4588,2024-11-25,Mumbai,Direct,Female,18-24
4589,2024-11-07,Bhopal,Paid Social,Female,35-44
4590,2024-11-04,Kolkata,Paid Search,Male,25-34
4591,2025-02-02,Pune,Paid Social,Male,35-44
4592,2024-11-25,Chandigarh,Paid Social,Male,35-44
4593,2025-10-21,Gorakhpur,Organic Search,Female,45-54
4594,2025-07-10,Indore,Organic Search,Female,35-44
4595,2025-03-30,Chennai,Email,Female,35-44
4596,2025-03-24,Lucknow,Referral,Female,18-24
4597,2024-11-02,Gorakhpur,Organic Search,Male,35-44
4598,2025-02-20,Gorakhpur,Paid Social,Male,25-34
4599,2025-01-24,Pune,Affiliate,Male,25-34
4600,2025-02-26,Ahmedabad,Direct,Female,45-54
4601,2024-11-17,Kolkata,Direct,Female,35-44
4602,2025-01-31,Bengaluru,Organic Search,Male,18-24
4603,2024-12-30,Bhopal,Referral,Female,25-34
4604,2024-11-01,Jaipur,Affiliate,Male,45-54
4605,2025-10-01,Chandigarh,Paid Social,Male,45-54
4606,2025-08-12,Bengaluru,Organic Search,Female,45-54
4607,2025-02-10,Gorakhpur,Paid Search,Female,18-24
4608,2025-03-14,Bengaluru,Paid Search,Female,25-34
4609,2024-12-01,Mumbai,Direct,Female,25-34
4610,2024-11-19,Delhi,Organic Search,Female,25-34
4611,2024-12-27,Ahmedabad,Paid Search,Female,25-34
4612,2025-04-02,Lucknow,Paid Social,Male,35-44
4613,2024-11-02,Bengaluru,Paid Social,Male,35-44
4614,2025-02-28,Hyderabad,Affiliate,Female,18-24
4615,2025-07-01,Chennai,Referral,Male,35-44
4616,2024-12-01,Ahmedabad,Referral,Male,25-34
4617,2025-08-05,Delhi,Paid Search,Male,18-24
4618,2025-08-20,Mumbai,Paid Search,Male,35-44
4619,2025-12-01,Bengaluru,Paid Search,Male,45-54
4620,2025-04-01,Bhopal,Organic Search,Male,18-24
4621,2024-11-02,Lucknow,Paid Social,Female,35-44
4622,2024-12-15,Chennai,Organic Search,Male,25-34
4623,2025-08-17,Bhopal,Paid Search,Female,35-44
4624,2024-12-28,Chandigarh,Paid Search,Female,25-34
4625,2025-04-13,Gorakhpur,Organic Search,Female,25-34
4626,2024-11-01,Chennai,Paid Social,Female,18-24
4627,2025-06-14,Jaipur,Paid Social,Male,18-24
4628,2025-06-11,Kochi,Organic Search,Male,45-54
4629,2024-12-17,Hyderabad,Email,Male,45-54
4630,2025-05-05,Kochi,Organic Search,Female,35-44
4631,2025-12-02,Chandigarh,Email,Female,35-44
4632,2025-06-28,Chandigarh,Organic Search,Female,18-24
4633,2025-09-14,Kolkata,Direct,Male,18-24
4634,2025-06-23,Delhi,Paid Social,Female,45-54
4635,2024-11-01,Bengaluru,Organic Search,Female,45-54
4636,2025-03-03,Chandigarh,Paid Social,Female,45-54
4637,2025-10-22,Chennai,Organic Search,Female,45-54
4638,2024-11-10,Gorakhpur,Paid Social,Male,35-44
4639,2025-05-01,Delhi,Paid Search,Female,18-24
4640,2025-03-26,Indore,Organic Search,Female,25-34
4641,2025-05-28,Pune,Affiliate,Female,45-54
4642,2025-08-10,Bhopal,Paid Search,Female,18-24
4643,2025-04-04,Hyderabad,Direct,Male,35-44
4644,2024-11-26,Bengaluru,Paid Social,Male,35-44
4645,2024-11-08,Pune,Direct,Female,35-44
4646,2025-01-16,Kolkata,Referral,Male,35-44
4647,2025-04-06,Pune,Paid Social,Male,18-24
4648,2025-01-31,Lucknow,Affiliate,Male,18-24
4649,2024-11-24,Ahmedabad,Organic Search,Female,25-34
4650,2024-12-09,Chandigarh,Organic Search,Female,35-44
4651,2025-01-22,Kochi,Referral,Female,25-34
4652,2025-04-01,Pune,Paid Social,Female,25-34
4653,2025-05-10,Bhopal,Paid Social,Male,18-24
4654,2025-02-24,Pune,Organic Search,Male,25-34
4655,2025-09-11,Mumbai,Organic Search,Female,25-34
4656,2025-10-29,Hyderabad,Paid Social,Male,45-54
4657,2025-01-31,Kochi,Organic Search,Other,18-24
4658,2025-02-05,Kochi,Referral,Female,18-24
4659,2025-12-11,Hyderabad,Organic Search,Male,18-24
4660,2025-01-02,Kochi,Affiliate,Female,25-34
4661,2024-11-21,Gorakhpur,Paid Social,Male,18-24
4662,2025-04-26,Hyderabad,Direct,Female,25-34
4663,2025-03-16,Lucknow,Paid Search,Female,18-24
4664,2025-05-31,Lucknow,Organic Search,Male,45-54
4665,2024-11-11,Kochi,Organic Search,Female,35-44
4666,2025-06-29,Indore,Organic Search,Female,35-44
4667,2024-11-01,Lucknow,Paid Search,Male,25-34
4668,2024-12-10,Chandigarh,Paid Social,Female,25-34
4669,2024-11-18,Kolkata,Paid Social,Male,45-54
4670,2025-03-06,Chandigarh,Affiliate,Female,35-44
4671,2025-01-29,Pune,Paid Search,Male,45-54
4672,2024-11-01,Lucknow,Direct,Female,35-44
4673,2024-12-02,Bhopal,Direct,Female,18-24
4674,2025-06-12,Kolkata,Referral,Male,45-54
4675,2025-01-15,Gorakhpur,Paid Social,Female,45-54
4676,2024-11-06,Lucknow,Organic Search,Female,18-24
4677,2025-09-07,Ahmedabad,Direct,Male,45-54
4678,2025-06-08,Lucknow,Affiliate,Female,25-34
4679,2024-12-16,Kolkata,Direct,Female,45-54
4680,2024-11-02,Ahmedabad,Direct,Male,25-34
4681,2025-01-13,Hyderabad,Organic Search,Male,18-24
4682,2025-04-08,Mumbai,Paid Search,Male,45-54
4683,2025-09-05,Pune,Paid Search,Male,35-44
4684,2025-02-12,Mumbai,Email,Female,25-34
4685,2025-05-10,Bengaluru,Organic Search,Female,25-34
4686,2025-02-28,Bhopal,Paid Social,Female,25-34
4687,2025-10-09,Mumbai,Direct,Female,35-44
4688,2025-02-22,Gorakhpur,Paid Search,Female,45-54
4689,2025-01-30,Ahmedabad,Organic Search,Male,35-44
4690,2024-11-12,Hyderabad,Direct,Male,45-54
4691,2025-02-12,Bhopal,Paid Search,Other,25-34
4692,2025-11-07,Mumbai,Organic Search,Female,35-44
4693,2025-06-11,Kolkata,Organic Search,Male,25-34
4694,2025-06-29,Delhi,Paid Social,Female,25-34
4695,2025-10-08,Chandigarh,Paid Social,Female,25-34
4696,2025-12-26,Chennai,Paid Social,Female,25-34
4697,2025-03-16,Gorakhpur,Affiliate,Female,45-54
4698,2025-05-14,Pune,Referral,Female,35-44
4699,2025-05-02,Pune,Organic Search,Male,35-44
4700,2025-07-03,Bengaluru,Affiliate,Female,25-34
4701,2025-01-06,Lucknow,Referral,Female,45-54
4702,2025-01-11,Chennai,Paid Search,Male,25-34
4703,2025-09-05,Kolkata,Organic Search,Male,45-54
4704,2025-10-10,Delhi,Direct,Male,25-34
4705,2025-07-21,Lucknow,Direct,Female,25-34
4706,2024-12-19,Kochi,Email,Female,25-34
4707,2025-04-25,Kochi,Paid Social,Male,35-44
4708,2025-10-26,Chandigarh,Organic Search,Female,45-54
4709,2025-03-04,Indore,Referral,Male,18-24
4710,2024-12-28,Ahmedabad,Paid Social,Male,45-54
4711,2025-09-29,Mumbai,Organic Search,Male,35-44
4712,2025-06-28,Bengaluru,Organic Search,Female,25-34
4713,2024-11-10,Gorakhpur,Paid Search,Male,25-34
4714,2025-08-10,Gorakhpur,Organic Search,Male,25-34
4715,2025-06-25,Indore,Email,Male,35-44
4716,2024-11-06,Ahmedabad,Email,Female,45-54
4717,2024-11-01,Gorakhpur,Organic Search,Female,25-34
4718,2025-09-23,Chandigarh,Affiliate,Female,25-34
4719,2024-11-01,Delhi,Organic Search,Male,25-34
4720,2024-11-02,Bengaluru,Referral,Male,35-44
4721,2025-03-22,Kolkata,Paid Social,Male,25-34
4722,2024-12-04,Kolkata,Affiliate,Male,45-54
4723,2024-11-02,Delhi,Affiliate,Male,45-54
4724,2025-03-20,Mumbai,Direct,Male,45-54
4725,2024-11-01,Gorakhpur,Paid Social,Female,35-44
4726,2025-10-20,Lucknow,Email,Female,35-44
4727,2025-11-06,Indore,Paid Social,Male,18-24
4728,2025-10-05,Lucknow,Organic Search,Female,18-24
4729,2025-10-31,Chennai,Referral,Female,18-24
4730,2024-11-08,Pune,Email,Female,45-54
4731,2025-01-17,Indore,Email,Male,18-24
4732,2025-04-08,Jaipur,Organic Search,Male,18-24
4733,2024-12-28,Bengaluru,Direct,Female,35-44
4734,2024-12-14,Kolkata,Paid Social,Male,35-44
4735,2024-11-07,Chennai,Organic Search,Female,18-24
4736,2024-12-24,Ahmedabad,Direct,Female,35-44
4737,2025-01-20,Bengaluru,Organic Search,Male,18-24
4738,2024-11-12,Bhopal,Paid Social,Female,35-44
4739,2025-02-26,Kochi,Paid Search,Female,35-44
4740,2024-11-03,Lucknow,Referral,Female,45-54
4741,2025-08-19,Kolkata,Direct,Male,25-34
4742,2025-03-13,Mumbai,Organic Search,Female,45-54
4743,2025-02-16,Kolkata,Affiliate,Female,45-54
4744,2025-09-10,Chennai,Paid Social,Male,25-34
4745,2025-06-09,Mumbai,Organic Search,Female,18-24
4746,2025-07-09,Chennai,Email,Male,25-34
4747,2025-01-28,Gorakhpur,Paid Social,Female,35-44
4748,2025-02-15,Delhi,Paid Search,Male,25-34
4749,2025-01-24,Hyderabad,Paid Social,Male,25-34
4750,2024-12-27,Gorakhpur,Paid Social,Female,45-54
4751,2025-10-29,Chennai,Direct,Male,18-24
4752,2025-06-19,Pune,Paid Search,Male,45-54
4753,2025-04-12,Hyderabad,Direct,Female,25-34
4754,2024-11-01,Chennai,Affiliate,Female,45-54
4755,2024-11-28,Kolkata,Affiliate,Male,25-34
4756,2024-12-18,Chennai,Organic Search,Male,18-24
4757,2024-11-24,Jaipur,Organic Search,Female,35-44
4758,2025-02-17,Bengaluru,Referral,Male,45-54
4759,2025-09-05,Bengaluru,Referral,Female,45-54
4760,2024-11-16,Bengaluru,Direct,Male,25-34
4761,2025-04-15,Delhi,Direct,Male,45-54
4762,2025-03-07,Chandigarh,Email,Female,35-44
4763,2024-11-19,Indore,Organic Search,Female,45-54
4764,2024-12-02,Bengaluru,Affiliate,Female,18-24
4765,2024-11-20,Delhi,Organic Search,Male,35-44
4766,2024-11-19,Pune,Paid Social,Female,18-24
4767,2025-01-18,Kochi,Direct,Male,45-54
4768,2025-12-21,Lucknow,Organic Search,Male,45-54
4769,2025-11-17,Lucknow,Direct,Male,18-24
4770,2025-01-28,Kolkata,Direct,Female,45-54
4771,2025-02-08,Pune,Paid Search,Female,45-54
4772,2025-04-01,Pune,Paid Social,Male,18-24
4773,2024-11-01,Delhi,Direct,Female,35-44
4774,2025-11-24,Kolkata,Referral,Male,35-44
4775,2024-12-02,Hyderabad,Paid Search,Male,25-34
4776,2024-11-16,Mumbai,Organic Search,Male,25-34
4777,2025-12-20,Ahmedabad,Direct,Female,35-44
4778,2025-03-11,Bengaluru,Paid Social,Male,35-44
4779,2025-03-18,Mumbai,Direct,Female,35-44
4780,2024-11-03,Bengaluru,Direct,Female,25-34
4781,2025-02-14,Bengaluru,Organic Search,Female,35-44
4782,2025-04-18,Gorakhpur,Direct,Female,45-54
4783,2025-11-01,Kochi,Paid Search,Male,25-34
4784,2024-12-08,Jaipur,Paid Social,Male,35-44
4785,2025-03-17,Delhi,Organic Search,Female,45-54
4786,2025-03-08,Pune,Organic Search,Female,45-54
4787,2025-12-20,Pune,Paid Social,Male,25-34
4788,2025-09-01,Hyderabad,Organic Search,Female,45-54
4789,2025-06-25,Kolkata,Affiliate,Female,25-34
4790,2025-08-12,Kolkata,Organic Search,Female,35-44
4791,2025-09-29,Delhi,Paid Search,Other,45-54
4792,2025-06-12,Bengaluru,Paid Social,Male,25-34
4793,2024-11-01,Bengaluru,Paid Social,Female,45-54
4794,2025-08-19,Lucknow,Paid Social,Female,35-44
4795,2024-12-26,Ahmedabad,Affiliate,Male,45-54
4796,2025-11-30,Bengaluru,Organic Search,Male,25-34
4797,2025-12-23,Kolkata,Paid Social,Male,25-34
4798,2025-01-30,Kochi,Direct,Male,18-24
4799,2024-11-09,Indore,Organic Search,Female,18-24
4800,2025-04-02,Hyderabad,Paid Search,Female,45-54
4801,2025-03-30,Chandigarh,Direct,Male,18-24
4802,2024-11-26,Hyderabad,Direct,Female,35-44
4803,2024-11-06,Lucknow,Paid Search,Male,18-24
4804,2025-05-18,Bhopal,Paid Social,Female,25-34
4805,2025-05-24,Mumbai,Paid Social,Female,45-54
4806,2025-02-04,Gorakhpur,Paid Search,Female,18-24
4807,2024-11-19,Gorakhpur,Organic Search,Female,18-24
4808,2025-01-18,Chandigarh,Referral,Male,45-54
4809,2025-10-22,Chandigarh,Referral,Female,18-24
4810,2025-10-08,Hyderabad,Email,Female,18-24
4811,2024-11-03,Jaipur,Paid Social,Male,25-34
4812,2024-11-01,Ahmedabad,Direct,Male,45-54
4813,2025-05-17,Delhi,Paid Social,Female,18-24
4814,2025-07-25,Kolkata,Organic Search,Male,45-54
4815,2025-12-30,Chennai,Direct,Male,18-24
4816,2025-02-09,Ahmedabad,Paid Search,Male,18-24
4817,2025-03-25,Kochi,Paid Search,Male,25-34
4818,2025-02-10,Jaipur,Paid Social,Female,35-44
4819,2024-11-02,Kolkata,Direct,Male,25-34
4820,2025-03-03,Lucknow,Paid Social,Female,45-54
4821,2025-02-20,Kochi,Paid Search,Male,18-24
4822,2025-04-22,Ahmedabad,Direct,Male,18-24
4823,2025-11-27,Chennai,Referral,Female,18-24
4824,2025-03-05,Hyderabad,Paid Search,Male,18-24
4825,2024-11-18,Ahmedabad,Paid Social,Female,25-34
4826,2025-02-20,Kochi,Referral,Female,35-44
4827,2024-11-02,Bhopal,Affiliate,Male,18-24
4828,2025-01-07,Bhopal,Email,Male,35-44
4829,2024-11-16,Bhopal,Paid Search,Male,45-54
4830,2025-01-11,Hyderabad,Paid Search,Male,25-34
4831,2025-05-02,Chennai,Referral,Male,35-44
4832,2025-08-26,Ahmedabad,Paid Search,Female,18-24
4833,2025-09-19,Kolkata,Paid Social,Female,35-44
4834,2025-08-10,Lucknow,Organic Search,Female,35-44
4835,2025-05-04,Jaipur,Direct,Male,45-54
4836,2025-01-19,Bengaluru,Paid Search,Male,18-24
4837,2025-08-10,Bengaluru,Paid Search,Female,25-34
4838,2025-01-15,Gorakhpur,Organic Search,Female,18-24
4839,2025-03-18,Chandigarh,Organic Search,Male,45-54
4840,2025-06-08,Delhi,Direct,Other,25-34
4841,2024-12-10,Lucknow,Organic Search,Female,18-24
4842,2025-05-24,Delhi,Organic Search,Male,18-24
4843,2025-08-15,Hyderabad,Paid Search,Female,25-34
4844,2025-09-01,Bhopal,Affiliate,Female,45-54
4845,2024-11-19,Lucknow,Direct,Female,25-34
4846,2025-03-07,Gorakhpur,Affiliate,Female,18-24
4847,2025-06-27,Bhopal,Paid Social,Male,18-24
4848,2025-08-29,Pune,Affiliate,Female,35-44
4849,2025-10-26,Bhopal,Direct,Female,18-24
4850,2025-07-10,Ahmedabad,Paid Search,Male,35-44
4851,2025-05-31,Chennai,Paid Social,Female,35-44
4852,2025-07-12,Gorakhpur,Paid Social,Female,45-54
4853,2025-01-20,Hyderabad,Email,Male,35-44
4854,2025-03-24,Jaipur,Affiliate,Male,25-34
4855,2025-06-08,Gorakhpur,Email,Male,45-54
4856,2025-05-22,Kochi,Email,Female,45-54
4857,2025-12-16,Jaipur,Affiliate,Female,25-34
4858,2024-11-02,Ahmedabad,Direct,Female,45-54
4859,2024-11-01,Lucknow,Paid Search,Female,25-34
4860,2025-08-09,Chandigarh,Direct,Male,25-34
4861,2025-06-05,Pune,Direct,Female,45-54
4862,2025-12-28,Kochi,Direct,Female,35-44
4863,2024-11-02,Pune,Direct,Female,18-24
4864,2025-01-23,Lucknow,Direct,Female,35-44
4865,2025-02-07,Kochi,Organic Search,Female,45-54
4866,2024-12-02,Chandigarh,Organic Search,Male,25-34
4867,2025-04-21,Ahmedabad,Direct,Female,45-54
4868,2025-10-30,Lucknow,Affiliate,Female,35-44
4869,2025-06-11,Bengaluru,Referral,Female,18-24
4870,2024-11-06,Jaipur,Organic Search,Other,18-24
4871,2025-01-20,Indore,Direct,Male,18-24
4872,2025-01-01,Gorakhpur,Paid Social,Female,18-24
4873,2025-01-05,Bhopal,Paid Social,Female,45-54
4874,2025-05-05,Gorakhpur,Affiliate,Male,25-34
4875,2025-09-09,Lucknow,Affiliate,Male,35-44
4876,2024-11-30,Indore,Affiliate,Male,18-24
4877,2024-11-19,Lucknow,Direct,Female,25-34
4878,2025-02-07,Ahmedabad,Organic Search,Male,25-34
4879,2025-04-13,Kolkata,Affiliate,Male,35-44
4880,2024-11-13,Chennai,Organic Search,Female,25-34
4881,2025-04-15,Chennai,Direct,Female,18-24
4882,2024-12-20,Bengaluru,Affiliate,Male,18-24
4883,2025-04-30,Mumbai,Paid Social,Female,35-44
4884,2025-01-17,Chandigarh,Paid Social,Male,45-54
4885,2025-06-28,Kolkata,Email,Female,25-34
4886,2025-04-10,Ahmedabad,Organic Search,Female,45-54
4887,2024-12-17,Kochi,Organic Search,Female,18-24
4888,2025-06-11,Chennai,Affiliate,Male,25-34
4889,2025-08-02,Mumbai,Paid Social,Female,45-54
4890,2024-11-02,Mumbai,Paid Social,Female,45-54
4891,2025-02-04,Lucknow,Organic Search,Male,45-54
4892,2025-04-23,Kochi,Organic Search,Female,18-24
4893,2025-08-19,Lucknow,Paid Social,Male,18-24
4894,2025-02-21,Bengaluru,Paid Search,Female,18-24
4895,2025-07-05,Kochi,Direct,Male,25-34
4896,2025-11-06,Gorakhpur,Organic Search,Male,45-54
4897,2025-02-23,Mumbai,Direct,Male,25-34
4898,2024-12-26,Chandigarh,Paid Social,Female,18-24
4899,2025-01-04,Bhopal,Paid Social,Female,35-44
4900,2025-06-02,Chennai,Organic Search,Male,25-34
4901,2025-02-07,Kochi,Paid Social,Male,25-34
4902,2025-08-16,Hyderabad,Paid Social,Female,45-54
4903,2025-01-23,Kolkata,Paid Social,Female,18-24
4904,2024-11-13,Lucknow,Paid Social,Female,35-44
4905,2025-05-22,Mumbai,Organic Search,Female,25-34
4906,2025-05-31,Bhopal,Paid Social,Male,25-34
4907,2025-11-04,Bengaluru,Organic Search,Male,25-34
4908,2025-06-09,Ahmedabad,Paid Search,Female,18-24
4909,2025-01-08,Gorakhpur,Paid Social,Male,45-54
4910,2025-05-10,Chandigarh,Paid Social,Male,18-24
4911,2025-11-01,Delhi,Organic Search,Female,45-54
4912,2024-11-19,Indore,Direct,Female,45-54
4913,2024-12-11,Delhi,Direct,Female,25-34
4914,2025-02-05,Chandigarh,Email,Female,25-34
4915,2025-06-17,Ahmedabad,Paid Search,Female,18-24
4916,2025-01-22,Gorakhpur,Paid Search,Female,18-24
4917,2025-02-24,Kochi,Paid Social,Male,18-24
4918,2025-01-27,Pune,Organic Search,Female,18-24
4919,2024-11-01,Bengaluru,Referral,Female,45-54
4920,2025-07-22,Jaipur,Paid Search,Female,18-24
4921,2025-10-17,Pune,Direct,Male,18-24
4922,2024-11-25,Kolkata,Paid Social,Female,45-54
4923,2024-11-04,Bengaluru,Direct,Female,25-34
4924,2024-12-24,Ahmedabad,Direct,Male,35-44
4925,2025-05-20,Indore,Paid Search,Female,45-54
4926,2025-04-09,Mumbai,Organic Search,Male,25-34
4927,2025-02-25,Kochi,Organic Search,Male,18-24
4928,2024-12-15,Bengaluru,Paid Social,Female,35-44
4929,2024-11-23,Hyderabad,Organic Search,Female,25-34
4930,2025-01-23,Bengaluru,Paid Social,Male,25-34
4931,2025-06-21,Chandigarh,Organic Search,Male,18-24
4932,2025-07-12,Hyderabad,Direct,Female,18-24
4933,2024-12-13,Gorakhpur,Paid Search,Male,45-54
4934,2025-12-24,Lucknow,Direct,Female,35-44
4935,2025-06-01,Delhi,Paid Search,Female,18-24
4936,2025-01-20,Indore,Organic Search,Male,18-24
4937,2025-12-08,Ahmedabad,Email,Female,25-34
4938,2024-12-22,Chandigarh,Paid Social,Female,35-44
4939,2024-11-12,Bengaluru,Organic Search,Female,18-24
4940,2025-08-04,Lucknow,Email,Male,35-44
4941,2025-08-24,Pune,Paid Social,Male,45-54
4942,2025-05-10,Kolkata,Organic Search,Female,45-54
4943,2025-09-08,Ahmedabad,Direct,Female,18-24
4944,2024-12-13,Gorakhpur,Paid Search,Male,45-54
4945,2025-07-27,Hyderabad,Affiliate,Male,45-54
4946,2024-11-12,Chandigarh,Direct,Male,45-54
4947,2025-04-10,Chennai,Referral,Female,25-34
4948,2025-03-03,Kochi,Organic Search,Male,45-54
4949,2025-07-25,Bengaluru,Affiliate,Female,25-34
4950,2024-12-07,Indore,Direct,Male,35-44
4951,2025-06-11,Pune,Referral,Female,45-54
4952,2025-10-17,Kolkata,Organic Search,Female,25-34
4953,2024-11-01,Mumbai,Referral,Female,45-54
4954,2025-02-13,Pune,Organic Search,Female,18-24
4955,2025-01-28,Hyderabad,Paid Social,Female,45-54
4956,2025-12-24,Hyderabad,Direct,Male,45-54
4957,2024-12-20,Pune,Organic Search,Female,45-54
4958,2025-04-07,Lucknow,Paid Search,Female,45-54
4959,2025-11-12,Jaipur,Organic Search,Male,25-34
4960,2024-11-01,Hyderabad,Paid Social,Female,25-34
4961,2025-02-07,Kochi,Paid Social,Female,35-44
4962,2025-04-26,Delhi,Organic Search,Male,18-24
4963,2025-06-08,Bhopal,Organic Search,Female,35-44
4964,2025-05-06,Bengaluru,Paid Social,Male,18-24
4965,2025-01-29,Delhi,Referral,Male,18-24
4966,2025-04-10,Jaipur,Organic Search,Female,45-54
4967,2024-11-16,Mumbai,Organic Search,Female,45-54
4968,2025-06-27,Kolkata,Affiliate,Male,45-54
4969,2025-01-13,Lucknow,Paid Search,Male,35-44
4970,2025-09-14,Pune,Paid Search,Male,45-54
4971,2025-05-19,Delhi,Organic Search,Male,25-34
4972,2024-11-12,Pune,Organic Search,Male,45-54
4973,2025-08-19,Chennai,Referral,Female,18-24
4974,2025-04-14,Mumbai,Paid Search,Other,18-24
4975,2025-02-20,Gorakhpur,Paid Search,Male,35-44
4976,2025-02-09,Kolkata,Paid Social,Female,18-24
4977,2024-11-25,Chennai,Paid Search,Male,45-54
4978,2025-09-05,Chandigarh,Direct,Female,45-54
4979,2025-05-06,Hyderabad,Direct,Female,18-24
4980,2024-11-09,Hyderabad,Affiliate,Female,18-24
4981,2025-02-03,Delhi,Referral,Male,18-24
4982,2025-08-04,Bengaluru,Direct,Female,45-54
4983,2025-12-24,Chandigarh,Paid Social,Male,25-34
4984,2024-11-14,Indore,Paid Social,Female,18-24
4985,2025-08-26,Ahmedabad,Paid Social,Male,35-44
4986,2024-12-22,Kochi,Organic Search,Female,18-24
4987,2024-12-15,Lucknow,Direct,Female,35-44
4988,2025-01-27,Jaipur,Affiliate,Female,45-54
4989,2025-10-28,Hyderabad,Affiliate,Male,18-24
4990,2024-11-22,Indore,Email,Female,25-34
4991,2024-11-20,Bhopal,Paid Social,Female,45-54
4992,2025-08-30,Lucknow,Organic Search,Male,25-34
4993,2025-01-09,Mumbai,Email,Male,35-44
4994,2025-09-13,Bhopal,Email,Female,18-24
4995,2025-09-05,Indore,Referral,Female,18-24
4996,2024-11-15,Hyderabad,Paid Search,Male,35-44
4997,2025-01-22,Hyderabad,Organic Search,Male,35-44
4998,2025-01-08,Kolkata,Organic Search,Female,18-24
4999,2025-05-09,Chandigarh,Organic Search,Male,45-54
5000,2025-03-30,Chandigarh,Direct,Male,18-24
5001,2025-06-02,Gorakhpur,Paid Search,Female,45-54
5002,2024-11-18,Indore,Paid Social,Female,25-34
5003,2025-06-30,Gorakhpur,Paid Search,Male,25-34
5004,2025-01-11,Bhopal,Referral,Female,45-54
5005,2025-03-24,Hyderabad,Organic Search,Female,45-54
5006,2024-12-01,Bengaluru,Paid Search,Female,25-34
5007,2024-11-15,Indore,Direct,Female,18-24
5008,2025-07-02,Delhi,Organic Search,Male,25-34
5009,2025-07-18,Mumbai,Referral,Male,25-34
5010,2025-08-31,Gorakhpur,Organic Search,Male,25-34
5011,2025-07-17,Pune,Paid Search,Male,18-24
5012,2025-10-20,Chandigarh,Organic Search,Female,35-44
5013,2024-11-25,Jaipur,Affiliate,Male,35-44
5014,2024-11-22,Bengaluru,Referral,Female,35-44
5015,2024-12-15,Chennai,Affiliate,Female,35-44
5016,2025-02-22,Bhopal,Paid Social,Male,18-24
5017,2025-06-12,Gorakhpur,Paid Search,Female,35-44
5018,2025-02-13,Lucknow,Paid Social,Male,35-44
5019,2024-11-12,Hyderabad,Paid Search,Male,18-24
5020,2025-10-24,Chennai,Paid Search,Female,25-34
5021,2025-01-01,Mumbai,Paid Social,Male,18-24
5022,2025-03-25,Kolkata,Affiliate,Male,18-24
5023,2024-11-02,Kolkata,Organic Search,Female,35-44
5024,2024-11-28,Delhi,Paid Search,Female,25-34
5025,2024-12-14,Kolkata,Paid Social,Female,45-54
5026,2025-05-07,Lucknow,Affiliate,Female,25-34
5027,2025-04-07,Pune,Organic Search,Female,18-24
5028,2025-05-20,Chandigarh,Paid Search,Female,18-24
5029,2025-09-15,Chandigarh,Affiliate,Male,25-34
5030,2024-12-26,Delhi,Direct,Female,45-54
5031,2025-02-16,Indore,Organic Search,Female,45-54
5032,2024-12-01,Gorakhpur,Affiliate,Female,25-34
5033,2025-11-29,Ahmedabad,Paid Social,Female,45-54
5034,2025-02-21,Indore,Direct,Female,45-54
5035,2025-08-11,Pune,Paid Social,Female,25-34
5036,2025-07-14,Lucknow,Organic Search,Male,35-44
5037,2025-01-16,Hyderabad,Paid Search,Female,18-24
5038,2025-04-26,Chandigarh,Paid Social,Male,35-44
5039,2025-05-12,Bhopal,Email,Female,18-24
5040,2024-12-16,Bhopal,Paid Search,Male,45-54
5041,2024-12-27,Lucknow,Organic Search,Female,45-54
5042,2025-02-09,Ahmedabad,Organic Search,Female,25-34
5043,2024-11-01,Chandigarh,Affiliate,Male,35-44
5044,2024-11-18,Ahmedabad,Paid Search,Female,35-44
5045,2025-12-21,Lucknow,Direct,Male,45-54
5046,2025-03-28,Ahmedabad,Paid Search,Male,35-44
5047,2025-03-02,Mumbai,Paid Social,Female,18-24
5048,2025-10-08,Kolkata,Email,Male,18-24
5049,2025-09-22,Bhopal,Direct,Female,18-24
5050,2025-12-06,Jaipur,Organic Search,Female,45-54
5051,2024-11-12,Kochi,Paid Social,Female,45-54
5052,2025-07-14,Chennai,Organic Search,Female,45-54
5053,2025-11-23,Kolkata,Direct,Female,35-44
5054,2024-12-20,Gorakhpur,Email,Female,35-44
5055,2025-06-26,Chennai,Referral,Male,45-54
5056,2025-04-25,Bhopal,Paid Social,Male,35-44
5057,2025-01-10,Gorakhpur,Email,Female,45-54
5058,2025-02-10,Chandigarh,Direct,Male,45-54
5059,2025-01-16,Kochi,Organic Search,Male,35-44
5060,2025-10-26,Kolkata,Affiliate,Female,25-34
5061,2025-10-25,Mumbai,Affiliate,Female,18-24
5062,2025-09-21,Kochi,Paid Social,Male,25-34
5063,2025-04-08,Ahmedabad,Email,Female,25-34
5064,2025-07-30,Pune,Email,Female,18-24
5065,2025-05-22,Hyderabad,Affiliate,Female,35-44
5066,2025-04-24,Kolkata,Affiliate,Male,18-24
5067,2025-06-13,Jaipur,Organic Search,Female,18-24
5068,2025-07-10,Chandigarh,Organic Search,Female,25-34
5069,2025-02-22,Lucknow,Paid Search,Female,25-34
5070,2024-11-01,Bhopal,Paid Social,Female,35-44
5071,2024-11-20,Indore,Email,Female,35-44
5072,2025-04-01,Bengaluru,Affiliate,Male,45-54
5073,2025-01-11,Hyderabad,Organic Search,Male,25-34
5074,2024-12-18,Hyderabad,Direct,Male,35-44
5075,2025-02-08,Kolkata,Affiliate,Male,25-34
5076,2024-12-12,Gorakhpur,Paid Search,Male,25-34
5077,2024-12-09,Kolkata,Paid Search,Female,18-24
5078,2025-02-26,Mumbai,Organic Search,Male,35-44
5079,2024-12-26,Ahmedabad,Paid Social,Male,25-34
5080,2025-06-15,Kolkata,Email,Female,45-54
5081,2025-02-25,Bengaluru,Paid Social,Female,45-54
5082,2025-09-02,Ahmedabad,Paid Social,Male,35-44
5083,2025-05-14,Gorakhpur,Direct,Female,35-44
5084,2025-09-18,Delhi,Direct,Male,25-34
5085,2025-02-25,Pune,Paid Search,Male,18-24
5086,2025-12-05,Ahmedabad,Affiliate,Female,45-54
5087,2025-04-16,Pune,Paid Social,Male,18-24
5088,2025-12-02,Ahmedabad,Paid Search,Female,35-44
5089,2025-05-06,Pune,Paid Social,Female,35-44
5090,2025-07-29,Gorakhpur,Affiliate,Male,18-24
5091,2025-05-18,Bengaluru,Organic Search,Male,18-24
5092,2025-04-23,Bengaluru,Paid Social,Male,35-44
5093,2025-02-06,Delhi,Direct,Female,35-44
5094,2025-07-11,Jaipur,Paid Social,Other,35-44
5095,2025-06-04,Hyderabad,Paid Search,Female,25-34
5096,2025-11-03,Delhi,Email,Male,45-54
5097,2025-12-20,Bhopal,Direct,Male,18-24
5098,2025-10-01,Ahmedabad,Organic Search,Female,18-24
5099,2024-11-07,Kochi,Direct,Female,35-44
5100,2025-09-09,Lucknow,Organic Search,Male,45-54
5101,2025-09-14,Mumbai,Referral,Male,35-44
5102,2025-03-22,Ahmedabad,Direct,Male,35-44
5103,2025-02-07,Indore,Organic Search,Female,45-54
5104,2025-02-17,Gorakhpur,Organic Search,Male,45-54
5105,2025-03-26,Pune,Direct,Male,45-54
5106,2025-02-07,Chandigarh,Direct,Male,25-34
5107,2025-07-03,Chennai,Organic Search,Male,35-44
5108,2025-02-08,Lucknow,Referral,Female,18-24
5109,2024-12-25,Hyderabad,Organic Search,Male,18-24
5110,2025-07-15,Delhi,Paid Search,Female,35-44
5111,2025-09-28,Kochi,Paid Social,Female,25-34
5112,2025-05-19,Bhopal,Paid Search,Female,35-44
5113,2024-11-05,Bhopal,Organic Search,Female,45-54
5114,2025-01-28,Pune,Paid Social,Female,25-34
5115,2024-12-06,Mumbai,Paid Search,Female,35-44
5116,2024-11-25,Kochi,Paid Search,Female,25-34
5117,2024-11-01,Pune,Paid Social,Female,18-24
5118,2025-11-14,Gorakhpur,Direct,Female,25-34
5119,2025-08-15,Hyderabad,Paid Search,Male,18-24
5120,2025-04-07,Indore,Direct,Male,45-54
5121,2025-02-12,Kochi,Email,Female,35-44
5122,2024-11-10,Hyderabad,Organic Search,Male,18-24
5123,2025-03-23,Delhi,Organic Search,Female,35-44
5124,2024-12-02,Kolkata,Email,Male,18-24
5125,2025-01-18,Bhopal,Referral,Female,35-44
5126,2025-05-26,Ahmedabad,Direct,Male,35-44
5127,2025-01-16,Lucknow,Direct,Female,35-44
5128,2025-07-02,Mumbai,Direct,Male,45-54
5129,2025-01-12,Kochi,Affiliate,Male,18-24
5130,2025-01-29,Lucknow,Paid Social,Female,25-34
5131,2025-11-22,Hyderabad,Organic Search,Female,18-24
5132,2025-04-12,Bengaluru,Direct,Male,25-34
5133,2025-12-04,Pune,Organic Search,Male,25-34
5134,2024-12-19,Kochi,Direct,Female,25-34
5135,2024-11-12,Chennai,Direct,Male,25-34
5136,2025-12-16,Kochi,Affiliate,Male,18-24
5137,2024-11-26,Delhi,Paid Search,Female,25-34
5138,2024-12-31,Pune,Referral,Male,18-24
5139,2024-12-02,Bhopal,Organic Search,Male,35-44
5140,2024-12-02,Mumbai,Organic Search,Female,18-24
5141,2024-11-30,Pune,Affiliate,Female,45-54
5142,2025-04-05,Mumbai,Direct,Male,45-54
5143,2025-01-23,Gorakhpur,Paid Search,Male,35-44
5144,2025-03-02,Indore,Direct,Female,35-44
5145,2025-01-10,Mumbai,Email,Male,25-34
5146,2025-05-06,Kolkata,Organic Search,Male,35-44
5147,2025-01-16,Pune,Organic Search,Male,18-24
5148,2024-11-02,Bhopal,Referral,Male,45-54
5149,2025-12-18,Lucknow,Paid Social,Female,18-24
5150,2025-10-22,Kochi,Email,Male,25-34
5151,2024-11-23,Chandigarh,Paid Social,Male,45-54
5152,2025-04-06,Jaipur,Paid Social,Male,25-34
5153,2025-06-22,Ahmedabad,Direct,Female,45-54
5154,2024-11-26,Kochi,Affiliate,Male,45-54
5155,2025-11-30,Hyderabad,Organic Search,Male,45-54
5156,2025-04-24,Mumbai,Referral,Male,18-24
5157,2025-01-17,Gorakhpur,Paid Social,Male,35-44
5158,2025-03-17,Jaipur,Affiliate,Male,18-24
5159,2025-07-01,Bengaluru,Organic Search,Female,45-54
5160,2025-11-03,Chennai,Paid Social,Male,25-34
5161,2024-12-18,Ahmedabad,Organic Search,Male,25-34
5162,2025-05-12,Chennai,Organic Search,Female,18-24
5163,2025-01-12,Bhopal,Referral,Male,18-24
5164,2025-07-02,Gorakhpur,Organic Search,Male,45-54
5165,2024-11-01,Pune,Paid Social,Male,25-34
5166,2025-08-20,Pune,Affiliate,Female,35-44
5167,2025-09-22,Pune,Email,Female,45-54
5168,2025-06-25,Chennai,Direct,Female,18-24
5169,2024-12-19,Jaipur,Organic Search,Male,35-44
5170,2025-02-21,Pune,Referral,Female,18-24
5171,2025-10-26,Kochi,Paid Social,Female,25-34
5172,2024-12-08,Jaipur,Paid Search,Female,45-54
5173,2025-07-14,Kolkata,Paid Social,Male,25-34
5174,2024-11-07,Bengaluru,Paid Social,Female,25-34
5175,2025-10-16,Lucknow,Organic Search,Female,18-24
5176,2025-12-25,Kochi,Affiliate,Female,45-54
5177,2024-11-01,Kochi,Paid Social,Male,45-54
5178,2025-10-27,Lucknow,Organic Search,Male,25-34
5179,2025-03-25,Mumbai,Organic Search,Male,35-44
5180,2025-09-28,Chandigarh,Paid Search,Other,35-44
5181,2025-07-15,Indore,Paid Search,Male,35-44
5182,2024-11-07,Mumbai,Direct,Female,18-24
5183,2025-12-02,Ahmedabad,Paid Social,Female,25-34
5184,2025-05-01,Indore,Email,Female,25-34
5185,2025-05-27,Chennai,Affiliate,Male,25-34
5186,2025-06-06,Bengaluru,Paid Social,Male,35-44
5187,2025-10-03,Kolkata,Affiliate,Male,45-54
5188,2025-09-15,Indore,Paid Social,Male,25-34
5189,2025-01-25,Gorakhpur,Direct,Female,25-34
5190,2025-10-08,Bhopal,Organic Search,Female,18-24
5191,2025-08-02,Hyderabad,Organic Search,Female,35-44
5192,2024-12-05,Jaipur,Paid Search,Female,45-54
5193,2025-04-06,Kochi,Paid Social,Female,45-54
5194,2025-05-27,Lucknow,Paid Search,Male,35-44
5195,2025-01-10,Ahmedabad,Paid Search,Male,35-44
5196,2025-04-25,Ahmedabad,Affiliate,Female,18-24
5197,2024-12-11,Mumbai,Direct,Male,35-44
5198,2025-10-24,Indore,Direct,Female,25-34
5199,2025-11-10,Ahmedabad,Direct,Female,45-54
5200,2025-12-07,Gorakhpur,Organic Search,Female,35-44
5201,2025-12-11,Bhopal,Paid Social,Other,25-34
5202,2025-02-18,Mumbai,Paid Social,Male,18-24
5203,2025-08-19,Kolkata,Direct,Female,25-34
5204,2024-12-22,Chandigarh,Paid Social,Female,35-44
5205,2025-08-12,Bhopal,Paid Search,Female,45-54
5206,2025-02-23,Hyderabad,Paid Search,Male,18-24
5207,2025-11-03,Hyderabad,Organic Search,Female,25-34
5208,2024-11-05,Chandigarh,Organic Search,Female,18-24
5209,2024-11-09,Lucknow,Direct,Female,25-34
5210,2024-11-26,Delhi,Paid Social,Female,25-34
5211,2025-01-03,Delhi,Direct,Female,45-54
5212,2025-04-14,Jaipur,Paid Search,Male,45-54
5213,2025-06-04,Mumbai,Organic Search,Male,18-24
5214,2024-12-24,Hyderabad,Affiliate,Male,18-24
5215,2024-11-07,Kochi,Email,Female,25-34
5216,2025-01-28,Kolkata,Email,Female,45-54
5217,2024-11-12,Pune,Paid Social,Female,18-24
5218,2025-01-17,Bhopal,Paid Search,Female,45-54
5219,2025-03-14,Indore,Paid Social,Male,45-54
5220,2025-05-24,Delhi,Organic Search,Female,35-44
5221,2025-07-26,Indore,Paid Social,Male,35-44
5222,2025-05-19,Lucknow,Organic Search,Male,35-44
5223,2025-02-10,Bhopal,Direct,Male,35-44
5224,2025-07-20,Mumbai,Organic Search,Male,35-44
5225,2025-12-10,Kochi,Direct,Male,25-34
5226,2025-04-16,Gorakhpur,Email,Female,35-44
5227,2025-10-10,Mumbai,Paid Search,Male,45-54
5228,2024-11-28,Lucknow,Paid Social,Female,45-54
5229,2025-05-28,Indore,Paid Social,Female,45-54
5230,2025-04-18,Bengaluru,Affiliate,Male,35-44
5231,2024-11-08,Lucknow,Affiliate,Male,18-24
5232,2025-05-11,Ahmedabad,Organic Search,Female,18-24
5233,2024-11-22,Pune,Direct,Female,35-44
5234,2025-05-09,Hyderabad,Organic Search,Male,45-54
5235,2025-11-06,Delhi,Direct,Female,25-34
5236,2025-03-29,Gorakhpur,Direct,Male,35-44
5237,2025-02-23,Kolkata,Paid Search,Male,18-24
5238,2025-03-12,Pune,Paid Social,Male,35-44
5239,2025-06-01,Gorakhpur,Direct,Male,25-34
5240,2025-12-20,Ahmedabad,Paid Search,Male,18-24
5241,2025-01-14,Lucknow,Paid Social,Female,25-34
5242,2025-07-13,Pune,Affiliate,Male,18-24
5243,2025-03-15,Indore,Referral,Female,18-24
5244,2025-01-17,Ahmedabad,Paid Social,Female,18-24
5245,2025-06-09,Chennai,Organic Search,Male,45-54
5246,2025-03-01,Pune,Paid Social,Male,35-44
5247,2024-12-14,Bhopal,Organic Search,Male,45-54
5248,2024-11-17,Chennai,Paid Social,Female,35-44
5249,2025-02-07,Chennai,Organic Search,Female,45-54
5250,2025-01-04,Chennai,Paid Social,Male,35-44
5251,2025-03-06,Chennai,Direct,Female,25-34
5252,2025-04-06,Chennai,Referral,Male,35-44
5253,2025-03-14,Kochi,Paid Search,Female,18-24
5254,2025-06-04,Delhi,Paid Social,Male,35-44
5255,2025-05-21,Hyderabad,Organic Search,Female,25-34
5256,2024-12-06,Chandigarh,Direct,Male,35-44
5257,2025-02-24,Ahmedabad,Paid Social,Female,45-54
5258,2025-08-29,Ahmedabad,Referral,Male,18-24
5259,2024-12-18,Gorakhpur,Referral,Male,25-34
5260,2025-12-13,Chennai,Organic Search,Male,35-44
5261,2025-12-27,Hyderabad,Paid Search,Female,35-44
5262,2025-01-27,Bengaluru,Affiliate,Female,18-24
5263,2024-12-01,Mumbai,Affiliate,Female,45-54
5264,2025-01-18,Gorakhpur,Direct,Male,18-24
5265,2025-02-22,Kolkata,Organic Search,Female,35-44
5266,2025-04-25,Kolkata,Paid Search,Male,25-34
5267,2025-11-23,Gorakhpur,Paid Social,Female,25-34
5268,2024-11-13,Lucknow,Affiliate,Male,25-34
5269,2025-06-10,Bhopal,Affiliate,Male,45-54
5270,2025-02-07,Hyderabad,Paid Social,Male,45-54
5271,2025-12-30,Gorakhpur,Paid Social,Male,45-54
5272,2024-11-04,Delhi,Organic Search,Female,25-34
5273,2024-12-23,Hyderabad,Organic Search,Female,35-44
5274,2025-09-06,Lucknow,Affiliate,Female,35-44
5275,2024-11-30,Bhopal,Direct,Male,25-34
5276,2025-03-17,Lucknow,Paid Social,Female,45-54
5277,2025-09-25,Chennai,Email,Female,45-54
5278,2025-02-23,Mumbai,Affiliate,Male,35-44
5279,2025-03-30,Indore,Organic Search,Male,18-24
5280,2025-06-09,Gorakhpur,Email,Male,35-44
5281,2025-08-10,Chennai,Paid Search,Male,25-34
5282,2025-02-03,Delhi,Organic Search,Male,35-44
5283,2024-11-28,Kolkata,Referral,Female,45-54
5284,2025-08-31,Indore,Referral,Male,18-24
5285,2024-11-19,Chandigarh,Paid Search,Female,45-54
5286,2025-11-20,Chandigarh,Organic Search,Female,25-34
5287,2025-12-02,Delhi,Affiliate,Female,25-34
5288,2025-01-09,Kolkata,Organic Search,Female,18-24
5289,2025-04-30,Jaipur,Affiliate,Male,25-34
5290,2025-09-20,Kochi,Affiliate,Female,35-44
5291,2025-02-28,Gorakhpur,Paid Social,Female,35-44
5292,2025-06-29,Gorakhpur,Organic Search,Male,35-44
5293,2024-12-28,Jaipur,Organic Search,Female,35-44
5294,2024-11-09,Ahmedabad,Paid Social,Female,18-24
5295,2025-06-22,Hyderabad,Organic Search,Male,18-24
5296,2025-06-23,Kochi,Organic Search,Male,45-54
5297,2025-03-27,Jaipur,Affiliate,Male,35-44
5298,2025-10-02,Pune,Referral,Female,25-34
5299,2024-11-24,Pune,Referral,Male,25-34
5300,2024-12-02,Bengaluru,Paid Social,Male,18-24
5301,2024-11-29,Hyderabad,Organic Search,Male,18-24
5302,2024-12-02,Bhopal,Paid Search,Male,35-44
5303,2025-03-07,Indore,Paid Search,Male,45-54
5304,2025-06-08,Mumbai,Paid Search,Male,25-34
5305,2025-08-10,Indore,Paid Social,Male,18-24
5306,2025-03-13,Indore,Direct,Male,45-54
5307,2024-11-29,Delhi,Organic Search,Female,45-54
5308,2025-04-18,Mumbai,Direct,Female,25-34
5309,2024-11-03,Gorakhpur,Email,Female,35-44
5310,2025-06-04,Pune,Affiliate,Male,45-54
5311,2025-01-01,Mumbai,Paid Search,Female,35-44
5312,2025-07-09,Hyderabad,Direct,Male,18-24
5313,2025-02-02,Chandigarh,Email,Male,18-24
5314,2025-12-07,Chandigarh,Direct,Female,18-24
5315,2024-12-11,Kochi,Organic Search,Male,18-24
5316,2025-07-02,Gorakhpur,Paid Search,Female,18-24
5317,2025-07-20,Lucknow,Paid Social,Female,45-54
5318,2025-12-26,Kolkata,Organic Search,Female,18-24
5319,2025-03-04,Chennai,Organic Search,Male,18-24
5320,2025-05-06,Kolkata,Direct,Male,35-44
5321,2025-11-29,Bengaluru,Paid Social,Female,18-24
5322,2025-02-16,Chandigarh,Direct,Female,45-54
5323,2025-01-25,Bengaluru,Paid Social,Female,25-34
5324,2024-12-03,Jaipur,Referral,Female,35-44
5325,2024-12-01,Gorakhpur,Affiliate,Female,45-54
5326,2025-01-23,Chandigarh,Paid Social,Female,18-24
5327,2025-03-12,Pune,Paid Social,Female,25-34
5328,2025-08-08,Mumbai,Direct,Female,25-34
5329,2025-07-18,Bhopal,Paid Social,Male,18-24
5330,2024-11-21,Hyderabad,Paid Search,Female,35-44
5331,2025-01-25,Lucknow,Referral,Male,18-24
5332,2025-11-15,Chandigarh,Paid Social,Male,45-54
5333,2024-11-11,Mumbai,Email,Male,18-24
5334,2024-12-01,Jaipur,Paid Social,Female,18-24
5335,2025-10-21,Delhi,Paid Social,Female,45-54
5336,2024-11-01,Kolkata,Organic Search,Female,25-34
5337,2025-08-02,Lucknow,Direct,Female,25-34
5338,2025-02-26,Mumbai,Paid Search,Male,45-54
5339,2025-08-04,Ahmedabad,Paid Social,Male,45-54
5340,2025-09-29,Pune,Organic Search,Female,35-44
5341,2025-11-22,Indore,Direct,Male,45-54
5342,2025-06-16,Hyderabad,Direct,Male,45-54
5343,2025-08-02,Hyderabad,Organic Search,Female,45-54
5344,2025-07-26,Ahmedabad,Direct,Female,45-54
5345,2025-10-23,Kochi,Paid Social,Female,18-24
5346,2025-01-02,Jaipur,Paid Social,Male,35-44
5347,2025-06-29,Indore,Referral,Male,18-24
5348,2025-04-09,Kolkata,Referral,Female,35-44
5349,2025-09-21,Bengaluru,Organic Search,Female,35-44
5350,2025-09-04,Pune,Direct,Male,45-54
5351,2025-09-13,Bengaluru,Organic Search,Female,45-54
5352,2025-02-04,Chennai,Email,Female,35-44
5353,2025-02-14,Jaipur,Paid Search,Male,45-54
5354,2024-11-21,Lucknow,Paid Social,Female,35-44
5355,2024-12-22,Bengaluru,Referral,Male,18-24
5356,2025-05-12,Gorakhpur,Paid Social,Female,35-44
5357,2025-07-22,Kolkata,Organic Search,Female,25-34
5358,2025-11-09,Indore,Referral,Male,18-24
5359,2024-12-08,Kolkata,Organic Search,Male,45-54
5360,2024-11-02,Ahmedabad,Affiliate,Male,45-54
5361,2025-02-22,Bengaluru,Paid Social,Male,25-34
5362,2025-04-22,Kolkata,Email,Female,25-34
5363,2025-03-19,Bhopal,Paid Search,Male,45-54
5364,2024-11-06,Bengaluru,Affiliate,Male,25-34
5365,2025-12-23,Jaipur,Organic Search,Male,25-34
5366,2024-11-30,Kolkata,Affiliate,Female,25-34
5367,2024-12-28,Hyderabad,Organic Search,Male,25-34
5368,2024-11-04,Lucknow,Organic Search,Male,25-34
5369,2024-12-17,Chandigarh,Paid Social,Female,18-24
5370,2025-09-15,Kolkata,Referral,Male,35-44
5371,2025-07-03,Bengaluru,Direct,Female,35-44
5372,2025-06-04,Ahmedabad,Organic Search,Female,45-54
5373,2025-01-09,Pune,Organic Search,Female,35-44
5374,2024-12-15,Bengaluru,Direct,Female,45-54
5375,2025-10-01,Jaipur,Paid Social,Male,35-44
5376,2024-12-28,Chennai,Paid Search,Female,18-24
5377,2025-12-05,Chandigarh,Direct,Male,18-24
5378,2024-12-19,Pune,Paid Social,Male,18-24
5379,2025-01-10,Kolkata,Referral,Male,35-44
5380,2025-12-11,Chandigarh,Paid Social,Female,45-54
5381,2025-04-13,Ahmedabad,Direct,Male,18-24
5382,2025-06-17,Indore,Organic Search,Male,25-34
5383,2024-11-25,Mumbai,Paid Social,Male,18-24
5384,2025-10-27,Indore,Organic Search,Male,45-54
5385,2025-12-07,Lucknow,Email,Male,25-34
5386,2025-04-08,Jaipur,Paid Search,Male,25-34
5387,2025-11-07,Hyderabad,Paid Search,Male,18-24
5388,2024-12-17,Pune,Organic Search,Male,45-54
5389,2024-11-26,Ahmedabad,Affiliate,Male,45-54
5390,2025-01-05,Bengaluru,Organic Search,Female,25-34
5391,2025-04-09,Ahmedabad,Paid Search,Female,35-44
5392,2024-11-08,Jaipur,Organic Search,Female,35-44
5393,2025-06-20,Bengaluru,Organic Search,Female,25-34
5394,2025-07-16,Bengaluru,Direct,Female,45-54
5395,2025-01-23,Pune,Paid Social,Female,35-44
5396,2025-04-03,Gorakhpur,Direct,Male,18-24
5397,2024-11-05,Kolkata,Email,Female,45-54
5398,2025-01-08,Chandigarh,Direct,Female,25-34
5399,2025-02-09,Ahmedabad,Direct,Female,25-34
5400,2025-09-09,Indore,Paid Social,Female,45-54
5401,2025-04-06,Pune,Affiliate,Male,25-34
5402,2024-12-03,Chennai,Paid Search,Female,45-54
5403,2024-11-19,Jaipur,Paid Social,Female,18-24
5404,2025-02-17,Kochi,Affiliate,Female,45-54
5405,2025-12-16,Delhi,Organic Search,Female,18-24
5406,2024-12-22,Chennai,Direct,Female,18-24
5407,2025-05-18,Mumbai,Paid Search,Female,18-24
5408,2025-04-20,Kochi,Paid Search,Male,25-34
5409,2024-11-02,Mumbai,Organic Search,Male,18-24
5410,2024-11-15,Jaipur,Paid Search,Male,35-44
5411,2024-11-16,Delhi,Paid Social,Male,45-54
5412,2025-09-19,Lucknow,Affiliate,Male,25-34
5413,2025-07-29,Jaipur,Paid Search,Female,18-24
5414,2025-01-16,Gorakhpur,Referral,Male,35-44
5415,2025-08-31,Kochi,Organic Search,Female,45-54
5416,2024-11-08,Bengaluru,Direct,Male,45-54
5417,2025-01-13,Pune,Referral,Male,18-24
5418,2025-12-27,Bhopal,Referral,Female,45-54
5419,2025-09-10,Delhi,Paid Search,Female,35-44
5420,2025-05-08,Jaipur,Paid Search,Female,18-24
5421,2024-11-27,Chandigarh,Direct,Male,45-54
5422,2024-12-13,Kolkata,Email,Male,45-54
5423,2025-03-12,Pune,Email,Female,35-44
5424,2024-12-02,Kochi,Email,Female,45-54
5425,2025-03-29,Kochi,Organic Search,Female,45-54
5426,2024-11-13,Chandigarh,Email,Male,35-44
5427,2024-12-09,Gorakhpur,Paid Search,Male,25-34
5428,2025-05-14,Chandigarh,Paid Search,Male,35-44
5429,2025-11-13,Gorakhpur,Direct,Female,35-44
5430,2025-03-08,Bengaluru,Email,Male,18-24
5431,2025-04-21,Mumbai,Organic Search,Female,35-44
5432,2025-03-13,Delhi,Paid Search,Female,25-34
5433,2025-02-09,Indore,Direct,Male,25-34
5434,2025-01-25,Bhopal,Paid Search,Female,45-54
5435,2025-08-14,Lucknow,Paid Social,Male,35-44
5436,2025-11-09,Bengaluru,Direct,Male,35-44
5437,2024-11-21,Indore,Paid Social,Female,45-54
5438,2024-11-29,Pune,Organic Search,Male,35-44
5439,2025-03-17,Kolkata,Email,Male,18-24
5440,2025-10-12,Jaipur,Direct,Female,25-34
5441,2024-12-07,Jaipur,Paid Social,Other,35-44
5442,2025-02-26,Delhi,Paid Social,Male,25-34
5443,2025-09-14,Gorakhpur,Referral,Male,45-54
5444,2025-06-20,Ahmedabad,Email,Male,18-24
5445,2025-12-19,Lucknow,Paid Social,Female,25-34
5446,2024-11-25,Delhi,Affiliate,Male,45-54
5447,2025-07-15,Chennai,Paid Social,Female,25-34
5448,2024-11-19,Lucknow,Paid Search,Female,18-24
5449,2025-02-20,Kolkata,Affiliate,Female,35-44
5450,2025-01-02,Ahmedabad,Paid Search,Female,35-44
5451,2025-01-07,Bengaluru,Direct,Male,35-44
5452,2024-11-27,Kolkata,Paid Social,Male,25-34
5453,2025-07-12,Indore,Direct,Female,35-44
5454,2025-09-01,Lucknow,Paid Social,Female,25-34
5455,2025-01-03,Lucknow,Paid Social,Female,18-24
5456,2024-12-25,Indore,Email,Male,25-34
5457,2025-08-20,Delhi,Direct,Female,25-34
5458,2025-01-13,Kochi,Organic Search,Male,18-24
5459,2025-10-20,Bhopal,Paid Social,Female,35-44
5460,2025-01-15,Kochi,Direct,Male,18-24
5461,2024-11-28,Pune,Paid Social,Female,25-34
5462,2024-11-21,Bhopal,Affiliate,Female,35-44
5463,2024-12-01,Delhi,Affiliate,Female,25-34
5464,2025-01-18,Mumbai,Paid Social,Female,25-34
5465,2024-12-16,Mumbai,Organic Search,Male,45-54
5466,2025-07-03,Chennai,Paid Social,Female,45-54
5467,2024-11-04,Pune,Paid Search,Male,18-24
5468,2024-12-24,Gorakhpur,Organic Search,Male,35-44
5469,2025-11-25,Mumbai,Paid Social,Female,25-34
5470,2025-01-27,Mumbai,Paid Social,Female,25-34
5471,2025-03-26,Ahmedabad,Affiliate,Male,18-24
5472,2025-04-30,Kochi,Affiliate,Male,35-44
5473,2025-10-28,Indore,Paid Social,Female,35-44
5474,2025-05-13,Chandigarh,Paid Social,Male,45-54
5475,2024-11-13,Kochi,Direct,Male,35-44
5476,2025-03-19,Bhopal,Organic Search,Female,25-34
5477,2024-11-26,Gorakhpur,Paid Search,Female,35-44
5478,2025-02-10,Chandigarh,Organic Search,Female,45-54
5479,2024-11-18,Gorakhpur,Email,Male,35-44
5480,2025-10-20,Hyderabad,Direct,Female,18-24
5481,2025-10-09,Kolkata,Organic Search,Male,35-44
5482,2024-11-03,Chennai,Organic Search,Male,45-54
5483,2025-03-21,Gorakhpur,Paid Social,Female,45-54
5484,2025-03-03,Hyderabad,Organic Search,Male,45-54
5485,2024-11-02,Bengaluru,Referral,Male,18-24
5486,2024-11-13,Pune,Organic Search,Male,45-54
5487,2025-07-17,Indore,Affiliate,Female,25-34
5488,2025-03-14,Jaipur,Paid Search,Male,25-34
5489,2024-11-03,Bhopal,Affiliate,Female,18-24
5490,2025-02-01,Jaipur,Paid Social,Female,45-54
5491,2025-07-03,Mumbai,Direct,Female,35-44
5492,2025-11-16,Bengaluru,Referral,Other,18-24
5493,2025-06-08,Kolkata,Paid Social,Male,25-34
5494,2025-01-30,Bengaluru,Organic Search,Female,25-34
5495,2025-07-07,Bengaluru,Organic Search,Male,18-24
5496,2025-06-14,Pune,Referral,Female,25-34
5497,2025-03-02,Pune,Paid Social,Female,25-34
5498,2025-07-14,Bengaluru,Direct,Male,25-34
5499,2024-11-04,Ahmedabad,Paid Social,Male,35-44
5500,2024-11-12,Pune,Paid Social,Male,25-34
5501,2025-02-11,Pune,Email,Female,35-44
5502,2025-04-20,Kolkata,Referral,Female,45-54
5503,2025-02-27,Jaipur,Organic Search,Female,45-54
5504,2025-10-21,Pune,Organic Search,Female,18-24
5505,2025-01-19,Chennai,Direct,Male,25-34
5506,2025-12-28,Chandigarh,Paid Social,Female,18-24
5507,2025-11-05,Hyderabad,Direct,Male,25-34
5508,2024-11-01,Chennai,Organic Search,Female,35-44
5509,2025-02-18,Hyderabad,Affiliate,Female,45-54
5510,2025-07-01,Hyderabad,Paid Search,Female,25-34
5511,2024-11-11,Jaipur,Paid Search,Female,25-34
5512,2025-09-18,Pune,Organic Search,Male,25-34
5513,2024-11-01,Pune,Organic Search,Male,25-34
5514,2025-11-30,Pune,Referral,Female,18-24
5515,2025-06-06,Pune,Referral,Male,18-24
5516,2025-03-24,Bengaluru,Direct,Male,25-34
5517,2025-04-21,Gorakhpur,Paid Search,Female,45-54
5518,2024-11-18,Kolkata,Paid Social,Female,25-34
5519,2025-08-24,Hyderabad,Affiliate,Female,18-24
5520,2024-11-02,Pune,Paid Search,Female,25-34
5521,2025-05-15,Hyderabad,Direct,Other,45-54
5522,2025-06-24,Mumbai,Direct,Female,45-54
5523,2025-01-06,Chandigarh,Paid Social,Female,45-54
5524,2025-06-25,Jaipur,Paid Social,Male,45-54
5525,2024-11-22,Ahmedabad,Paid Social,Male,45-54
5526,2024-11-05,Hyderabad,Organic Search,Female,25-34
5527,2025-10-23,Chennai,Paid Social,Female,45-54
5528,2025-02-28,Mumbai,Affiliate,Female,18-24
5529,2025-06-07,Indore,Paid Search,Female,35-44
5530,2024-11-12,Gorakhpur,Paid Search,Female,18-24
5531,2025-01-14,Kolkata,Paid Social,Female,18-24
5532,2025-09-24,Delhi,Organic Search,Female,35-44
5533,2025-08-08,Lucknow,Paid Search,Female,45-54
5534,2025-08-25,Chennai,Paid Social,Female,45-54
5535,2025-05-13,Chandigarh,Affiliate,Male,35-44
5536,2025-01-02,Delhi,Organic Search,Female,35-44
5537,2025-06-25,Jaipur,Organic Search,Male,45-54
5538,2024-12-01,Kochi,Organic Search,Female,45-54
5539,2024-11-07,Hyderabad,Paid Social,Male,18-24
5540,2025-11-03,Delhi,Organic Search,Female,45-54
5541,2025-05-23,Bhopal,Affiliate,Female,18-24
5542,2025-05-09,Lucknow,Paid Social,Female,45-54
5543,2024-11-09,Bhopal,Paid Social,Male,18-24
5544,2025-10-09,Indore,Paid Search,Female,18-24
5545,2025-09-03,Lucknow,Affiliate,Female,35-44
5546,2025-09-22,Gorakhpur,Paid Social,Male,25-34
5547,2025-10-18,Kolkata,Direct,Male,25-34
5548,2024-12-29,Hyderabad,Referral,Female,35-44
5549,2024-11-10,Jaipur,Affiliate,Female,18-24
5550,2025-01-05,Chennai,Referral,Male,25-34
5551,2024-11-22,Ahmedabad,Direct,Male,18-24
5552,2025-01-05,Jaipur,Paid Search,Female,18-24
5553,2025-04-24,Bengaluru,Paid Social,Male,45-54
5554,2025-02-28,Kochi,Paid Social,Female,25-34
5555,2024-11-06,Pune,Organic Search,Male,35-44
5556,2025-08-03,Chennai,Paid Social,Female,25-34
5557,2025-03-02,Ahmedabad,Direct,Male,18-24
5558,2025-03-01,Hyderabad,Paid Social,Female,45-54
5559,2024-12-21,Lucknow,Direct,Male,45-54
5560,2024-11-01,Hyderabad,Referral,Male,25-34
5561,2025-02-04,Lucknow,Referral,Female,25-34
5562,2025-09-03,Pune,Paid Social,Female,45-54
5563,2024-11-01,Chandigarh,Organic Search,Male,35-44
5564,2024-12-12,Gorakhpur,Organic Search,Male,35-44
5565,2025-03-16,Hyderabad,Referral,Female,18-24
5566,2024-11-08,Lucknow,Referral,Female,35-44
5567,2024-12-31,Delhi,Affiliate,Female,45-54
5568,2024-11-03,Bengaluru,Referral,Female,45-54
5569,2024-12-29,Ahmedabad,Paid Search,Male,45-54
5570,2025-08-10,Kochi,Direct,Female,35-44
5571,2025-03-25,Ahmedabad,Paid Search,Female,25-34
5572,2025-02-09,Bengaluru,Organic Search,Male,45-54
5573,2025-08-24,Mumbai,Organic Search,Female,25-34
5574,2025-06-04,Bhopal,Paid Social,Female,25-34
5575,2025-08-30,Bhopal,Affiliate,Female,18-24
5576,2024-11-13,Ahmedabad,Email,Female,45-54
5577,2025-09-13,Pune,Referral,Male,25-34
5578,2025-11-09,Pune,Paid Social,Female,35-44
5579,2025-01-13,Ahmedabad,Paid Search,Female,25-34
5580,2024-12-12,Pune,Direct,Male,45-54
5581,2025-12-20,Chennai,Email,Male,25-34
5582,2025-04-21,Chandigarh,Organic Search,Male,25-34
5583,2025-07-14,Bhopal,Paid Social,Female,18-24
5584,2025-01-05,Lucknow,Direct,Male,45-54
5585,2025-05-21,Hyderabad,Referral,Male,18-24
5586,2025-12-02,Gorakhpur,Direct,Male,25-34
5587,2024-11-12,Lucknow,Paid Search,Male,45-54
5588,2025-06-26,Jaipur,Organic Search,Female,25-34
5589,2025-11-13,Indore,Organic Search,Male,35-44
5590,2025-09-22,Chennai,Paid Social,Male,25-34
5591,2025-09-15,Ahmedabad,Organic Search,Male,45-54
5592,2025-04-14,Pune,Direct,Male,25-34
5593,2024-12-24,Mumbai,Organic Search,Male,45-54
5594,2025-11-06,Bhopal,Paid Social,Female,18-24
5595,2025-01-24,Mumbai,Paid Search,Female,25-34
5596,2025-09-09,Delhi,Paid Search,Female,18-24
5597,2025-02-02,Kolkata,Paid Social,Male,25-34
5598,2025-11-17,Pune,Paid Social,Female,45-54
5599,2024-12-05,Indore,Paid Search,Male,18-24
5600,2024-11-11,Gorakhpur,Paid Social,Male,35-44
5601,2025-03-14,Hyderabad,Affiliate,Male,25-34
5602,2024-12-17,Indore,Organic Search,Male,18-24
5603,2025-07-12,Kolkata,Referral,Male,25-34
5604,2025-01-23,Kochi,Organic Search,Male,18-24
5605,2025-01-11,Delhi,Direct,Female,18-24
5606,2024-11-01,Chandigarh,Direct,Male,18-24
5607,2025-06-11,Mumbai,Direct,Male,45-54
5608,2024-11-07,Lucknow,Organic Search,Female,35-44
5609,2025-08-18,Indore,Referral,Male,18-24
5610,2024-11-19,Hyderabad,Organic Search,Female,25-34
5611,2025-06-05,Kochi,Organic Search,Female,45-54
5612,2025-09-13,Chandigarh,Direct,Male,45-54
5613,2025-03-11,Bhopal,Organic Search,Female,18-24
5614,2024-12-21,Mumbai,Paid Social,Female,45-54
5615,2025-11-26,Kolkata,Paid Social,Male,35-44
5616,2025-12-10,Mumbai,Direct,Male,25-34
5617,2025-12-22,Jaipur,Affiliate,Male,25-34
5618,2024-11-01,Mumbai,Organic Search,Female,45-54
5619,2025-09-07,Kolkata,Organic Search,Female,25-34
5620,2025-09-11,Kolkata,Organic Search,Female,18-24
5621,2025-06-23,Hyderabad,Paid Search,Female,25-34
5622,2025-01-07,Lucknow,Direct,Female,45-54
5623,2025-02-21,Hyderabad,Organic Search,Female,18-24
5624,2025-07-06,Gorakhpur,Direct,Female,35-44
5625,2024-11-19,Delhi,Email,Male,45-54
5626,2025-08-28,Delhi,Email,Female,25-34
5627,2025-03-04,Kochi,Paid Social,Male,35-44
5628,2025-09-22,Delhi,Organic Search,Female,45-54
5629,2025-08-02,Gorakhpur,Paid Social,Female,25-34
5630,2025-08-26,Kolkata,Direct,Male,45-54
5631,2025-03-24,Bhopal,Email,Female,35-44
5632,2025-08-15,Bengaluru,Paid Social,Female,18-24
5633,2025-05-10,Chennai,Paid Search,Male,45-54
5634,2024-11-09,Indore,Paid Social,Female,18-24
5635,2025-08-08,Indore,Email,Male,45-54
5636,2025-04-04,Bengaluru,Email,Female,35-44
5637,2025-04-26,Bengaluru,Direct,Male,35-44
5638,2025-11-30,Ahmedabad,Referral,Female,45-54
5639,2024-11-27,Kolkata,Direct,Female,18-24
5640,2024-12-07,Jaipur,Organic Search,Female,18-24
5641,2024-11-27,Gorakhpur,Paid Social,Male,45-54
5642,2025-03-07,Ahmedabad,Paid Social,Male,25-34
5643,2025-05-08,Ahmedabad,Paid Social,Male,35-44
5644,2025-08-04,Gorakhpur,Organic Search,Male,35-44
5645,2025-07-10,Mumbai,Paid Social,Female,45-54
5646,2025-06-15,Bhopal,Referral,Female,25-34
5647,2025-07-04,Chennai,Paid Search,Female,45-54
5648,2025-10-02,Delhi,Organic Search,Female,35-44
5649,2025-07-16,Hyderabad,Organic Search,Female,18-24
5650,2025-04-10,Hyderabad,Paid Social,Female,25-34
5651,2025-04-26,Pune,Organic Search,Other,25-34
5652,2025-03-26,Bhopal,Paid Social,Male,25-34
5653,2025-08-25,Ahmedabad,Organic Search,Male,25-34
5654,2024-11-08,Hyderabad,Direct,Male,35-44
5655,2025-08-03,Chennai,Paid Social,Female,18-24
5656,2025-03-08,Lucknow,Organic Search,Female,18-24
5657,2025-04-13,Ahmedabad,Organic Search,Female,18-24
5658,2025-02-21,Ahmedabad,Direct,Male,45-54
5659,2025-08-03,Kolkata,Organic Search,Female,25-34
5660,2025-05-20,Chennai,Direct,Female,18-24
5661,2024-11-01,Mumbai,Paid Social,Female,18-24
5662,2025-05-17,Chandigarh,Direct,Female,25-34
5663,2024-11-17,Hyderabad,Email,Male,18-24
5664,2024-12-05,Ahmedabad,Organic Search,Female,25-34
5665,2025-01-09,Gorakhpur,Organic Search,Female,18-24
5666,2025-07-02,Pune,Organic Search,Male,35-44
5667,2024-12-02,Chandigarh,Paid Search,Female,18-24
5668,2025-12-17,Delhi,Affiliate,Male,18-24
5669,2025-10-03,Kolkata,Organic Search,Male,25-34
5670,2024-11-16,Chandigarh,Affiliate,Female,45-54
5671,2025-09-16,Gorakhpur,Paid Search,Female,25-34
5672,2024-12-05,Chennai,Organic Search,Female,35-44
5673,2024-11-06,Mumbai,Organic Search,Female,35-44
5674,2025-04-27,Gorakhpur,Organic Search,Male,35-44
5675,2025-08-18,Bengaluru,Paid Social,Female,18-24
5676,2025-03-16,Lucknow,Paid Social,Male,25-34
5677,2025-03-28,Pune,Paid Search,Female,35-44
5678,2024-11-01,Gorakhpur,Affiliate,Male,45-54
5679,2025-05-15,Kolkata,Referral,Female,25-34
5680,2024-11-15,Indore,Affiliate,Female,25-34
5681,2025-06-28,Delhi,Direct,Male,18-24
5682,2025-01-10,Hyderabad,Affiliate,Other,45-54
5683,2025-05-26,Bhopal,Paid Social,Female,18-24
5684,2025-11-30,Pune,Email,Female,45-54
5685,2024-11-26,Kochi,Paid Social,Male,35-44
5686,2024-11-04,Mumbai,Organic Search,Male,25-34
5687,2025-09-04,Gorakhpur,Paid Social,Female,25-34
5688,2025-03-04,Jaipur,Direct,Female,45-54
5689,2024-11-03,Ahmedabad,Organic Search,Female,18-24
5690,2025-12-10,Bhopal,Organic Search,Male,18-24
5691,2025-07-02,Mumbai,Paid Search,Male,45-54
5692,2024-11-06,Kochi,Email,Female,25-34
5693,2024-11-27,Hyderabad,Referral,Female,35-44
5694,2025-12-03,Gorakhpur,Affiliate,Male,25-34
5695,2024-11-03,Chennai,Direct,Male,45-54
5696,2025-01-09,Lucknow,Paid Search,Other,18-24
5697,2024-11-12,Ahmedabad,Organic Search,Other,25-34
5698,2024-11-01,Chennai,Paid Social,Female,25-34
5699,2025-02-24,Chandigarh,Paid Social,Male,18-24
5700,2024-11-09,Jaipur,Paid Social,Male,35-44
5701,2025-12-09,Bhopal,Paid Search,Male,18-24
5702,2025-10-12,Delhi,Direct,Female,25-34
5703,2024-12-03,Lucknow,Direct,Male,18-24
5704,2024-11-01,Pune,Paid Search,Female,18-24
5705,2024-11-17,Lucknow,Paid Search,Male,25-34
5706,2024-11-01,Ahmedabad,Referral,Female,18-24
5707,2025-07-21,Indore,Direct,Male,45-54
5708,2025-04-26,Lucknow,Email,Female,18-24
5709,2025-05-24,Indore,Email,Female,18-24
5710,2025-11-02,Hyderabad,Email,Female,45-54
5711,2025-07-26,Gorakhpur,Email,Female,25-34
5712,2025-03-27,Jaipur,Direct,Male,45-54
5713,2025-03-26,Chandigarh,Organic Search,Male,25-34
5714,2025-12-10,Indore,Paid Search,Female,18-24
5715,2025-05-30,Ahmedabad,Paid Search,Male,35-44
5716,2025-08-14,Gorakhpur,Paid Social,Male,35-44
5717,2025-10-06,Mumbai,Paid Social,Male,18-24
5718,2025-02-28,Kochi,Paid Search,Female,45-54
5719,2024-11-18,Bhopal,Direct,Female,25-34
5720,2025-01-01,Chennai,Paid Search,Other,18-24
5721,2025-06-23,Chandigarh,Organic Search,Male,25-34
5722,2025-01-15,Jaipur,Direct,Female,35-44
5723,2025-11-30,Kochi,Direct,Male,18-24
5724,2025-03-04,Chandigarh,Direct,Male,45-54
5725,2025-01-24,Ahmedabad,Email,Female,25-34
5726,2025-11-09,Kolkata,Paid Search,Male,18-24
5727,2025-01-29,Kochi,Paid Search,Female,35-44
5728,2025-06-16,Indore,Paid Search,Female,45-54
5729,2025-06-03,Gorakhpur,Organic Search,Male,45-54
5730,2025-12-02,Bhopal,Organic Search,Male,25-34
5731,2025-01-07,Gorakhpur,Organic Search,Female,25-34
5732,2025-02-02,Hyderabad,Organic Search,Female,35-44
5733,2024-12-27,Hyderabad,Paid Social,Female,35-44
5734,2024-11-17,Gorakhpur,Paid Search,Male,25-34
5735,2024-12-09,Delhi,Affiliate,Male,45-54
5736,2025-01-06,Hyderabad,Organic Search,Female,35-44
5737,2025-08-30,Ahmedabad,Paid Social,Female,18-24
5738,2024-11-30,Hyderabad,Referral,Female,45-54
5739,2024-11-07,Lucknow,Paid Search,Female,18-24
5740,2025-04-30,Chennai,Direct,Female,45-54
5741,2025-12-21,Delhi,Organic Search,Female,45-54
5742,2024-11-14,Hyderabad,Paid Social,Female,35-44
5743,2024-12-21,Chennai,Referral,Male,45-54
5744,2025-08-24,Delhi,Organic Search,Female,25-34
5745,2025-11-12,Gorakhpur,Paid Search,Female,18-24
5746,2025-09-20,Ahmedabad,Paid Social,Male,18-24
5747,2025-10-29,Delhi,Organic Search,Male,25-34
5748,2025-06-05,Chennai,Direct,Female,35-44
5749,2025-02-14,Hyderabad,Direct,Male,35-44
5750,2025-01-26,Chennai,Paid Social,Male,18-24
5751,2024-11-16,Indore,Paid Social,Female,18-24
5752,2025-03-21,Jaipur,Paid Search,Male,35-44
5753,2025-11-09,Gorakhpur,Organic Search,Female,45-54
5754,2025-09-29,Indore,Organic Search,Male,35-44
5755,2025-06-17,Bengaluru,Paid Social,Female,25-34
5756,2025-02-07,Gorakhpur,Paid Social,Other,25-34
5757,2025-11-26,Bhopal,Paid Search,Male,25-34
5758,2025-11-25,Bengaluru,Organic Search,Male,35-44
5759,2025-11-26,Kolkata,Direct,Female,18-24
5760,2025-02-19,Ahmedabad,Referral,Female,18-24
5761,2025-12-01,Delhi,Direct,Female,25-34
5762,2025-04-29,Pune,Organic Search,Male,45-54
5763,2025-02-21,Delhi,Paid Search,Male,45-54
5764,2024-11-28,Gorakhpur,Organic Search,Female,25-34
5765,2025-07-30,Lucknow,Affiliate,Male,18-24
5766,2025-07-21,Bhopal,Organic Search,Female,25-34
5767,2024-11-13,Hyderabad,Email,Female,18-24
5768,2024-11-23,Bengaluru,Email,Male,25-34
5769,2025-10-16,Gorakhpur,Paid Search,Female,35-44
5770,2024-11-28,Chennai,Affiliate,Female,35-44
5771,2025-03-17,Bhopal,Paid Search,Female,25-34
5772,2025-10-20,Bengaluru,Referral,Female,25-34
5773,2024-11-23,Kochi,Direct,Male,18-24
5774,2025-12-04,Delhi,Referral,Female,18-24
5775,2025-10-27,Indore,Paid Social,Female,35-44
5776,2024-11-18,Ahmedabad,Email,Female,45-54
5777,2025-09-05,Gorakhpur,Affiliate,Female,35-44
5778,2025-02-23,Pune,Direct,Male,35-44
5779,2024-11-27,Ahmedabad,Paid Search,Male,35-44
5780,2025-03-07,Jaipur,Paid Search,Female,45-54
5781,2024-11-01,Lucknow,Direct,Female,35-44
5782,2025-03-11,Kochi,Paid Search,Female,45-54
5783,2024-11-09,Jaipur,Email,Female,45-54
5784,2025-11-29,Pune,Organic Search,Female,18-24
5785,2025-08-22,Chandigarh,Organic Search,Other,45-54
5786,2025-06-22,Gorakhpur,Organic Search,Male,35-44
5787,2024-11-15,Chennai,Organic Search,Female,45-54
5788,2024-11-07,Kolkata,Paid Search,Female,45-54
5789,2025-07-15,Jaipur,Paid Social,Female,25-34
5790,2024-11-07,Gorakhpur,Affiliate,Female,35-44
5791,2025-12-30,Lucknow,Referral,Male,18-24
5792,2024-11-20,Hyderabad,Paid Search,Male,25-34
5793,2025-08-02,Delhi,Referral,Male,35-44
5794,2024-12-13,Gorakhpur,Paid Social,Female,45-54
5795,2025-08-20,Lucknow,Organic Search,Female,35-44
5796,2025-04-16,Bengaluru,Paid Search,Male,18-24
5797,2025-03-08,Chandigarh,Direct,Male,45-54
5798,2025-03-14,Chennai,Email,Female,45-54
5799,2025-03-06,Bengaluru,Organic Search,Female,35-44
5800,2024-11-05,Kolkata,Paid Social,Male,35-44
5801,2025-07-16,Ahmedabad,Paid Search,Male,35-44
5802,2025-02-11,Chennai,Direct,Male,18-24
5803,2024-11-02,Bhopal,Affiliate,Female,45-54
5804,2024-11-04,Jaipur,Organic Search,Male,18-24
5805,2025-07-13,Bengaluru,Organic Search,Female,35-44
5806,2025-04-20,Chandigarh,Organic Search,Male,25-34
5807,2025-07-01,Bengaluru,Direct,Female,25-34
5808,2025-05-17,Chennai,Email,Male,45-54
5809,2024-12-23,Indore,Paid Search,Male,35-44
5810,2025-05-28,Kolkata,Email,Female,45-54
5811,2025-07-26,Chandigarh,Paid Social,Female,25-34
5812,2025-01-31,Lucknow,Direct,Male,35-44
5813,2025-06-12,Pune,Organic Search,Female,35-44
5814,2024-11-13,Hyderabad,Affiliate,Female,18-24
5815,2025-11-21,Kochi,Affiliate,Female,25-34
5816,2024-12-13,Lucknow,Referral,Male,45-54
5817,2025-08-19,Kolkata,Affiliate,Male,45-54
5818,2025-01-30,Gorakhpur,Organic Search,Male,18-24
5819,2025-09-17,Ahmedabad,Paid Social,Male,45-54
5820,2025-01-02,Chandigarh,Direct,Female,35-44
5821,2025-05-15,Jaipur,Paid Social,Female,35-44
5822,2025-05-01,Bengaluru,Organic Search,Female,35-44
5823,2025-03-22,Indore,Organic Search,Female,35-44
5824,2025-02-25,Bengaluru,Paid Social,Male,45-54
5825,2024-12-05,Chandigarh,Paid Social,Female,25-34
5826,2025-12-13,Mumbai,Direct,Female,18-24
5827,2024-11-10,Bhopal,Referral,Male,35-44
5828,2025-08-25,Jaipur,Email,Female,45-54
5829,2025-10-24,Gorakhpur,Direct,Other,35-44
5830,2025-05-05,Mumbai,Affiliate,Female,45-54
5831,2024-11-14,Bengaluru,Direct,Male,45-54
5832,2025-07-12,Pune,Organic Search,Male,18-24
5833,2025-10-11,Delhi,Organic Search,Female,45-54
5834,2024-12-21,Ahmedabad,Paid Social,Male,25-34
5835,2024-11-01,Pune,Email,Male,25-34
5836,2025-09-07,Bhopal,Paid Search,Male,18-24
5837,2025-07-09,Mumbai,Organic Search,Male,35-44
5838,2025-03-08,Lucknow,Direct,Male,35-44
5839,2025-02-26,Pune,Paid Social,Female,25-34
5840,2025-11-17,Ahmedabad,Referral,Male,35-44
5841,2025-06-19,Bhopal,Referral,Female,35-44
5842,2025-02-19,Ahmedabad,Paid Search,Female,18-24
5843,2025-08-30,Delhi,Paid Social,Male,25-34
5844,2025-02-16,Kochi,Email,Female,45-54
5845,2025-05-02,Ahmedabad,Paid Search,Male,35-44
5846,2024-12-30,Pune,Paid Social,Male,35-44
5847,2025-12-08,Bengaluru,Paid Social,Female,25-34
5848,2025-07-11,Indore,Paid Search,Other,45-54
5849,2025-12-27,Indore,Email,Female,45-54
5850,2024-11-28,Gorakhpur,Paid Search,Other,25-34
5851,2024-12-17,Jaipur,Email,Male,18-24
5852,2024-11-22,Jaipur,Paid Social,Female,35-44
5853,2025-03-11,Indore,Paid Social,Male,35-44
5854,2025-02-09,Mumbai,Email,Other,45-54
5855,2025-04-15,Indore,Paid Social,Female,25-34
5856,2025-10-05,Chandigarh,Organic Search,Female,45-54
5857,2025-01-13,Bengaluru,Paid Social,Male,25-34
5858,2024-11-12,Indore,Organic Search,Female,35-44
5859,2024-12-14,Kochi,Organic Search,Female,25-34
5860,2025-08-30,Indore,Email,Male,45-54
5861,2024-11-06,Gorakhpur,Paid Social,Female,35-44
5862,2025-03-02,Kolkata,Email,Female,18-24
5863,2025-08-25,Gorakhpur,Organic Search,Female,18-24
5864,2025-03-17,Jaipur,Affiliate,Male,18-24
5865,2025-10-30,Chennai,Paid Social,Male,35-44
5866,2025-01-18,Chennai,Email,Female,45-54
5867,2024-12-11,Indore,Paid Search,Male,18-24
5868,2025-03-31,Gorakhpur,Organic Search,Male,25-34
5869,2025-01-15,Delhi,Organic Search,Male,45-54
5870,2025-02-20,Bhopal,Organic Search,Female,35-44
5871,2025-02-03,Lucknow,Email,Female,35-44
5872,2024-11-27,Delhi,Paid Search,Other,35-44
5873,2025-02-27,Delhi,Organic Search,Female,18-24
5874,2025-06-12,Delhi,Affiliate,Male,45-54
5875,2024-11-10,Kochi,Direct,Female,25-34
5876,2025-11-06,Kolkata,Organic Search,Male,45-54
5877,2025-12-17,Ahmedabad,Organic Search,Male,45-54
5878,2025-04-10,Jaipur,Organic Search,Male,35-44
5879,2024-11-29,Ahmedabad,Organic Search,Male,18-24
5880,2025-07-11,Jaipur,Organic Search,Other,45-54
5881,2025-02-26,Pune,Paid Social,Female,18-24
5882,2025-12-01,Delhi,Organic Search,Male,25-34
5883,2025-09-08,Gorakhpur,Paid Social,Female,35-44
5884,2025-03-12,Kolkata,Paid Social,Female,25-34
5885,2025-09-30,Ahmedabad,Email,Female,18-24
5886,2024-11-05,Chennai,Paid Social,Female,45-54
5887,2024-12-08,Chandigarh,Referral,Female,25-34
5888,2024-11-26,Bhopal,Paid Social,Male,18-24
5889,2025-01-05,Pune,Organic Search,Female,25-34
5890,2025-01-12,Bhopal,Paid Social,Female,25-34
5891,2025-12-18,Bhopal,Affiliate,Male,45-54
5892,2025-06-01,Mumbai,Paid Social,Female,18-24
5893,2025-01-22,Gorakhpur,Paid Search,Male,35-44
5894,2025-02-06,Hyderabad,Direct,Female,35-44
5895,2025-01-30,Pune,Organic Search,Female,35-44
5896,2025-07-25,Indore,Paid Search,Female,25-34
5897,2025-07-05,Mumbai,Direct,Male,25-34
5898,2024-12-27,Chennai,Direct,Female,45-54
5899,2024-11-02,Kolkata,Direct,Male,25-34
5900,2025-06-16,Chennai,Paid Social,Male,35-44
5901,2025-12-03,Bengaluru,Paid Search,Female,18-24
5902,2025-05-26,Hyderabad,Paid Search,Female,25-34
5903,2025-11-23,Kochi,Organic Search,Male,18-24
5904,2025-06-25,Jaipur,Paid Social,Female,45-54
5905,2024-11-20,Chennai,Paid Social,Female,18-24
5906,2025-01-08,Chandigarh,Email,Other,18-24
5907,2025-04-08,Mumbai,Organic Search,Female,25-34
5908,2024-12-05,Chandigarh,Paid Social,Female,45-54
5909,2025-03-02,Gorakhpur,Organic Search,Female,25-34
5910,2025-03-26,Chennai,Paid Search,Male,35-44
5911,2025-05-11,Chennai,Direct,Female,35-44
5912,2025-01-20,Lucknow,Paid Search,Female,35-44
5913,2025-12-14,Chennai,Organic Search,Female,25-34
5914,2025-06-22,Lucknow,Paid Social,Male,18-24
5915,2025-02-24,Chennai,Paid Social,Male,35-44
5916,2025-10-24,Lucknow,Paid Search,Female,25-34
5917,2025-06-23,Kochi,Organic Search,Male,35-44
5918,2024-11-20,Ahmedabad,Referral,Male,25-34
5919,2025-08-10,Gorakhpur,Organic Search,Female,18-24
5920,2025-05-12,Mumbai,Direct,Female,35-44
5921,2025-03-17,Chennai,Direct,Female,25-34
5922,2024-11-03,Delhi,Affiliate,Female,45-54
5923,2025-08-04,Ahmedabad,Email,Female,25-34
5924,2025-01-01,Kochi,Organic Search,Male,25-34
5925,2024-11-26,Chandigarh,Referral,Female,35-44
5926,2025-10-12,Indore,Paid Social,Male,25-34
5927,2025-12-30,Pune,Paid Search,Male,18-24
5928,2025-04-25,Chandigarh,Organic Search,Male,18-24
5929,2025-01-23,Delhi,Affiliate,Female,35-44
5930,2025-04-29,Bengaluru,Organic Search,Female,45-54
5931,2025-05-11,Delhi,Paid Social,Male,25-34
5932,2025-10-28,Kolkata,Paid Social,Female,18-24
5933,2025-11-30,Hyderabad,Affiliate,Male,25-34
5934,2024-12-20,Chennai,Paid Search,Female,25-34
5935,2024-12-07,Lucknow,Affiliate,Female,25-34
5936,2025-10-21,Kolkata,Paid Search,Female,45-54
5937,2024-12-14,Mumbai,Affiliate,Male,25-34
5938,2024-11-02,Mumbai,Organic Search,Male,25-34
5939,2025-03-22,Bengaluru,Referral,Female,35-44
5940,2025-04-18,Jaipur,Organic Search,Male,18-24
5941,2025-04-16,Indore,Direct,Female,45-54
5942,2025-06-16,Chennai,Paid Social,Female,18-24
5943,2025-09-09,Lucknow,Organic Search,Male,18-24
5944,2025-03-27,Hyderabad,Organic Search,Female,45-54
5945,2025-12-06,Indore,Direct,Female,45-54
5946,2025-12-03,Kolkata,Paid Social,Male,45-54
5947,2025-03-16,Bhopal,Referral,Male,18-24
5948,2025-11-02,Kochi,Organic Search,Male,18-24
5949,2025-05-16,Chandigarh,Email,Male,35-44
5950,2024-11-03,Bengaluru,Affiliate,Female,25-34
5951,2025-08-14,Bhopal,Organic Search,Other,35-44
5952,2025-11-29,Chennai,Paid Social,Female,45-54
5953,2024-11-07,Ahmedabad,Email,Male,35-44
5954,2024-11-05,Ahmedabad,Direct,Female,25-34
5955,2025-01-22,Ahmedabad,Email,Female,18-24
5956,2025-09-09,Hyderabad,Affiliate,Female,18-24
5957,2025-09-15,Gorakhpur,Direct,Female,18-24
5958,2024-11-10,Gorakhpur,Referral,Male,18-24
5959,2025-01-07,Chandigarh,Email,Female,18-24
5960,2025-11-30,Lucknow,Affiliate,Male,25-34
5961,2024-11-05,Ahmedabad,Paid Social,Female,35-44
5962,2025-05-04,Bhopal,Paid Social,Male,45-54
5963,2025-02-06,Kochi,Direct,Male,25-34
5964,2024-12-08,Bengaluru,Paid Search,Female,35-44
5965,2025-03-31,Bengaluru,Organic Search,Male,18-24
5966,2024-12-24,Kolkata,Organic Search,Female,25-34
5967,2024-12-07,Bengaluru,Organic Search,Male,45-54
5968,2025-01-14,Ahmedabad,Paid Search,Female,25-34
5969,2025-05-19,Hyderabad,Direct,Female,18-24
5970,2025-09-18,Delhi,Paid Search,Female,35-44
5971,2025-11-03,Delhi,Affiliate,Male,35-44
5972,2025-07-23,Kochi,Paid Social,Female,18-24
5973,2025-10-22,Chandigarh,Referral,Female,25-34
5974,2025-11-07,Delhi,Paid Search,Male,25-34
5975,2025-02-18,Bhopal,Paid Search,Female,45-54
5976,2024-12-02,Kochi,Email,Male,25-34
5977,2025-11-29,Bengaluru,Paid Search,Female,25-34
5978,2025-02-11,Jaipur,Paid Search,Female,45-54
5979,2025-10-25,Kolkata,Paid Social,Male,35-44
5980,2024-11-11,Chandigarh,Paid Social,Female,18-24
5981,2025-02-07,Chennai,Organic Search,Female,25-34
5982,2025-04-25,Bengaluru,Paid Search,Female,35-44
5983,2025-03-27,Mumbai,Organic Search,Female,35-44
5984,2024-12-18,Ahmedabad,Organic Search,Female,18-24
5985,2025-07-02,Indore,Direct,Female,18-24
5986,2024-11-07,Mumbai,Paid Search,Female,45-54
5987,2025-11-06,Bhopal,Email,Female,18-24
5988,2025-03-28,Indore,Organic Search,Male,35-44
5989,2025-01-16,Pune,Direct,Female,35-44
5990,2025-11-01,Kolkata,Organic Search,Female,25-34
5991,2025-01-30,Bhopal,Affiliate,Male,25-34
5992,2025-03-21,Pune,Organic Search,Male,25-34
5993,2024-12-29,Pune,Affiliate,Male,35-44
5994,2024-12-26,Lucknow,Paid Social,Female,45-54
5995,2025-08-18,Hyderabad,Organic Search,Other,18-24
5996,2024-11-10,Gorakhpur,Referral,Male,25-34
5997,2025-03-19,Hyderabad,Organic Search,Male,45-54
5998,2025-08-25,Pune,Paid Search,Male,18-24
5999,2025-06-03,Chandigarh,Direct,Female,25-34
6000,2025-02-03,Jaipur,Paid Search,Female,18-24
6001,2025-11-22,Gorakhpur,Paid Social,Male,18-24
6002,2025-12-17,Pune,Paid Search,Female,18-24
6003,2025-02-09,Chennai,Email,Female,18-24
6004,2024-11-06,Indore,Paid Social,Male,18-24
6005,2024-12-14,Gorakhpur,Affiliate,Female,35-44
6006,2024-11-30,Ahmedabad,Direct,Male,18-24
6007,2024-11-01,Chandigarh,Paid Social,Female,35-44
6008,2025-07-06,Bhopal,Paid Search,Male,35-44
6009,2025-09-01,Chennai,Paid Search,Female,45-54
6010,2025-02-18,Delhi,Paid Social,Male,45-54
6011,2025-09-20,Chennai,Direct,Male,25-34
6012,2025-03-09,Bengaluru,Organic Search,Male,18-24
6013,2025-02-13,Bhopal,Referral,Other,18-24
6014,2025-06-01,Pune,Paid Search,Female,35-44
6015,2025-06-27,Delhi,Paid Social,Female,18-24
6016,2025-09-04,Jaipur,Direct,Female,25-34
6017,2025-02-16,Jaipur,Email,Male,18-24
6018,2025-06-22,Bengaluru,Direct,Female,45-54
6019,2024-11-01,Mumbai,Paid Search,Female,35-44
6020,2025-05-26,Kolkata,Paid Social,Male,25-34
6021,2024-11-03,Chandigarh,Paid Social,Male,35-44
6022,2025-04-17,Bhopal,Organic Search,Male,25-34
6023,2025-05-20,Kochi,Email,Male,25-34
6024,2025-01-06,Delhi,Paid Social,Male,25-34
6025,2025-05-28,Gorakhpur,Paid Search,Female,45-54
6026,2025-07-06,Gorakhpur,Email,Female,18-24
6027,2025-06-07,Delhi,Organic Search,Female,35-44
6028,2025-01-29,Indore,Direct,Female,18-24
6029,2025-01-16,Bhopal,Paid Search,Male,18-24
6030,2025-09-15,Ahmedabad,Email,Male,35-44
6031,2024-11-07,Bengaluru,Direct,Female,18-24
6032,2024-11-14,Mumbai,Paid Social,Female,45-54
6033,2024-12-19,Gorakhpur,Paid Social,Female,18-24
6034,2025-12-30,Hyderabad,Email,Female,45-54
6035,2025-01-24,Indore,Paid Social,Male,45-54
6036,2024-12-06,Chandigarh,Direct,Male,35-44
6037,2025-12-10,Ahmedabad,Organic Search,Other,45-54
6038,2025-12-11,Kochi,Paid Search,Male,45-54
6039,2025-03-03,Jaipur,Organic Search,Male,18-24
6040,2025-05-24,Delhi,Paid Social,Female,18-24
6041,2024-11-22,Indore,Affiliate,Male,18-24
6042,2025-04-13,Delhi,Organic Search,Female,18-24
6043,2025-05-14,Kolkata,Direct,Male,25-34
6044,2025-04-09,Indore,Paid Social,Male,25-34
6045,2025-09-11,Chennai,Direct,Female,45-54
6046,2025-01-04,Gorakhpur,Affiliate,Female,18-24
6047,2025-08-06,Bengaluru,Organic Search,Female,45-54
6048,2024-11-01,Lucknow,Affiliate,Male,18-24
6049,2025-02-26,Ahmedabad,Affiliate,Female,18-24
6050,2025-04-02,Indore,Paid Search,Female,45-54
6051,2025-07-28,Hyderabad,Referral,Female,45-54
6052,2025-08-25,Indore,Affiliate,Female,25-34
6053,2024-12-24,Delhi,Paid Social,Male,45-54
6054,2025-03-17,Ahmedabad,Paid Social,Male,25-34
6055,2025-05-15,Kochi,Paid Social,Female,35-44
6056,2025-06-14,Chennai,Paid Social,Female,45-54
6057,2024-11-17,Chennai,Paid Search,Male,18-24
6058,2025-08-09,Jaipur,Paid Search,Female,35-44
6059,2025-03-20,Bengaluru,Paid Search,Male,18-24
6060,2024-12-01,Delhi,Paid Social,Male,18-24
6061,2024-11-29,Kolkata,Referral,Male,25-34
6062,2024-11-05,Indore,Organic Search,Female,35-44
6063,2025-01-17,Chennai,Referral,Male,25-34
6064,2024-12-14,Indore,Direct,Male,45-54
6065,2025-07-29,Chandigarh,Affiliate,Male,45-54
6066,2024-12-10,Jaipur,Organic Search,Female,25-34
6067,2024-12-23,Ahmedabad,Paid Social,Female,25-34
6068,2025-01-16,Ahmedabad,Paid Search,Male,18-24
6069,2024-11-05,Kochi,Affiliate,Male,25-34
6070,2025-02-06,Kolkata,Email,Male,25-34
6071,2024-12-01,Hyderabad,Paid Search,Female,35-44
6072,2024-11-17,Chennai,Paid Search,Male,25-34
6073,2025-08-09,Hyderabad,Affiliate,Female,25-34
6074,2025-03-19,Chennai,Organic Search,Male,25-34
6075,2024-11-12,Hyderabad,Paid Social,Male,18-24
6076,2024-11-01,Pune,Direct,Female,25-34
6077,2024-12-17,Hyderabad,Email,Male,18-24
6078,2024-12-22,Bhopal,Organic Search,Male,18-24
6079,2025-05-24,Chandigarh,Paid Search,Female,35-44
6080,2025-01-25,Mumbai,Direct,Female,45-54
6081,2025-10-20,Bengaluru,Direct,Female,25-34
6082,2025-02-23,Chandigarh,Paid Search,Male,35-44
6083,2025-07-28,Mumbai,Direct,Female,45-54
6084,2025-04-23,Bengaluru,Paid Social,Male,45-54
6085,2024-12-31,Chennai,Affiliate,Female,25-34
6086,2024-11-10,Indore,Paid Search,Female,25-34
6087,2025-03-05,Kolkata,Direct,Female,35-44
6088,2024-12-04,Kochi,Organic Search,Female,45-54
6089,2025-03-31,Hyderabad,Paid Social,Female,25-34
6090,2025-04-02,Gorakhpur,Paid Search,Male,18-24
6091,2024-12-08,Bhopal,Paid Search,Male,25-34
6092,2025-06-17,Chennai,Organic Search,Female,25-34
6093,2024-11-10,Chandigarh,Paid Search,Male,45-54
6094,2025-12-06,Chandigarh,Affiliate,Female,18-24
6095,2024-11-16,Kolkata,Organic Search,Female,45-54
6096,2025-05-27,Kolkata,Affiliate,Male,25-34
6097,2025-12-24,Ahmedabad,Paid Search,Female,35-44
6098,2025-09-11,Jaipur,Paid Search,Female,25-34
6099,2025-04-17,Lucknow,Paid Social,Female,18-24
6100,2024-12-11,Pune,Paid Social,Female,45-54
6101,2025-01-30,Chennai,Organic Search,Female,45-54
6102,2024-12-14,Pune,Direct,Female,45-54
6103,2024-12-10,Lucknow,Direct,Female,35-44
6104,2024-11-01,Chennai,Paid Search,Female,35-44
6105,2025-02-12,Gorakhpur,Paid Search,Male,25-34
6106,2024-11-07,Ahmedabad,Organic Search,Female,18-24
6107,2024-11-21,Bengaluru,Email,Male,45-54
6108,2025-11-20,Kolkata,Paid Social,Female,25-34
6109,2025-01-19,Chandigarh,Paid Social,Female,25-34
6110,2024-11-25,Pune,Direct,Male,45-54
6111,2024-12-22,Mumbai,Organic Search,Female,45-54
6112,2024-11-01,Mumbai,Organic Search,Female,18-24
6113,2025-01-02,Kolkata,Paid Search,Male,18-24
6114,2025-07-25,Kochi,Organic Search,Male,45-54
6115,2025-01-05,Ahmedabad,Email,Male,25-34
6116,2025-06-09,Lucknow,Paid Search,Female,35-44
6117,2024-11-10,Chandigarh,Referral,Female,18-24
6118,2025-05-07,Bhopal,Paid Search,Female,35-44
6119,2025-05-27,Bengaluru,Paid Search,Female,45-54
6120,2025-09-03,Kolkata,Direct,Female,35-44
6121,2024-12-18,Hyderabad,Paid Search,Male,25-34
6122,2025-04-08,Bhopal,Affiliate,Female,35-44
6123,2024-11-17,Bengaluru,Referral,Male,45-54
6124,2025-02-21,Mumbai,Email,Male,45-54
6125,2025-04-09,Indore,Email,Female,18-24
6126,2025-05-04,Jaipur,Email,Female,45-54
6127,2024-12-24,Chennai,Affiliate,Female,45-54
6128,2025-03-24,Jaipur,Direct,Female,25-34
6129,2025-07-25,Hyderabad,Organic Search,Female,45-54
6130,2024-12-26,Gorakhpur,Affiliate,Female,25-34
6131,2025-01-01,Chennai,Email,Female,45-54
6132,2025-05-05,Mumbai,Organic Search,Female,18-24
6133,2025-06-21,Kochi,Paid Social,Female,45-54
6134,2024-11-06,Bengaluru,Paid Search,Female,35-44
6135,2025-02-14,Kolkata,Paid Social,Female,35-44
6136,2025-05-01,Ahmedabad,Organic Search,Female,45-54
6137,2024-12-25,Bhopal,Paid Search,Male,18-24
6138,2025-02-17,Mumbai,Organic Search,Male,18-24
6139,2025-12-20,Lucknow,Paid Social,Male,45-54
6140,2025-06-28,Jaipur,Referral,Male,18-24
6141,2025-05-27,Bengaluru,Email,Female,35-44
6142,2024-11-15,Hyderabad,Paid Search,Female,35-44
6143,2024-11-17,Indore,Paid Search,Male,45-54
6144,2024-11-01,Jaipur,Affiliate,Female,18-24
6145,2025-08-05,Lucknow,Organic Search,Female,45-54
6146,2024-12-01,Mumbai,Paid Search,Other,18-24
6147,2024-11-06,Chandigarh,Email,Female,45-54
6148,2024-11-10,Bhopal,Paid Search,Female,18-24
6149,2025-02-01,Chandigarh,Email,Female,35-44
6150,2025-05-11,Mumbai,Affiliate,Female,45-54
6151,2025-05-20,Bengaluru,Direct,Male,35-44
6152,2024-11-15,Kochi,Organic Search,Male,25-34
6153,2025-09-14,Jaipur,Paid Search,Female,45-54
6154,2025-08-22,Ahmedabad,Paid Search,Female,18-24
6155,2025-05-29,Delhi,Direct,Male,25-34
6156,2025-07-03,Kochi,Affiliate,Male,35-44
6157,2024-11-01,Indore,Email,Female,45-54
6158,2024-11-09,Hyderabad,Referral,Female,25-34
6159,2024-11-07,Lucknow,Organic Search,Female,25-34
6160,2024-11-03,Kochi,Email,Male,35-44
6161,2024-11-03,Kochi,Organic Search,Female,18-24
6162,2025-11-18,Chennai,Paid Search,Female,35-44
6163,2025-02-01,Pune,Direct,Male,45-54
6164,2025-02-06,Bhopal,Organic Search,Male,25-34
6165,2025-10-29,Indore,Affiliate,Female,18-24
6166,2025-06-02,Kolkata,Email,Male,35-44
6167,2025-11-23,Ahmedabad,Paid Search,Male,25-34
6168,2024-11-13,Bengaluru,Paid Search,Male,18-24
6169,2025-04-09,Gorakhpur,Email,Male,25-34
6170,2025-10-10,Lucknow,Direct,Male,25-34
6171,2024-11-05,Lucknow,Paid Social,Male,45-54
6172,2025-04-28,Bengaluru,Email,Female,25-34
6173,2024-12-09,Kochi,Affiliate,Male,45-54
6174,2025-04-15,Indore,Direct,Male,18-24
6175,2025-09-22,Indore,Email,Female,18-24
6176,2025-04-23,Jaipur,Paid Social,Female,35-44
6177,2025-01-22,Mumbai,Paid Social,Female,18-24
6178,2025-09-20,Bengaluru,Affiliate,Female,45-54
6179,2025-08-17,Indore,Affiliate,Male,18-24
6180,2024-12-18,Chandigarh,Direct,Female,18-24
6181,2025-10-11,Indore,Direct,Male,18-24
6182,2024-12-19,Jaipur,Affiliate,Male,35-44
6183,2025-02-17,Pune,Paid Social,Male,35-44
6184,2024-11-02,Lucknow,Paid Social,Male,35-44
6185,2025-09-11,Bengaluru,Email,Female,25-34
6186,2025-06-24,Chennai,Paid Search,Female,25-34
6187,2025-06-20,Bhopal,Direct,Male,18-24
6188,2025-03-15,Pune,Organic Search,Female,25-34
6189,2025-06-10,Pune,Direct,Male,45-54
6190,2025-11-14,Ahmedabad,Referral,Male,25-34
6191,2025-01-07,Chandigarh,Organic Search,Male,35-44
6192,2025-03-01,Lucknow,Affiliate,Female,35-44
6193,2024-12-02,Kochi,Organic Search,Male,45-54
6194,2024-11-19,Kolkata,Referral,Female,35-44
6195,2025-06-14,Jaipur,Paid Social,Female,18-24
6196,2024-11-18,Gorakhpur,Affiliate,Female,45-54
6197,2025-12-02,Chandigarh,Organic Search,Female,25-34
6198,2025-08-07,Kolkata,Paid Search,Female,25-34
6199,2025-01-04,Pune,Paid Search,Male,45-54
6200,2025-10-10,Gorakhpur,Paid Search,Other,45-54
6201,2025-03-13,Kolkata,Organic Search,Female,25-34
6202,2025-09-18,Kochi,Direct,Male,18-24
6203,2024-11-23,Kochi,Email,Male,25-34
6204,2024-12-05,Delhi,Direct,Female,35-44
6205,2024-11-28,Delhi,Organic Search,Female,45-54
6206,2025-09-13,Chennai,Organic Search,Male,35-44
6207,2025-05-07,Ahmedabad,Email,Female,35-44
6208,2025-12-01,Chandigarh,Organic Search,Female,35-44
6209,2025-10-31,Chennai,Email,Female,18-24
6210,2024-11-30,Pune,Organic Search,Female,45-54
6211,2024-11-01,Kochi,Direct,Male,35-44
6212,2025-06-09,Delhi,Paid Social,Male,18-24
6213,2024-11-01,Delhi,Organic Search,Male,35-44
6214,2025-11-05,Hyderabad,Email,Male,35-44
6215,2025-10-31,Mumbai,Direct,Female,18-24
6216,2025-08-29,Chandigarh,Paid Search,Female,25-34
6217,2024-12-21,Kochi,Email,Female,45-54
6218,2025-10-10,Chandigarh,Paid Search,Male,35-44
6219,2024-11-03,Bhopal,Organic Search,Female,25-34
6220,2024-12-10,Lucknow,Organic Search,Male,18-24
6221,2025-03-22,Bengaluru,Direct,Male,45-54
6222,2024-11-21,Kolkata,Paid Social,Female,45-54
6223,2025-03-29,Chandigarh,Direct,Female,25-34
6224,2025-06-17,Ahmedabad,Paid Social,Female,35-44
6225,2025-08-11,Kochi,Email,Female,25-34
6226,2025-08-06,Jaipur,Paid Social,Male,25-34
6227,2024-12-02,Ahmedabad,Affiliate,Male,25-34
6228,2025-01-06,Delhi,Paid Social,Female,35-44
6229,2024-12-04,Bhopal,Organic Search,Female,25-34
6230,2025-04-14,Hyderabad,Paid Social,Female,35-44
6231,2024-12-11,Delhi,Direct,Female,45-54
6232,2024-11-23,Ahmedabad,Referral,Female,45-54
6233,2025-01-30,Bengaluru,Paid Social,Female,45-54
6234,2025-01-01,Kochi,Direct,Female,18-24
6235,2025-07-11,Gorakhpur,Organic Search,Female,25-34
6236,2024-11-07,Hyderabad,Affiliate,Male,45-54
6237,2025-04-15,Mumbai,Direct,Female,25-34
6238,2025-02-05,Gorakhpur,Organic Search,Female,35-44
6239,2025-07-05,Pune,Referral,Male,35-44
6240,2024-12-08,Mumbai,Direct,Female,45-54
6241,2024-11-08,Chennai,Email,Female,45-54
6242,2025-11-15,Ahmedabad,Paid Social,Female,25-34
6243,2024-12-06,Lucknow,Paid Search,Male,18-24
6244,2025-08-31,Chennai,Direct,Female,25-34
6245,2025-10-17,Bhopal,Affiliate,Female,45-54
6246,2025-09-19,Mumbai,Paid Search,Female,18-24
6247,2025-07-25,Pune,Affiliate,Female,35-44
6248,2025-05-07,Indore,Paid Search,Male,35-44
6249,2025-09-02,Gorakhpur,Direct,Female,18-24
6250,2025-09-17,Kolkata,Paid Search,Female,25-34
6251,2024-11-14,Delhi,Paid Search,Female,35-44
6252,2024-12-07,Bhopal,Paid Search,Female,25-34
6253,2025-03-17,Kochi,Paid Social,Female,25-34
6254,2024-12-07,Delhi,Organic Search,Female,35-44
6255,2024-12-21,Bhopal,Organic Search,Female,35-44
6256,2025-02-27,Pune,Direct,Male,25-34
6257,2025-08-23,Pune,Paid Search,Female,45-54
6258,2024-12-18,Hyderabad,Paid Search,Female,45-54
6259,2025-09-30,Chennai,Referral,Female,18-24
6260,2025-06-14,Indore,Paid Search,Female,25-34
6261,2024-11-15,Chandigarh,Referral,Male,25-34
6262,2024-11-15,Hyderabad,Affiliate,Male,45-54
6263,2025-10-04,Ahmedabad,Paid Search,Male,35-44
6264,2025-08-03,Pune,Organic Search,Male,25-34
6265,2025-05-07,Bengaluru,Organic Search,Male,35-44
6266,2025-05-30,Kolkata,Referral,Male,18-24
6267,2025-10-26,Kolkata,Paid Social,Female,35-44
6268,2025-04-10,Mumbai,Referral,Female,35-44
6269,2025-06-04,Chennai,Paid Social,Female,35-44
6270,2025-04-26,Mumbai,Referral,Female,35-44
6271,2025-12-18,Chennai,Affiliate,Female,35-44
6272,2024-11-28,Kolkata,Organic Search,Male,45-54
6273,2025-04-16,Chandigarh,Organic Search,Male,35-44
6274,2025-04-17,Hyderabad,Direct,Male,35-44
6275,2025-05-20,Mumbai,Paid Search,Male,35-44
6276,2025-04-27,Indore,Email,Other,35-44
6277,2025-04-24,Mumbai,Paid Social,Male,45-54
6278,2025-04-24,Mumbai,Organic Search,Female,45-54
6279,2024-12-01,Chennai,Direct,Male,25-34
6280,2025-03-16,Jaipur,Paid Search,Female,45-54
6281,2025-01-25,Chandigarh,Organic Search,Male,18-24
6282,2024-12-05,Mumbai,Affiliate,Female,18-24
6283,2025-04-30,Kochi,Paid Social,Other,18-24
6284,2025-12-04,Chandigarh,Direct,Female,45-54
6285,2025-08-17,Hyderabad,Email,Female,18-24
6286,2025-06-18,Kolkata,Paid Search,Female,18-24
6287,2024-11-02,Hyderabad,Organic Search,Male,35-44
6288,2025-01-04,Pune,Referral,Female,25-34
6289,2025-02-12,Lucknow,Paid Social,Female,18-24
6290,2024-12-20,Bengaluru,Paid Search,Female,45-54
6291,2024-11-11,Chandigarh,Referral,Male,35-44
6292,2025-09-09,Bengaluru,Direct,Female,18-24
6293,2025-01-16,Hyderabad,Email,Female,18-24
6294,2025-01-30,Lucknow,Direct,Female,25-34
6295,2025-02-02,Bengaluru,Organic Search,Male,45-54
6296,2024-11-14,Chandigarh,Affiliate,Female,25-34
6297,2025-02-20,Delhi,Paid Social,Female,45-54
6298,2025-04-21,Delhi,Paid Search,Male,35-44
6299,2025-05-18,Gorakhpur,Paid Search,Male,35-44
6300,2025-01-23,Lucknow,Direct,Female,45-54
6301,2025-03-06,Gorakhpur,Organic Search,Female,18-24
6302,2025-09-14,Ahmedabad,Paid Search,Female,25-34
6303,2025-07-15,Bengaluru,Email,Male,45-54
6304,2025-03-24,Jaipur,Paid Social,Male,45-54
6305,2025-07-29,Chandigarh,Organic Search,Female,45-54
6306,2024-12-03,Kolkata,Paid Social,Other,45-54
6307,2025-10-02,Kochi,Affiliate,Male,25-34
6308,2025-11-26,Kochi,Email,Female,35-44
6309,2025-10-15,Kolkata,Organic Search,Female,45-54
6310,2025-02-05,Kolkata,Paid Search,Male,35-44
6311,2025-05-04,Chandigarh,Affiliate,Female,35-44
6312,2025-03-29,Kolkata,Direct,Female,35-44
6313,2025-09-05,Ahmedabad,Direct,Male,35-44
6314,2025-01-20,Indore,Direct,Female,45-54
6315,2025-10-30,Gorakhpur,Email,Female,25-34
6316,2024-12-18,Hyderabad,Affiliate,Female,25-34
6317,2025-05-07,Indore,Organic Search,Female,45-54
6318,2025-01-06,Lucknow,Paid Social,Female,18-24
6319,2024-12-13,Chennai,Affiliate,Female,18-24
6320,2025-08-09,Bengaluru,Paid Search,Female,25-34
6321,2024-12-03,Bhopal,Paid Search,Female,25-34
6322,2024-11-29,Hyderabad,Direct,Female,45-54
6323,2025-01-02,Bengaluru,Direct,Male,35-44
6324,2025-09-01,Hyderabad,Organic Search,Female,18-24
6325,2025-12-09,Mumbai,Email,Female,45-54
6326,2024-12-08,Indore,Affiliate,Female,18-24
6327,2025-01-06,Indore,Organic Search,Male,45-54
6328,2025-01-23,Jaipur,Paid Social,Female,45-54
6329,2024-12-04,Bhopal,Email,Female,35-44
6330,2025-06-01,Chandigarh,Paid Social,Male,45-54
6331,2025-10-03,Hyderabad,Direct,Female,25-34
6332,2025-10-28,Chandigarh,Organic Search,Male,45-54
6333,2024-12-21,Delhi,Paid Social,Male,35-44
6334,2025-09-05,Bhopal,Organic Search,Female,25-34
6335,2025-05-22,Ahmedabad,Paid Search,Male,18-24
6336,2025-06-19,Mumbai,Paid Search,Female,35-44
6337,2025-05-03,Lucknow,Paid Search,Male,25-34
6338,2025-03-29,Kochi,Referral,Male,45-54
6339,2024-11-09,Bhopal,Paid Social,Female,35-44
6340,2024-12-23,Jaipur,Referral,Male,35-44
6341,2024-11-02,Chennai,Affiliate,Male,25-34
6342,2025-02-11,Ahmedabad,Organic Search,Female,45-54
6343,2025-10-01,Kolkata,Paid Search,Male,18-24
6344,2025-03-12,Bhopal,Direct,Male,18-24
6345,2025-11-21,Hyderabad,Paid Search,Male,45-54
6346,2025-11-09,Lucknow,Email,Female,25-34
6347,2025-03-17,Lucknow,Paid Social,Male,35-44
6348,2025-12-04,Indore,Organic Search,Male,25-34
6349,2025-03-20,Ahmedabad,Referral,Female,18-24
6350,2025-03-16,Bengaluru,Organic Search,Male,45-54
6351,2025-09-21,Bhopal,Paid Social,Female,45-54
6352,2024-12-22,Ahmedabad,Paid Search,Female,35-44
6353,2025-02-23,Jaipur,Direct,Male,18-24
6354,2024-12-10,Chandigarh,Paid Search,Female,25-34
6355,2025-02-20,Gorakhpur,Email,Female,18-24
6356,2025-10-05,Lucknow,Email,Female,25-34
6357,2025-03-27,Hyderabad,Direct,Female,45-54
6358,2025-04-15,Hyderabad,Affiliate,Male,45-54
6359,2025-08-27,Indore,Paid Social,Male,45-54
6360,2025-03-17,Indore,Paid Search,Male,35-44
6361,2025-11-26,Bhopal,Referral,Female,35-44
6362,2025-12-28,Bengaluru,Paid Search,Female,25-34
6363,2025-12-11,Gorakhpur,Organic Search,Male,45-54
6364,2024-11-01,Chennai,Direct,Female,18-24
6365,2024-11-16,Hyderabad,Paid Social,Male,18-24
6366,2025-10-25,Lucknow,Direct,Male,45-54
6367,2025-01-30,Lucknow,Organic Search,Male,25-34
6368,2025-11-01,Kolkata,Paid Social,Female,18-24
6369,2025-12-16,Lucknow,Organic Search,Male,18-24
6370,2025-08-27,Chandigarh,Paid Social,Male,25-34
6371,2025-06-19,Delhi,Organic Search,Female,25-34
6372,2025-10-04,Chennai,Direct,Female,35-44
6373,2024-11-01,Hyderabad,Paid Social,Female,25-34
6374,2025-06-29,Indore,Affiliate,Male,25-34
6375,2025-08-30,Jaipur,Organic Search,Male,18-24
6376,2025-04-21,Bengaluru,Email,Male,35-44
6377,2025-01-01,Ahmedabad,Paid Social,Female,35-44
6378,2025-02-24,Lucknow,Affiliate,Female,25-34
6379,2025-05-01,Indore,Paid Search,Female,35-44
6380,2025-05-27,Jaipur,Paid Social,Male,35-44
6381,2025-09-29,Ahmedabad,Paid Search,Female,25-34
6382,2025-08-04,Kolkata,Email,Male,25-34
6383,2025-05-01,Mumbai,Email,Female,25-34
6384,2025-10-07,Ahmedabad,Paid Social,Male,18-24
6385,2025-01-14,Bengaluru,Paid Social,Female,18-24
6386,2025-04-25,Kochi,Direct,Male,35-44
6387,2025-09-21,Jaipur,Paid Social,Female,18-24
6388,2025-06-15,Kochi,Paid Social,Male,35-44
6389,2025-03-26,Indore,Paid Social,Female,35-44
6390,2025-07-19,Delhi,Paid Search,Male,35-44
6391,2025-02-09,Hyderabad,Paid Social,Male,18-24
6392,2025-02-24,Lucknow,Email,Male,35-44
6393,2025-08-15,Chandigarh,Direct,Male,25-34
6394,2025-01-25,Jaipur,Paid Social,Female,18-24
6395,2025-03-24,Gorakhpur,Direct,Female,45-54
6396,2025-08-11,Chandigarh,Paid Social,Male,45-54
6397,2025-11-16,Lucknow,Paid Social,Male,35-44
6398,2024-12-27,Delhi,Direct,Female,45-54
6399,2024-11-21,Lucknow,Paid Social,Male,25-34
6400,2025-03-13,Bengaluru,Paid Search,Female,18-24
6401,2025-07-05,Bhopal,Email,Female,35-44
6402,2025-04-12,Indore,Paid Social,Male,45-54
6403,2025-10-23,Kochi,Email,Male,45-54
6404,2025-02-17,Lucknow,Organic Search,Female,45-54
6405,2025-06-07,Delhi,Paid Search,Female,25-34
6406,2025-01-16,Delhi,Organic Search,Male,45-54
6407,2025-02-26,Chandigarh,Direct,Female,35-44
6408,2024-11-16,Chandigarh,Organic Search,Other,45-54
6409,2024-11-20,Chennai,Paid Search,Female,18-24
6410,2025-11-22,Mumbai,Affiliate,Male,25-34
6411,2024-12-25,Bhopal,Paid Search,Male,18-24
6412,2024-11-05,Chennai,Paid Social,Female,25-34
6413,2025-08-19,Lucknow,Paid Social,Male,35-44
6414,2025-11-10,Mumbai,Affiliate,Female,25-34
6415,2024-12-04,Bhopal,Affiliate,Male,45-54
6416,2025-02-12,Kochi,Organic Search,Male,35-44
6417,2025-08-01,Chandigarh,Paid Social,Male,18-24
6418,2024-11-02,Indore,Paid Social,Female,25-34
6419,2024-11-08,Bhopal,Organic Search,Female,45-54
6420,2025-04-17,Mumbai,Affiliate,Male,45-54
6421,2025-04-29,Jaipur,Paid Social,Female,18-24
6422,2025-08-12,Hyderabad,Direct,Male,45-54
6423,2024-11-03,Bhopal,Paid Search,Female,35-44
6424,2025-05-31,Mumbai,Organic Search,Female,35-44
6425,2025-08-19,Lucknow,Paid Search,Female,18-24
6426,2025-01-26,Bengaluru,Organic Search,Female,35-44
6427,2024-11-04,Hyderabad,Direct,Male,25-34
6428,2025-07-03,Kolkata,Referral,Female,18-24
6429,2024-11-29,Gorakhpur,Organic Search,Male,45-54
6430,2025-03-29,Mumbai,Referral,Male,25-34
6431,2025-04-03,Ahmedabad,Paid Social,Female,45-54
6432,2025-08-09,Hyderabad,Paid Search,Male,35-44
6433,2025-10-13,Indore,Affiliate,Female,25-34
6434,2025-01-01,Delhi,Direct,Female,45-54
6435,2025-02-21,Delhi,Paid Search,Male,45-54
6436,2025-01-04,Pune,Affiliate,Female,25-34
6437,2025-08-05,Chandigarh,Affiliate,Female,45-54
6438,2025-02-09,Chandigarh,Paid Search,Male,18-24
6439,2025-06-19,Ahmedabad,Paid Search,Male,35-44
6440,2024-12-24,Pune,Paid Search,Female,45-54
6441,2025-06-09,Pune,Paid Social,Female,25-34
6442,2025-12-19,Indore,Paid Search,Female,18-24
6443,2025-08-31,Kolkata,Paid Social,Female,25-34
6444,2024-12-02,Delhi,Paid Social,Male,18-24
6445,2025-09-22,Chandigarh,Referral,Female,45-54
6446,2025-02-03,Chandigarh,Direct,Female,18-24
6447,2025-06-08,Kochi,Paid Search,Female,25-34
6448,2024-12-15,Gorakhpur,Affiliate,Male,25-34
6449,2024-12-22,Delhi,Paid Search,Female,18-24
6450,2024-12-10,Ahmedabad,Organic Search,Male,35-44
6451,2024-11-04,Indore,Paid Social,Female,45-54
6452,2025-03-17,Bhopal,Paid Social,Other,35-44
6453,2025-03-19,Bhopal,Paid Social,Female,35-44
6454,2025-01-11,Chandigarh,Paid Social,Male,35-44
6455,2025-06-16,Kolkata,Paid Search,Male,35-44
6456,2025-09-09,Kolkata,Paid Search,Male,18-24
6457,2024-11-04,Mumbai,Paid Social,Male,25-34
6458,2025-11-05,Ahmedabad,Direct,Male,35-44
6459,2025-05-27,Pune,Referral,Female,45-54
6460,2025-11-05,Bengaluru,Organic Search,Female,18-24
6461,2024-12-18,Hyderabad,Paid Search,Male,35-44
6462,2024-11-27,Delhi,Organic Search,Female,45-54
6463,2025-02-24,Mumbai,Paid Search,Male,25-34
6464,2024-11-04,Gorakhpur,Paid Social,Male,35-44
6465,2025-06-13,Chandigarh,Direct,Female,35-44
6466,2025-05-21,Chennai,Paid Social,Male,35-44
6467,2024-11-04,Pune,Organic Search,Other,25-34
6468,2025-09-14,Jaipur,Direct,Male,45-54
6469,2025-10-25,Hyderabad,Paid Social,Female,45-54
6470,2025-06-13,Bengaluru,Direct,Male,25-34
6471,2024-12-05,Bengaluru,Paid Search,Female,18-24
6472,2025-07-19,Bengaluru,Paid Search,Female,25-34
6473,2025-05-09,Chennai,Paid Search,Female,35-44
6474,2025-04-27,Chennai,Affiliate,Male,18-24
6475,2025-01-13,Bengaluru,Organic Search,Male,35-44
6476,2025-05-15,Mumbai,Paid Search,Male,25-34
6477,2025-01-07,Kochi,Referral,Female,35-44
6478,2025-11-22,Ahmedabad,Organic Search,Female,35-44
6479,2024-11-15,Mumbai,Organic Search,Female,25-34
6480,2025-10-24,Mumbai,Referral,Female,45-54
6481,2024-12-28,Hyderabad,Affiliate,Male,18-24
6482,2024-12-27,Kochi,Paid Search,Female,35-44
6483,2024-12-16,Ahmedabad,Direct,Female,18-24
6484,2024-11-28,Chennai,Paid Search,Female,18-24
6485,2024-11-27,Mumbai,Organic Search,Male,35-44
6486,2025-01-15,Chandigarh,Organic Search,Female,45-54
6487,2025-01-10,Kolkata,Paid Social,Female,25-34
6488,2025-10-22,Kolkata,Direct,Male,45-54
6489,2025-07-25,Indore,Organic Search,Female,18-24
6490,2024-11-01,Bhopal,Referral,Male,45-54
6491,2025-04-13,Lucknow,Organic Search,Female,45-54
6492,2025-12-02,Delhi,Affiliate,Female,18-24
6493,2025-09-24,Indore,Paid Search,Male,25-34
6494,2025-12-12,Chandigarh,Paid Social,Female,25-34
6495,2025-08-02,Bengaluru,Email,Male,35-44
6496,2024-12-24,Lucknow,Paid Social,Male,18-24
6497,2025-10-07,Ahmedabad,Paid Social,Male,45-54
6498,2025-04-28,Kochi,Organic Search,Female,25-34
6499,2024-11-02,Kolkata,Paid Social,Male,45-54
6500,2025-07-27,Gorakhpur,Affiliate,Male,35-44
6501,2025-07-21,Delhi,Paid Search,Male,35-44
6502,2024-11-06,Bhopal,Affiliate,Female,35-44
6503,2025-04-10,Chennai,Organic Search,Female,25-34
6504,2024-11-30,Chennai,Paid Social,Male,25-34
6505,2025-12-17,Hyderabad,Organic Search,Female,45-54
6506,2025-07-03,Pune,Paid Social,Female,18-24
6507,2024-11-01,Bhopal,Affiliate,Female,45-54
6508,2025-08-08,Ahmedabad,Paid Social,Male,18-24
6509,2025-05-27,Chandigarh,Organic Search,Female,35-44
6510,2025-02-23,Delhi,Organic Search,Female,25-34
6511,2025-04-14,Chandigarh,Direct,Female,25-34
6512,2025-11-08,Lucknow,Direct,Male,18-24
6513,2025-02-27,Jaipur,Affiliate,Female,18-24
6514,2025-03-01,Chennai,Direct,Female,18-24
6515,2025-03-18,Indore,Direct,Male,25-34
6516,2024-11-02,Bengaluru,Direct,Male,35-44
6517,2025-10-21,Chandigarh,Paid Search,Female,25-34
6518,2024-12-16,Ahmedabad,Direct,Male,45-54
6519,2024-12-28,Jaipur,Paid Search,Male,35-44
6520,2025-07-11,Chennai,Organic Search,Male,35-44
6521,2025-11-13,Kochi,Email,Female,35-44
6522,2025-04-23,Chennai,Referral,Female,45-54
6523,2025-09-26,Kochi,Referral,Female,35-44
6524,2025-02-03,Ahmedabad,Email,Female,35-44
6525,2025-02-17,Indore,Direct,Female,18-24
6526,2025-04-28,Kolkata,Affiliate,Female,25-34
6527,2025-12-16,Gorakhpur,Affiliate,Female,18-24
6528,2024-11-15,Kochi,Paid Search,Male,18-24
6529,2024-11-02,Chandigarh,Direct,Female,18-24
6530,2025-05-01,Pune,Organic Search,Male,18-24
6531,2025-09-03,Ahmedabad,Organic Search,Female,25-34
6532,2025-12-27,Kolkata,Paid Search,Male,18-24
6533,2025-01-17,Gorakhpur,Affiliate,Male,45-54
6534,2025-03-05,Ahmedabad,Paid Search,Male,18-24
6535,2024-12-25,Delhi,Paid Search,Male,25-34
6536,2025-10-13,Lucknow,Organic Search,Female,45-54
6537,2025-01-03,Ahmedabad,Organic Search,Female,35-44
6538,2025-12-05,Indore,Paid Social,Male,18-24
6539,2025-12-24,Delhi,Affiliate,Female,18-24
6540,2025-12-11,Hyderabad,Paid Social,Male,45-54
6541,2025-08-23,Chandigarh,Direct,Male,25-34
6542,2025-01-19,Chennai,Organic Search,Female,45-54
6543,2025-07-25,Indore,Email,Female,45-54
6544,2024-11-30,Jaipur,Paid Search,Female,18-24
6545,2025-03-16,Jaipur,Paid Search,Female,35-44
6546,2025-03-20,Chennai,Direct,Male,35-44
6547,2025-06-04,Jaipur,Paid Social,Female,45-54
6548,2025-05-09,Chandigarh,Paid Search,Female,35-44
6549,2024-11-20,Mumbai,Organic Search,Male,18-24
6550,2025-06-27,Kolkata,Email,Male,18-24
6551,2024-11-21,Mumbai,Affiliate,Male,45-54
6552,2025-12-05,Hyderabad,Paid Search,Female,18-24
6553,2024-12-06,Chandigarh,Organic Search,Male,25-34
6554,2024-11-03,Jaipur,Direct,Female,45-54
6555,2025-01-28,Kochi,Paid Social,Female,45-54
6556,2025-06-23,Lucknow,Organic Search,Male,45-54
6557,2024-12-18,Mumbai,Paid Search,Female,25-34
6558,2025-02-08,Lucknow,Email,Female,35-44
6559,2024-11-15,Delhi,Paid Social,Male,25-34
6560,2025-04-27,Gorakhpur,Organic Search,Female,45-54
6561,2025-01-14,Chandigarh,Referral,Female,35-44
6562,2025-06-21,Ahmedabad,Affiliate,Female,18-24
6563,2025-01-07,Indore,Referral,Male,45-54
6564,2025-08-14,Ahmedabad,Paid Search,Female,18-24
6565,2025-11-04,Hyderabad,Direct,Female,35-44
6566,2024-12-05,Bhopal,Paid Social,Male,18-24
6567,2025-06-23,Bengaluru,Paid Search,Male,25-34
6568,2025-10-26,Bengaluru,Paid Search,Male,18-24
6569,2025-07-17,Lucknow,Organic Search,Male,35-44
6570,2025-02-27,Kolkata,Paid Social,Female,35-44
6571,2024-12-02,Kolkata,Paid Search,Female,45-54
6572,2025-12-15,Jaipur,Affiliate,Female,18-24
6573,2025-02-06,Hyderabad,Affiliate,Male,35-44
6574,2024-12-22,Chandigarh,Organic Search,Male,18-24
6575,2025-01-01,Chandigarh,Email,Male,45-54
6576,2024-12-20,Pune,Organic Search,Male,25-34
6577,2024-11-14,Mumbai,Referral,Male,18-24
6578,2025-03-23,Lucknow,Email,Female,18-24
6579,2024-12-07,Kochi,Organic Search,Male,25-34
6580,2025-01-26,Chennai,Referral,Female,35-44
6581,2025-08-23,Mumbai,Email,Female,35-44
6582,2025-07-08,Hyderabad,Organic Search,Female,35-44
6583,2025-02-05,Kochi,Direct,Male,45-54
6584,2024-12-28,Gorakhpur,Referral,Female,25-34
6585,2025-01-02,Bhopal,Referral,Female,45-54
6586,2025-12-23,Delhi,Organic Search,Male,25-34
6587,2025-01-16,Kolkata,Paid Social,Male,25-34
6588,2024-11-20,Pune,Paid Social,Female,18-24
6589,2025-07-27,Pune,Paid Social,Female,45-54
6590,2025-01-31,Chandigarh,Organic Search,Male,35-44
6591,2025-09-14,Gorakhpur,Paid Social,Female,18-24
6592,2025-02-13,Hyderabad,Affiliate,Male,18-24
6593,2024-11-04,Chandigarh,Paid Search,Female,45-54
6594,2024-11-30,Pune,Organic Search,Male,18-24
6595,2025-07-21,Delhi,Organic Search,Female,18-24
6596,2025-03-15,Kolkata,Paid Social,Female,35-44
6597,2025-02-21,Mumbai,Direct,Female,35-44
6598,2024-12-23,Gorakhpur,Organic Search,Female,45-54
6599,2025-01-22,Delhi,Affiliate,Female,18-24
6600,2025-01-11,Chandigarh,Paid Search,Male,18-24
6601,2025-02-22,Gorakhpur,Direct,Female,45-54
6602,2025-04-12,Indore,Paid Search,Female,35-44
6603,2025-05-04,Kochi,Organic Search,Male,18-24
6604,2025-05-29,Pune,Organic Search,Female,35-44
6605,2025-03-22,Pune,Paid Social,Female,18-24
6606,2024-12-07,Chennai,Paid Search,Male,45-54
6607,2025-10-26,Lucknow,Paid Search,Female,25-34
6608,2025-02-11,Bhopal,Organic Search,Female,25-34
6609,2025-09-06,Ahmedabad,Organic Search,Female,18-24
6610,2024-11-21,Jaipur,Direct,Male,35-44
6611,2025-02-21,Jaipur,Referral,Male,45-54
6612,2025-02-08,Jaipur,Direct,Female,25-34
6613,2025-03-05,Lucknow,Referral,Female,45-54
6614,2025-03-02,Lucknow,Direct,Male,45-54
6615,2025-01-05,Gorakhpur,Paid Social,Male,35-44
6616,2024-12-01,Mumbai,Organic Search,Male,18-24
6617,2025-10-21,Bengaluru,Organic Search,Female,25-34
6618,2024-12-08,Kochi,Paid Social,Male,25-34
6619,2025-10-17,Delhi,Paid Social,Male,18-24
6620,2025-07-14,Indore,Organic Search,Male,35-44
6621,2025-02-04,Ahmedabad,Referral,Male,25-34
6622,2025-12-30,Delhi,Organic Search,Female,35-44
6623,2024-11-23,Ahmedabad,Paid Search,Male,45-54
6624,2025-03-09,Chandigarh,Organic Search,Female,25-34
6625,2025-06-03,Gorakhpur,Direct,Male,45-54
6626,2025-05-27,Kolkata,Email,Male,45-54
6627,2025-01-02,Indore,Referral,Male,45-54
6628,2025-03-15,Bengaluru,Organic Search,Female,35-44
6629,2024-11-27,Indore,Paid Social,Female,25-34
6630,2025-09-13,Bhopal,Direct,Male,18-24
6631,2024-11-01,Chandigarh,Direct,Male,45-54
6632,2025-12-08,Chandigarh,Organic Search,Female,25-34
6633,2025-01-17,Chennai,Organic Search,Female,18-24
6634,2025-02-21,Jaipur,Affiliate,Male,25-34
6635,2025-05-04,Kochi,Paid Search,Female,25-34
6636,2025-04-28,Delhi,Paid Social,Female,18-24
6637,2025-08-28,Bhopal,Organic Search,Female,25-34
6638,2025-10-31,Gorakhpur,Direct,Male,45-54
6639,2025-04-12,Bengaluru,Paid Search,Female,18-24
6640,2024-12-24,Hyderabad,Direct,Female,45-54
6641,2025-08-09,Jaipur,Paid Social,Male,35-44
6642,2025-04-27,Mumbai,Organic Search,Male,25-34
6643,2025-06-15,Chennai,Direct,Female,45-54
6644,2025-07-10,Kochi,Paid Social,Female,18-24
6645,2025-03-19,Indore,Paid Social,Male,35-44
6646,2025-04-21,Lucknow,Direct,Male,45-54
6647,2024-12-02,Kolkata,Paid Social,Female,45-54
6648,2024-11-16,Jaipur,Organic Search,Male,35-44
6649,2025-11-02,Lucknow,Paid Social,Male,35-44
6650,2025-04-14,Pune,Direct,Male,25-34
6651,2025-10-26,Chennai,Paid Search,Female,25-34
6652,2025-07-03,Lucknow,Direct,Female,35-44
6653,2024-11-11,Gorakhpur,Paid Social,Male,18-24
6654,2025-11-08,Bhopal,Direct,Female,45-54
6655,2025-03-20,Gorakhpur,Paid Social,Female,45-54
6656,2024-12-11,Indore,Affiliate,Male,35-44
6657,2025-07-18,Ahmedabad,Paid Social,Female,25-34
6658,2024-11-19,Kolkata,Paid Social,Male,45-54
6659,2025-09-20,Ahmedabad,Affiliate,Male,18-24
6660,2025-12-26,Kochi,Organic Search,Male,25-34
6661,2025-05-24,Delhi,Paid Search,Female,45-54
6662,2024-11-06,Jaipur,Affiliate,Male,25-34
6663,2025-01-20,Gorakhpur,Email,Female,35-44
6664,2025-10-11,Mumbai,Referral,Female,25-34
6665,2025-02-23,Lucknow,Paid Social,Female,45-54
6666,2025-10-20,Mumbai,Organic Search,Female,25-34
6667,2024-12-13,Bhopal,Referral,Female,45-54
6668,2024-11-24,Kochi,Paid Social,Female,35-44
6669,2025-08-14,Pune,Paid Search,Male,18-24
6670,2024-11-02,Jaipur,Affiliate,Female,18-24
6671,2024-12-15,Jaipur,Paid Social,Male,18-24
6672,2025-06-16,Delhi,Email,Female,25-34
6673,2025-01-03,Bengaluru,Direct,Male,45-54
6674,2024-11-04,Kolkata,Paid Search,Female,45-54
6675,2025-04-05,Gorakhpur,Direct,Female,18-24
6676,2024-12-26,Ahmedabad,Direct,Male,18-24
6677,2024-12-05,Bengaluru,Organic Search,Female,35-44
6678,2025-06-09,Indore,Paid Social,Female,35-44
6679,2024-11-17,Chennai,Organic Search,Female,18-24
6680,2025-08-28,Kolkata,Paid Social,Female,18-24
6681,2025-05-22,Mumbai,Organic Search,Female,35-44
6682,2025-01-13,Lucknow,Direct,Female,18-24
6683,2025-07-10,Delhi,Affiliate,Male,25-34
6684,2025-06-17,Chennai,Paid Search,Female,45-54
6685,2024-11-17,Kolkata,Organic Search,Male,18-24
6686,2025-07-05,Lucknow,Affiliate,Male,45-54
6687,2025-07-07,Kochi,Email,Female,45-54
6688,2025-03-10,Chennai,Paid Search,Male,25-34
6689,2025-03-21,Mumbai,Paid Search,Female,25-34
6690,2025-05-10,Lucknow,Organic Search,Female,45-54
6691,2025-05-29,Bengaluru,Affiliate,Female,45-54
6692,2024-12-10,Mumbai,Paid Social,Male,35-44
6693,2025-01-16,Bhopal,Paid Search,Female,18-24
6694,2025-05-30,Kochi,Affiliate,Male,35-44
6695,2024-11-14,Gorakhpur,Paid Search,Female,45-54
6696,2025-08-12,Bengaluru,Direct,Female,18-24
6697,2025-01-18,Chennai,Paid Search,Female,25-34
6698,2025-10-30,Jaipur,Organic Search,Male,25-34
6699,2025-06-08,Bengaluru,Direct,Female,35-44
6700,2025-09-10,Chandigarh,Direct,Female,25-34
6701,2025-02-26,Chennai,Direct,Female,45-54
6702,2024-12-10,Kolkata,Paid Social,Male,18-24
6703,2024-11-19,Ahmedabad,Organic Search,Male,18-24
6704,2025-08-06,Jaipur,Organic Search,Male,25-34
6705,2024-11-05,Chennai,Email,Male,35-44
6706,2025-07-09,Gorakhpur,Affiliate,Female,35-44
6707,2025-11-18,Ahmedabad,Affiliate,Male,45-54
6708,2025-03-01,Jaipur,Direct,Male,25-34
6709,2025-05-30,Delhi,Email,Male,18-24
6710,2025-08-03,Bengaluru,Organic Search,Female,25-34
6711,2025-06-17,Pune,Organic Search,Female,35-44
6712,2025-03-18,Mumbai,Referral,Male,35-44
6713,2025-02-08,Chennai,Direct,Male,18-24
6714,2025-10-21,Bhopal,Paid Social,Female,35-44
6715,2025-04-14,Mumbai,Paid Social,Female,35-44
6716,2025-11-28,Kolkata,Organic Search,Female,35-44
6717,2025-01-02,Ahmedabad,Referral,Female,35-44
6718,2025-04-19,Mumbai,Paid Social,Female,18-24
6719,2025-12-17,Ahmedabad,Paid Search,Male,25-34
6720,2024-12-14,Chandigarh,Paid Social,Female,35-44
6721,2025-06-07,Chandigarh,Paid Social,Female,25-34
6722,2024-11-18,Gorakhpur,Affiliate,Female,45-54
6723,2025-06-06,Chandigarh,Paid Social,Male,18-24
6724,2025-07-29,Bengaluru,Direct,Female,25-34
6725,2025-03-27,Ahmedabad,Organic Search,Female,25-34
6726,2024-12-20,Delhi,Affiliate,Female,18-24
6727,2024-12-27,Mumbai,Paid Search,Male,25-34
6728,2024-11-05,Chandigarh,Paid Search,Male,25-34
6729,2024-11-18,Pune,Organic Search,Male,45-54
6730,2025-09-03,Chandigarh,Organic Search,Female,45-54
6731,2025-01-25,Kochi,Organic Search,Female,18-24
6732,2024-12-15,Chandigarh,Paid Social,Female,25-34
6733,2025-07-15,Bhopal,Organic Search,Female,45-54
6734,2024-12-31,Chandigarh,Referral,Male,35-44
6735,2024-12-05,Mumbai,Organic Search,Male,25-34
6736,2024-12-04,Chennai,Organic Search,Female,18-24
6737,2024-11-14,Bhopal,Affiliate,Female,25-34
6738,2024-11-02,Mumbai,Organic Search,Female,45-54
6739,2025-06-02,Chandigarh,Organic Search,Female,25-34
6740,2024-11-27,Pune,Referral,Female,45-54
6741,2025-08-16,Hyderabad,Paid Search,Male,35-44
6742,2025-09-04,Gorakhpur,Paid Search,Female,45-54
6743,2024-11-15,Mumbai,Affiliate,Male,35-44
6744,2025-06-11,Indore,Direct,Male,35-44
6745,2025-07-18,Indore,Paid Social,Female,35-44
6746,2025-09-25,Hyderabad,Paid Social,Female,35-44
6747,2025-04-06,Jaipur,Organic Search,Female,35-44
6748,2024-11-05,Kochi,Organic Search,Male,35-44
6749,2025-12-09,Hyderabad,Organic Search,Female,35-44
6750,2025-04-15,Kochi,Paid Search,Female,18-24
6751,2025-06-25,Indore,Referral,Male,35-44
6752,2025-10-10,Jaipur,Organic Search,Female,18-24
6753,2025-11-11,Bengaluru,Paid Search,Male,18-24
6754,2025-04-30,Gorakhpur,Email,Male,25-34
6755,2025-01-23,Kochi,Affiliate,Female,25-34
6756,2025-01-22,Indore,Paid Social,Female,45-54
6757,2025-03-13,Bhopal,Paid Social,Female,45-54
6758,2024-12-21,Bengaluru,Paid Search,Female,35-44
6759,2025-08-29,Bengaluru,Organic Search,Female,25-34
6760,2025-02-03,Delhi,Paid Search,Male,45-54
6761,2025-01-24,Hyderabad,Paid Social,Female,25-34
6762,2025-08-16,Jaipur,Affiliate,Female,35-44
6763,2025-06-04,Lucknow,Paid Social,Female,18-24
6764,2024-11-01,Bengaluru,Affiliate,Female,35-44
6765,2024-12-18,Indore,Referral,Female,45-54
6766,2024-11-03,Bengaluru,Affiliate,Male,25-34
6767,2024-11-19,Pune,Direct,Female,45-54
6768,2025-04-19,Delhi,Paid Social,Female,18-24
6769,2025-07-02,Mumbai,Paid Social,Male,18-24
6770,2024-12-08,Gorakhpur,Paid Social,Male,35-44
6771,2024-12-16,Jaipur,Direct,Male,35-44
6772,2025-11-26,Ahmedabad,Referral,Male,35-44
6773,2024-11-22,Kolkata,Email,Female,45-54
6774,2025-05-03,Kolkata,Paid Social,Male,35-44
6775,2025-11-12,Indore,Paid Social,Male,35-44
6776,2025-07-05,Ahmedabad,Paid Social,Male,18-24
6777,2024-11-26,Indore,Direct,Female,35-44
6778,2025-06-18,Chandigarh,Email,Female,18-24
6779,2025-04-03,Delhi,Organic Search,Male,35-44
6780,2025-10-27,Lucknow,Organic Search,Male,45-54
6781,2025-10-02,Ahmedabad,Email,Female,45-54
6782,2025-02-10,Indore,Affiliate,Female,35-44
6783,2025-12-16,Bhopal,Paid Social,Female,35-44
6784,2024-11-11,Kolkata,Organic Search,Female,18-24
6785,2025-12-02,Chennai,Referral,Female,25-34
6786,2025-07-03,Jaipur,Affiliate,Male,25-34
6787,2024-11-03,Pune,Affiliate,Male,35-44
6788,2025-05-01,Bhopal,Organic Search,Female,25-34
6789,2025-02-24,Kolkata,Referral,Female,35-44
6790,2024-11-28,Chennai,Direct,Male,25-34
6791,2025-11-01,Gorakhpur,Paid Social,Other,45-54
6792,2024-12-01,Indore,Affiliate,Female,25-34
6793,2025-05-11,Lucknow,Affiliate,Female,35-44
6794,2024-11-15,Kolkata,Organic Search,Female,45-54
6795,2025-07-30,Hyderabad,Organic Search,Male,35-44
6796,2025-11-29,Kolkata,Direct,Male,45-54
6797,2025-12-11,Chennai,Email,Female,45-54
6798,2024-11-06,Ahmedabad,Email,Female,18-24
6799,2025-01-21,Lucknow,Organic Search,Male,18-24
6800,2025-04-16,Gorakhpur,Paid Social,Male,35-44
6801,2024-11-04,Kochi,Direct,Female,45-54
6802,2025-09-24,Mumbai,Email,Other,45-54
6803,2025-12-23,Pune,Email,Male,35-44
6804,2025-03-28,Chandigarh,Organic Search,Female,45-54
6805,2025-06-12,Lucknow,Referral,Male,18-24
6806,2025-04-01,Indore,Paid Social,Female,18-24
6807,2025-03-08,Jaipur,Organic Search,Male,45-54
6808,2024-11-09,Chandigarh,Organic Search,Female,35-44
6809,2025-01-18,Gorakhpur,Paid Social,Male,45-54
6810,2025-08-09,Hyderabad,Organic Search,Female,35-44
6811,2025-08-31,Bhopal,Email,Male,45-54
6812,2025-11-24,Chennai,Organic Search,Female,18-24
6813,2024-12-02,Kochi,Organic Search,Male,18-24
6814,2025-08-22,Bhopal,Email,Male,18-24
6815,2025-03-05,Chandigarh,Organic Search,Male,18-24
6816,2025-11-25,Bengaluru,Referral,Female,45-54
6817,2025-03-18,Indore,Paid Social,Male,35-44
6818,2025-01-15,Bengaluru,Paid Search,Male,18-24
6819,2025-01-03,Lucknow,Organic Search,Male,45-54
6820,2024-11-27,Kolkata,Paid Social,Male,45-54
6821,2024-11-16,Kolkata,Organic Search,Male,18-24
6822,2025-04-08,Chandigarh,Organic Search,Male,18-24
6823,2025-01-04,Hyderabad,Referral,Male,35-44
6824,2025-08-05,Bengaluru,Paid Social,Male,35-44
6825,2025-10-30,Ahmedabad,Organic Search,Male,35-44
6826,2025-06-08,Lucknow,Email,Male,35-44
6827,2024-11-12,Bhopal,Affiliate,Male,45-54
6828,2025-02-27,Ahmedabad,Referral,Male,45-54
6829,2025-04-19,Kochi,Direct,Male,35-44
6830,2025-04-05,Lucknow,Paid Search,Female,18-24
6831,2024-11-05,Bhopal,Direct,Female,25-34
6832,2025-12-16,Mumbai,Paid Social,Female,25-34
6833,2025-06-03,Lucknow,Paid Search,Male,25-34
6834,2025-03-01,Delhi,Organic Search,Female,25-34
6835,2025-10-12,Indore,Organic Search,Female,25-34
6836,2025-11-12,Hyderabad,Paid Social,Other,45-54
6837,2025-04-11,Bengaluru,Paid Social,Female,45-54
6838,2025-05-22,Chennai,Organic Search,Female,45-54
6839,2025-01-27,Delhi,Affiliate,Other,25-34
6840,2025-07-31,Chandigarh,Affiliate,Male,25-34
6841,2025-06-11,Delhi,Referral,Female,25-34
6842,2025-12-06,Mumbai,Affiliate,Female,45-54
6843,2025-10-20,Mumbai,Referral,Female,25-34
6844,2024-11-01,Chennai,Paid Search,Female,35-44
6845,2025-08-18,Hyderabad,Organic Search,Female,35-44
6846,2024-11-28,Kolkata,Affiliate,Female,18-24
6847,2025-10-10,Ahmedabad,Paid Social,Male,25-34
6848,2025-02-09,Indore,Direct,Male,18-24
6849,2024-12-03,Mumbai,Email,Male,25-34
6850,2025-09-07,Gorakhpur,Paid Social,Female,35-44
6851,2025-02-20,Pune,Referral,Male,45-54
6852,2025-10-04,Kochi,Affiliate,Male,45-54
6853,2025-08-26,Bengaluru,Paid Search,Female,45-54
6854,2024-11-11,Hyderabad,Paid Social,Female,45-54
6855,2024-11-02,Pune,Organic Search,Male,18-24
6856,2025-07-15,Pune,Direct,Male,35-44
6857,2024-12-02,Mumbai,Paid Search,Male,45-54
6858,2024-12-13,Ahmedabad,Email,Female,18-24
6859,2025-10-30,Indore,Email,Female,35-44
6860,2025-09-13,Pune,Direct,Male,45-54
6861,2025-02-18,Pune,Paid Search,Male,45-54
6862,2025-01-04,Ahmedabad,Paid Social,Female,25-34
6863,2025-05-21,Indore,Paid Social,Male,45-54
6864,2024-11-26,Pune,Organic Search,Male,25-34
6865,2024-11-08,Hyderabad,Organic Search,Male,25-34
6866,2024-11-15,Bengaluru,Paid Search,Female,18-24
6867,2024-12-06,Gorakhpur,Referral,Male,35-44
6868,2025-07-09,Pune,Referral,Male,35-44
6869,2025-02-15,Ahmedabad,Email,Female,35-44
6870,2024-11-13,Gorakhpur,Referral,Male,45-54
6871,2024-11-01,Jaipur,Paid Social,Male,25-34
6872,2025-04-26,Kolkata,Email,Male,35-44
6873,2025-01-26,Ahmedabad,Direct,Male,45-54
6874,2025-07-28,Chennai,Paid Social,Male,45-54
6875,2025-02-01,Ahmedabad,Email,Male,18-24
6876,2025-04-19,Jaipur,Organic Search,Male,35-44
6877,2025-09-24,Kolkata,Organic Search,Female,35-44
6878,2025-11-12,Chennai,Organic Search,Female,45-54
6879,2025-04-03,Jaipur,Paid Search,Female,25-34
6880,2025-03-07,Pune,Paid Social,Female,18-24
6881,2025-02-19,Jaipur,Direct,Female,18-24
6882,2025-02-12,Lucknow,Direct,Male,45-54
6883,2025-08-15,Jaipur,Paid Social,Female,35-44
6884,2024-11-02,Ahmedabad,Paid Social,Female,45-54
6885,2025-10-01,Lucknow,Paid Search,Female,25-34
6886,2025-08-25,Hyderabad,Organic Search,Female,18-24
6887,2025-04-10,Lucknow,Organic Search,Male,25-34
6888,2024-12-14,Mumbai,Organic Search,Female,18-24
6889,2025-08-25,Gorakhpur,Paid Search,Female,35-44
6890,2024-12-17,Chennai,Paid Search,Female,35-44
6891,2025-01-27,Chennai,Direct,Female,45-54
6892,2024-11-12,Hyderabad,Organic Search,Female,45-54
6893,2025-11-18,Indore,Paid Social,Male,25-34
6894,2025-01-07,Lucknow,Referral,Male,25-34
6895,2025-06-02,Bhopal,Paid Search,Female,25-34
6896,2025-01-11,Kolkata,Referral,Male,45-54
6897,2025-12-13,Hyderabad,Paid Social,Male,35-44
6898,2025-07-05,Kolkata,Direct,Male,18-24
6899,2025-03-05,Delhi,Paid Search,Female,45-54
6900,2025-10-28,Lucknow,Direct,Male,18-24
6901,2025-08-10,Kolkata,Email,Female,45-54
6902,2025-11-17,Ahmedabad,Paid Social,Female,25-34
6903,2025-05-03,Bhopal,Paid Social,Male,35-44
6904,2024-11-18,Chennai,Paid Search,Male,45-54
6905,2025-12-08,Kolkata,Paid Search,Female,18-24
6906,2024-11-10,Delhi,Email,Male,45-54
6907,2025-09-02,Bengaluru,Direct,Male,35-44
6908,2025-09-28,Kochi,Direct,Female,18-24
6909,2024-11-30,Ahmedabad,Referral,Female,25-34
6910,2024-11-16,Chennai,Email,Male,18-24
6911,2025-05-24,Indore,Email,Male,25-34
6912,2025-09-10,Indore,Affiliate,Female,25-34
6913,2024-11-21,Chennai,Organic Search,Female,25-34
6914,2025-05-24,Hyderabad,Paid Social,Other,35-44
6915,2024-11-03,Hyderabad,Organic Search,Male,45-54
6916,2024-11-16,Jaipur,Paid Social,Female,35-44
6917,2024-11-01,Ahmedabad,Organic Search,Female,35-44
6918,2024-11-06,Delhi,Paid Social,Female,35-44
6919,2025-04-03,Chennai,Organic Search,Female,35-44
6920,2025-01-26,Indore,Affiliate,Male,25-34
6921,2025-11-22,Kochi,Paid Search,Male,45-54
6922,2024-11-02,Bengaluru,Paid Social,Female,25-34
6923,2024-11-09,Bengaluru,Email,Female,18-24
6924,2025-06-12,Gorakhpur,Organic Search,Female,25-34
6925,2025-11-20,Kochi,Organic Search,Female,25-34
6926,2025-03-16,Pune,Paid Social,Female,18-24
6927,2025-02-22,Ahmedabad,Paid Search,Male,35-44
6928,2025-01-08,Mumbai,Paid Search,Female,18-24
6929,2024-11-28,Kolkata,Paid Social,Female,25-34
6930,2025-04-27,Lucknow,Affiliate,Male,25-34
6931,2025-05-11,Indore,Organic Search,Female,25-34
6932,2025-12-05,Bhopal,Paid Social,Male,25-34
6933,2025-10-16,Hyderabad,Affiliate,Male,18-24
6934,2025-02-21,Kochi,Paid Search,Male,35-44
6935,2025-03-23,Chandigarh,Email,Female,25-34
6936,2024-12-07,Lucknow,Email,Female,25-34
6937,2025-05-09,Bengaluru,Direct,Female,18-24
6938,2025-06-22,Ahmedabad,Organic Search,Female,25-34
6939,2025-04-21,Chennai,Affiliate,Female,18-24
6940,2025-11-26,Mumbai,Affiliate,Male,18-24
6941,2025-02-15,Delhi,Direct,Female,45-54
6942,2025-09-28,Chennai,Direct,Male,18-24
6943,2024-11-01,Pune,Paid Social,Female,35-44
6944,2025-10-11,Pune,Paid Social,Female,25-34
6945,2025-07-26,Chandigarh,Paid Search,Female,18-24
6946,2024-12-18,Chandigarh,Organic Search,Other,18-24
6947,2025-05-23,Delhi,Paid Search,Female,45-54
6948,2025-02-06,Chennai,Paid Search,Female,18-24
6949,2025-09-22,Bhopal,Paid Search,Male,35-44
6950,2025-06-12,Lucknow,Organic Search,Male,25-34
6951,2025-04-08,Bengaluru,Paid Social,Female,18-24
6952,2025-10-25,Hyderabad,Direct,Male,25-34
6953,2025-01-16,Kolkata,Direct,Male,45-54
6954,2025-11-15,Pune,Email,Female,45-54
6955,2024-11-15,Gorakhpur,Organic Search,Female,45-54
6956,2025-06-04,Pune,Paid Social,Male,25-34
6957,2024-12-08,Kochi,Direct,Female,45-54
6958,2025-09-28,Kochi,Paid Search,Male,35-44
6959,2024-12-31,Hyderabad,Paid Social,Female,45-54
6960,2025-01-06,Chandigarh,Organic Search,Female,35-44
6961,2024-11-13,Ahmedabad,Direct,Female,45-54
6962,2025-01-22,Chennai,Affiliate,Male,45-54
6963,2025-01-11,Bengaluru,Paid Social,Male,25-34
6964,2025-07-02,Chennai,Paid Search,Female,45-54
6965,2025-07-19,Gorakhpur,Paid Search,Female,18-24
6966,2025-04-19,Bhopal,Organic Search,Female,18-24
6967,2025-07-17,Ahmedabad,Paid Social,Male,35-44
6968,2025-09-18,Gorakhpur,Organic Search,Female,45-54
6969,2025-02-05,Mumbai,Organic Search,Female,45-54
6970,2025-01-04,Lucknow,Organic Search,Male,18-24
6971,2025-04-10,Ahmedabad,Paid Social,Female,25-34
6972,2024-11-15,Hyderabad,Direct,Female,25-34
6973,2025-01-05,Hyderabad,Referral,Male,25-34
6974,2025-05-11,Mumbai,Paid Social,Male,35-44
6975,2025-04-21,Jaipur,Email,Female,45-54
6976,2025-08-28,Gorakhpur,Direct,Male,35-44
6977,2024-12-02,Jaipur,Organic Search,Female,25-34
6978,2025-06-07,Chandigarh,Direct,Female,45-54
6979,2025-06-22,Ahmedabad,Organic Search,Female,35-44
6980,2025-01-03,Kolkata,Paid Search,Female,35-44
6981,2025-06-22,Bhopal,Paid Social,Male,18-24
6982,2025-06-18,Pune,Paid Search,Female,45-54
6983,2025-03-23,Indore,Email,Female,18-24
6984,2025-04-03,Delhi,Paid Social,Female,45-54
6985,2024-11-24,Delhi,Paid Search,Female,25-34
6986,2024-12-06,Delhi,Email,Female,25-34
6987,2025-03-15,Pune,Direct,Male,45-54
6988,2025-11-09,Lucknow,Affiliate,Male,45-54
6989,2025-12-04,Pune,Direct,Female,25-34
6990,2025-08-14,Pune,Direct,Male,45-54
6991,2025-02-13,Chennai,Organic Search,Female,35-44
6992,2025-05-07,Mumbai,Direct,Male,45-54
6993,2025-10-07,Jaipur,Paid Social,Male,45-54
6994,2025-07-31,Indore,Direct,Female,45-54
6995,2025-11-22,Delhi,Direct,Female,35-44
6996,2025-05-09,Bhopal,Referral,Female,25-34
6997,2025-06-18,Gorakhpur,Affiliate,Male,35-44
6998,2024-11-08,Lucknow,Referral,Male,45-54
6999,2025-08-25,Pune,Paid Social,Female,25-34
7000,2025-06-26,Mumbai,Paid Social,Male,18-24
7001,2024-11-15,Hyderabad,Paid Search,Female,45-54
7002,2025-04-30,Gorakhpur,Affiliate,Male,25-34
7003,2025-03-18,Chandigarh,Paid Search,Female,18-24
7004,2024-11-10,Delhi,Direct,Female,18-24
7005,2024-11-07,Jaipur,Organic Search,Male,25-34
7006,2024-11-02,Hyderabad,Direct,Male,35-44
7007,2024-11-21,Hyderabad,Organic Search,Female,45-54
7008,2025-05-26,Gorakhpur,Direct,Female,18-24
7009,2025-05-04,Delhi,Organic Search,Female,25-34
7010,2024-12-15,Bhopal,Paid Search,Female,25-34
7011,2024-11-02,Lucknow,Organic Search,Female,18-24
7012,2025-10-24,Mumbai,Referral,Male,45-54
7013,2025-03-14,Bhopal,Paid Social,Male,18-24
7014,2024-11-01,Mumbai,Organic Search,Male,18-24
7015,2025-11-28,Chennai,Paid Social,Male,25-34
7016,2025-09-06,Pune,Organic Search,Male,25-34
7017,2024-12-19,Kochi,Organic Search,Female,45-54
7018,2024-11-14,Chennai,Email,Female,45-54
7019,2025-01-03,Mumbai,Direct,Female,18-24
7020,2025-10-24,Ahmedabad,Direct,Female,45-54
7021,2024-11-19,Bhopal,Referral,Female,35-44
7022,2024-11-04,Gorakhpur,Direct,Other,18-24
7023,2025-10-01,Indore,Paid Search,Female,18-24
7024,2024-11-28,Mumbai,Organic Search,Female,18-24
7025,2024-11-02,Kochi,Email,Male,25-34
7026,2024-12-21,Hyderabad,Organic Search,Female,35-44
7027,2024-11-30,Delhi,Paid Search,Female,18-24
7028,2025-10-15,Mumbai,Organic Search,Female,45-54
7029,2025-04-19,Delhi,Direct,Female,25-34
7030,2024-11-25,Gorakhpur,Paid Social,Female,18-24
7031,2025-02-07,Mumbai,Paid Search,Male,45-54
7032,2025-08-22,Kolkata,Direct,Male,18-24
7033,2024-11-28,Hyderabad,Organic Search,Female,35-44
7034,2025-07-29,Hyderabad,Paid Search,Male,25-34
7035,2024-11-26,Pune,Direct,Female,35-44
7036,2024-12-05,Pune,Email,Male,18-24
7037,2025-01-23,Lucknow,Organic Search,Female,18-24
7038,2024-11-05,Ahmedabad,Paid Social,Female,35-44
7039,2024-11-01,Chennai,Paid Social,Female,35-44
7040,2025-02-12,Bengaluru,Paid Search,Female,45-54
7041,2025-03-23,Lucknow,Paid Search,Female,18-24
7042,2025-04-17,Bengaluru,Direct,Male,45-54
7043,2024-12-24,Bengaluru,Paid Social,Female,25-34
7044,2025-01-09,Bengaluru,Direct,Female,25-34
7045,2025-02-24,Lucknow,Paid Search,Other,25-34
7046,2025-11-14,Delhi,Organic Search,Male,18-24
7047,2025-09-22,Hyderabad,Paid Search,Female,35-44
7048,2024-11-13,Mumbai,Affiliate,Male,35-44
7049,2024-11-02,Kochi,Email,Female,18-24
7050,2024-11-07,Bengaluru,Direct,Female,25-34
7051,2025-01-02,Mumbai,Paid Social,Female,45-54
7052,2025-05-27,Kochi,Affiliate,Male,18-24
7053,2025-07-09,Gorakhpur,Paid Search,Female,35-44
7054,2025-11-20,Lucknow,Email,Female,45-54
7055,2025-11-28,Mumbai,Direct,Female,35-44
7056,2025-09-12,Gorakhpur,Paid Search,Male,35-44
7057,2025-05-25,Mumbai,Paid Search,Male,18-24
7058,2025-04-26,Mumbai,Email,Other,35-44
7059,2025-09-06,Kolkata,Paid Social,Female,45-54
7060,2025-03-05,Mumbai,Paid Social,Male,35-44
7061,2024-11-17,Indore,Paid Search,Female,45-54
7062,2024-11-03,Mumbai,Organic Search,Female,35-44
7063,2025-01-12,Ahmedabad,Referral,Male,45-54
7064,2025-08-01,Bhopal,Organic Search,Female,25-34
7065,2025-04-15,Chennai,Paid Social,Male,35-44
7066,2025-02-28,Ahmedabad,Email,Female,25-34
7067,2025-01-09,Delhi,Organic Search,Female,35-44
7068,2025-05-26,Delhi,Direct,Female,45-54
7069,2025-08-15,Jaipur,Paid Social,Female,45-54
7070,2025-12-02,Bhopal,Direct,Male,25-34
7071,2025-05-22,Ahmedabad,Paid Social,Male,18-24
7072,2024-11-24,Bengaluru,Email,Male,25-34
7073,2025-04-25,Kolkata,Paid Social,Female,35-44
7074,2025-08-05,Pune,Paid Social,Female,45-54
7075,2024-12-16,Chennai,Paid Search,Male,45-54
7076,2025-08-23,Indore,Paid Social,Female,18-24
7077,2025-04-14,Gorakhpur,Paid Search,Female,25-34
7078,2025-08-18,Hyderabad,Organic Search,Female,25-34
7079,2025-09-12,Bhopal,Email,Female,45-54
7080,2025-05-23,Mumbai,Organic Search,Female,25-34
7081,2024-12-16,Mumbai,Affiliate,Female,25-34
7082,2024-11-10,Hyderabad,Paid Social,Female,35-44
7083,2024-11-27,Hyderabad,Email,Female,45-54
7084,2024-11-28,Chennai,Organic Search,Female,35-44
7085,2024-12-25,Chandigarh,Paid Social,Male,35-44
7086,2024-12-04,Bhopal,Email,Female,18-24
7087,2024-11-12,Bhopal,Paid Social,Male,35-44
7088,2025-12-25,Gorakhpur,Paid Social,Female,18-24
7089,2025-05-23,Pune,Paid Search,Female,35-44
7090,2025-01-29,Bhopal,Paid Search,Female,25-34
7091,2025-05-19,Bhopal,Organic Search,Female,45-54
7092,2025-05-28,Pune,Organic Search,Male,35-44
7093,2024-11-27,Jaipur,Paid Search,Other,25-34
7094,2024-12-18,Chennai,Direct,Female,45-54
7095,2025-01-28,Chandigarh,Direct,Female,25-34
7096,2025-09-27,Chennai,Organic Search,Male,35-44
7097,2025-01-26,Mumbai,Referral,Male,25-34
7098,2025-09-28,Lucknow,Paid Search,Female,25-34
7099,2024-11-04,Kochi,Referral,Male,25-34
7100,2024-12-20,Mumbai,Direct,Female,18-24
7101,2024-11-19,Pune,Paid Social,Male,25-34
7102,2025-07-23,Gorakhpur,Paid Search,Male,45-54
7103,2025-11-20,Indore,Paid Social,Female,18-24
7104,2025-11-08,Bengaluru,Direct,Female,45-54
7105,2024-11-14,Chandigarh,Organic Search,Male,45-54
7106,2024-12-15,Pune,Paid Search,Male,25-34
7107,2025-08-24,Jaipur,Affiliate,Male,18-24
7108,2025-02-01,Mumbai,Organic Search,Male,35-44
7109,2025-02-22,Bengaluru,Paid Social,Female,25-34
7110,2025-01-08,Hyderabad,Organic Search,Female,18-24
7111,2024-11-01,Bengaluru,Paid Social,Female,45-54
7112,2024-11-24,Lucknow,Email,Male,25-34
7113,2025-05-27,Delhi,Organic Search,Female,45-54
7114,2025-10-18,Indore,Paid Social,Male,35-44
7115,2024-11-19,Ahmedabad,Organic Search,Male,45-54
7116,2025-05-16,Chandigarh,Affiliate,Male,35-44
7117,2024-11-24,Gorakhpur,Referral,Female,18-24
7118,2024-12-25,Pune,Paid Social,Female,45-54
7119,2024-12-09,Hyderabad,Paid Search,Male,45-54
7120,2024-11-06,Lucknow,Referral,Female,35-44
7121,2025-07-21,Lucknow,Direct,Female,35-44
7122,2025-06-07,Hyderabad,Direct,Male,45-54
7123,2025-06-30,Delhi,Direct,Male,18-24
7124,2025-01-15,Lucknow,Paid Search,Female,25-34
7125,2025-02-03,Ahmedabad,Paid Search,Female,18-24
7126,2024-11-03,Lucknow,Paid Search,Female,18-24
7127,2025-01-07,Kochi,Affiliate,Male,18-24
7128,2025-12-14,Chandigarh,Paid Social,Female,18-24
7129,2025-10-09,Chandigarh,Paid Search,Male,45-54
7130,2025-05-17,Kolkata,Referral,Male,45-54
7131,2024-12-06,Ahmedabad,Paid Social,Male,45-54
7132,2024-11-01,Kochi,Paid Search,Female,25-34
7133,2024-11-09,Pune,Organic Search,Female,25-34
7134,2025-06-09,Kochi,Paid Social,Male,18-24
7135,2025-04-02,Delhi,Email,Male,35-44
7136,2025-04-28,Chennai,Organic Search,Other,25-34
7137,2025-01-09,Chennai,Paid Social,Female,35-44
7138,2025-05-28,Ahmedabad,Paid Search,Male,35-44
7139,2024-11-03,Bhopal,Paid Search,Female,35-44
7140,2025-08-09,Bhopal,Paid Social,Female,35-44
7141,2025-04-18,Indore,Direct,Female,25-34
7142,2025-01-12,Chennai,Organic Search,Male,35-44
7143,2025-02-14,Kochi,Affiliate,Male,18-24
7144,2025-06-07,Chandigarh,Affiliate,Female,25-34
7145,2025-09-25,Gorakhpur,Paid Search,Male,35-44
7146,2025-04-19,Kolkata,Affiliate,Female,25-34
7147,2024-12-05,Ahmedabad,Direct,Female,18-24
7148,2024-11-19,Gorakhpur,Affiliate,Female,35-44
7149,2024-11-03,Jaipur,Organic Search,Female,18-24
7150,2025-01-16,Delhi,Direct,Female,45-54
7151,2025-04-20,Bhopal,Paid Social,Female,35-44
7152,2024-11-06,Gorakhpur,Referral,Male,45-54
7153,2025-01-28,Delhi,Paid Social,Male,45-54
7154,2024-11-07,Kolkata,Organic Search,Male,18-24
7155,2024-12-23,Delhi,Paid Search,Female,25-34
7156,2024-12-04,Mumbai,Email,Female,45-54
7157,2025-04-01,Delhi,Organic Search,Female,45-54
7158,2025-10-27,Bhopal,Referral,Male,25-34
7159,2025-06-24,Mumbai,Organic Search,Male,18-24
7160,2025-03-12,Chandigarh,Affiliate,Female,25-34
7161,2024-12-03,Chandigarh,Affiliate,Male,18-24
7162,2025-03-23,Pune,Paid Social,Female,35-44
7163,2024-12-17,Kochi,Direct,Female,25-34
7164,2025-06-16,Bhopal,Direct,Female,25-34
7165,2025-03-08,Bengaluru,Paid Search,Male,18-24
7166,2024-11-02,Kolkata,Paid Social,Female,45-54
7167,2025-03-20,Ahmedabad,Paid Search,Female,45-54
7168,2025-01-16,Kolkata,Referral,Female,35-44
7169,2025-01-01,Bengaluru,Direct,Female,18-24
7170,2025-05-14,Indore,Affiliate,Female,35-44
7171,2025-08-08,Mumbai,Direct,Male,25-34
7172,2025-01-31,Chennai,Organic Search,Female,25-34
7173,2025-09-07,Indore,Paid Search,Male,25-34
7174,2025-06-24,Bhopal,Organic Search,Female,35-44
7175,2025-06-17,Pune,Referral,Male,35-44
7176,2025-01-14,Ahmedabad,Affiliate,Female,45-54
7177,2024-12-17,Chandigarh,Paid Search,Male,18-24
7178,2025-02-01,Mumbai,Paid Social,Female,18-24
7179,2025-07-25,Kochi,Paid Social,Female,45-54
7180,2024-11-23,Bhopal,Referral,Male,35-44
7181,2025-04-19,Pune,Paid Social,Male,45-54
7182,2025-06-27,Lucknow,Affiliate,Female,18-24
7183,2024-11-26,Kolkata,Paid Social,Male,45-54
7184,2025-11-06,Gorakhpur,Paid Social,Female,25-34
7185,2025-07-21,Chennai,Affiliate,Female,25-34
7186,2025-03-01,Delhi,Affiliate,Female,25-34
7187,2025-04-07,Chandigarh,Paid Search,Male,18-24
7188,2025-05-03,Indore,Email,Male,35-44
7189,2025-09-12,Mumbai,Paid Social,Female,35-44
7190,2025-05-20,Indore,Organic Search,Male,35-44
7191,2025-01-06,Gorakhpur,Affiliate,Other,35-44
7192,2025-02-20,Delhi,Affiliate,Female,18-24
7193,2024-11-02,Chennai,Organic Search,Female,25-34
7194,2025-12-16,Indore,Email,Female,45-54
7195,2025-04-07,Ahmedabad,Paid Social,Male,18-24
7196,2025-03-22,Ahmedabad,Paid Search,Male,35-44
7197,2025-08-04,Gorakhpur,Organic Search,Female,45-54
7198,2025-11-20,Lucknow,Direct,Male,25-34
7199,2025-02-16,Gorakhpur,Organic Search,Male,18-24
7200,2025-07-23,Indore,Email,Female,35-44
7201,2025-06-10,Bhopal,Paid Search,Male,45-54
7202,2024-12-14,Kolkata,Direct,Female,25-34
7203,2024-11-12,Gorakhpur,Organic Search,Female,45-54
7204,2025-05-01,Gorakhpur,Organic Search,Male,45-54
7205,2025-10-16,Chennai,Paid Social,Male,45-54
7206,2025-01-17,Indore,Direct,Female,25-34
7207,2025-10-06,Chandigarh,Affiliate,Female,35-44
7208,2025-11-08,Gorakhpur,Referral,Female,45-54
7209,2025-03-30,Chennai,Paid Search,Female,45-54
7210,2024-11-13,Kochi,Paid Social,Female,45-54
7211,2024-11-08,Jaipur,Paid Search,Other,35-44
7212,2025-12-17,Kolkata,Paid Search,Male,25-34
7213,2025-02-02,Bengaluru,Paid Social,Female,35-44
7214,2025-01-06,Mumbai,Direct,Male,18-24
7215,2024-12-08,Kolkata,Paid Search,Other,25-34
7216,2024-11-17,Bhopal,Email,Female,25-34
7217,2025-01-27,Mumbai,Direct,Male,18-24
7218,2025-11-26,Kolkata,Direct,Male,45-54
7219,2025-09-22,Jaipur,Email,Male,45-54
7220,2025-04-27,Jaipur,Paid Search,Female,45-54
7221,2025-07-21,Kolkata,Organic Search,Male,18-24
7222,2025-01-18,Bengaluru,Paid Search,Female,25-34
7223,2025-02-02,Delhi,Email,Female,35-44
7224,2025-09-02,Kolkata,Direct,Female,25-34
7225,2024-11-01,Ahmedabad,Organic Search,Female,18-24
7226,2024-11-13,Mumbai,Paid Social,Male,18-24
7227,2025-04-23,Kolkata,Paid Search,Female,18-24
7228,2025-09-16,Chennai,Paid Social,Female,45-54
7229,2024-11-01,Delhi,Affiliate,Female,45-54
7230,2024-11-30,Hyderabad,Paid Social,Male,35-44
7231,2025-03-16,Lucknow,Paid Social,Male,25-34
7232,2025-08-05,Chandigarh,Paid Search,Female,35-44
7233,2025-10-13,Indore,Affiliate,Female,25-34
7234,2025-03-07,Chandigarh,Organic Search,Female,25-34
7235,2025-07-04,Indore,Paid Social,Other,25-34
7236,2025-07-26,Gorakhpur,Paid Social,Male,35-44
7237,2025-09-17,Jaipur,Organic Search,Female,25-34
7238,2024-11-01,Jaipur,Paid Social,Female,45-54
7239,2025-09-28,Indore,Direct,Male,45-54
7240,2025-12-08,Jaipur,Direct,Female,18-24
7241,2025-07-04,Bhopal,Organic Search,Female,18-24
7242,2025-03-06,Bengaluru,Affiliate,Male,25-34
7243,2025-05-26,Kolkata,Paid Search,Female,35-44
7244,2025-03-12,Gorakhpur,Paid Search,Female,45-54
7245,2025-11-28,Jaipur,Paid Social,Female,18-24
7246,2024-12-01,Ahmedabad,Referral,Male,25-34
7247,2025-06-11,Bengaluru,Direct,Male,45-54
7248,2025-01-23,Indore,Paid Social,Female,18-24
7249,2025-06-07,Pune,Organic Search,Male,25-34
7250,2025-09-21,Indore,Paid Search,Female,45-54
7251,2025-09-12,Chennai,Paid Search,Female,25-34
7252,2024-11-05,Ahmedabad,Paid Social,Male,45-54
7253,2025-08-19,Kochi,Organic Search,Male,35-44
7254,2024-11-21,Lucknow,Affiliate,Female,18-24
7255,2025-03-21,Indore,Organic Search,Male,25-34
7256,2025-03-24,Bhopal,Email,Female,18-24
7257,2025-01-11,Ahmedabad,Paid Social,Female,45-54
7258,2024-12-22,Kolkata,Organic Search,Male,45-54
7259,2025-09-29,Kochi,Paid Search,Female,25-34
7260,2025-12-03,Chandigarh,Direct,Male,18-24
7261,2025-09-18,Gorakhpur,Direct,Female,18-24
7262,2025-10-19,Lucknow,Referral,Female,35-44
7263,2025-04-27,Gorakhpur,Paid Social,Male,35-44
7264,2025-07-21,Ahmedabad,Paid Social,Male,45-54
7265,2025-10-03,Bhopal,Organic Search,Female,45-54
7266,2025-01-16,Chandigarh,Paid Social,Male,18-24
7267,2025-07-03,Mumbai,Paid Search,Male,35-44
7268,2025-07-10,Jaipur,Direct,Female,25-34
7269,2025-04-20,Indore,Direct,Male,35-44
7270,2025-12-03,Chandigarh,Affiliate,Female,18-24
7271,2025-11-10,Pune,Paid Search,Female,45-54
7272,2024-11-02,Jaipur,Paid Social,Male,25-34
7273,2025-02-10,Ahmedabad,Direct,Female,45-54
7274,2024-11-18,Bengaluru,Direct,Male,25-34
7275,2025-11-12,Jaipur,Direct,Male,18-24
7276,2025-11-23,Chandigarh,Organic Search,Male,45-54
7277,2025-02-05,Hyderabad,Paid Search,Female,18-24
7278,2024-12-03,Pune,Paid Search,Male,25-34
7279,2025-12-22,Kolkata,Paid Social,Female,45-54
7280,2025-05-28,Indore,Paid Search,Female,45-54
7281,2025-06-07,Chandigarh,Paid Social,Female,25-34
7282,2025-05-02,Bengaluru,Paid Search,Female,45-54
7283,2025-09-05,Hyderabad,Organic Search,Female,35-44
7284,2025-07-13,Indore,Organic Search,Other,35-44
7285,2025-12-22,Gorakhpur,Email,Female,25-34
7286,2025-07-09,Chennai,Organic Search,Female,45-54
7287,2025-04-05,Delhi,Organic Search,Female,18-24
7288,2024-11-18,Delhi,Paid Search,Female,45-54
7289,2024-11-16,Ahmedabad,Paid Social,Male,18-24
7290,2025-06-21,Jaipur,Paid Search,Female,18-24
7291,2025-09-24,Kolkata,Affiliate,Female,35-44
7292,2025-05-11,Indore,Paid Search,Female,18-24
7293,2024-11-07,Bengaluru,Paid Search,Male,18-24
7294,2025-02-27,Chennai,Paid Search,Female,45-54
7295,2025-11-06,Gorakhpur,Direct,Female,45-54
7296,2024-12-27,Chandigarh,Affiliate,Male,18-24
7297,2025-04-15,Hyderabad,Paid Social,Female,35-44
7298,2025-11-25,Mumbai,Paid Social,Female,25-34
7299,2024-11-13,Chennai,Referral,Female,35-44
7300,2025-06-04,Chennai,Direct,Male,18-24
7301,2024-11-09,Gorakhpur,Email,Female,35-44
7302,2025-05-08,Bengaluru,Email,Male,25-34
7303,2025-06-08,Kochi,Paid Social,Female,45-54
7304,2025-05-18,Lucknow,Direct,Female,25-34
7305,2025-08-02,Jaipur,Organic Search,Male,45-54
7306,2025-06-17,Kolkata,Referral,Male,18-24
7307,2025-12-26,Delhi,Paid Social,Male,35-44
7308,2025-10-23,Bhopal,Affiliate,Female,35-44
7309,2024-11-01,Lucknow,Organic Search,Male,45-54
7310,2025-04-13,Pune,Paid Search,Female,25-34
7311,2024-11-01,Hyderabad,Organic Search,Female,25-34
7312,2025-06-24,Hyderabad,Paid Search,Male,45-54
7313,2025-07-02,Chandigarh,Organic Search,Female,25-34
7314,2025-10-11,Chennai,Paid Search,Male,18-24
7315,2025-04-13,Hyderabad,Organic Search,Male,18-24
7316,2024-11-08,Kolkata,Paid Search,Female,45-54
7317,2025-09-11,Ahmedabad,Paid Social,Female,25-34
7318,2025-12-22,Kochi,Affiliate,Male,25-34
7319,2025-08-03,Bengaluru,Email,Male,45-54
7320,2025-01-08,Bengaluru,Paid Search,Female,25-34
7321,2024-12-13,Hyderabad,Affiliate,Female,45-54
7322,2025-02-22,Mumbai,Paid Search,Male,25-34
7323,2024-12-22,Gorakhpur,Paid Search,Male,45-54
7324,2025-01-09,Ahmedabad,Affiliate,Female,45-54
7325,2024-12-27,Ahmedabad,Affiliate,Male,35-44
7326,2024-11-10,Chennai,Direct,Female,35-44
7327,2025-08-05,Indore,Paid Social,Female,35-44
7328,2025-06-17,Jaipur,Referral,Female,35-44
7329,2024-11-19,Kochi,Paid Social,Male,18-24
7330,2025-07-03,Chennai,Affiliate,Male,18-24
7331,2025-09-05,Kolkata,Paid Social,Female,25-34
7332,2025-08-17,Chennai,Paid Search,Female,45-54
7333,2025-02-18,Ahmedabad,Direct,Other,35-44
7334,2024-11-05,Kochi,Paid Social,Male,18-24
7335,2025-12-11,Jaipur,Paid Search,Male,18-24
7336,2025-09-30,Kolkata,Paid Social,Female,18-24
7337,2024-11-27,Jaipur,Paid Search,Male,18-24
7338,2024-12-16,Indore,Direct,Male,35-44
7339,2025-01-29,Kochi,Direct,Female,25-34
7340,2024-12-15,Bhopal,Direct,Female,35-44
7341,2025-08-07,Chennai,Paid Search,Female,35-44
7342,2025-07-11,Gorakhpur,Email,Female,25-34
7343,2025-04-06,Gorakhpur,Organic Search,Female,25-34
7344,2025-12-05,Indore,Referral,Male,25-34
7345,2025-03-05,Gorakhpur,Paid Social,Female,45-54
7346,2025-08-09,Indore,Direct,Female,45-54
7347,2025-04-27,Indore,Paid Search,Female,45-54
7348,2025-07-12,Bhopal,Organic Search,Other,45-54
7349,2024-11-02,Chennai,Direct,Male,35-44
7350,2025-03-07,Chandigarh,Affiliate,Male,25-34
7351,2025-02-12,Kochi,Organic Search,Female,18-24
7352,2025-08-23,Indore,Organic Search,Male,35-44
7353,2024-11-10,Delhi,Affiliate,Male,25-34
7354,2024-11-19,Bengaluru,Affiliate,Male,45-54
7355,2024-11-29,Lucknow,Paid Social,Female,18-24
7356,2025-11-02,Chennai,Paid Social,Female,18-24
7357,2025-09-20,Chennai,Direct,Female,25-34
7358,2024-11-09,Bengaluru,Affiliate,Male,35-44
7359,2025-02-08,Bhopal,Organic Search,Male,25-34
7360,2025-02-19,Gorakhpur,Organic Search,Female,18-24
7361,2025-01-04,Kochi,Paid Search,Male,45-54
7362,2025-01-22,Kochi,Organic Search,Male,45-54
7363,2025-06-04,Delhi,Organic Search,Male,35-44
7364,2024-11-05,Kochi,Paid Social,Female,35-44
7365,2025-02-01,Hyderabad,Referral,Female,45-54
7366,2024-11-04,Kochi,Direct,Male,25-34
7367,2024-12-06,Kochi,Paid Search,Female,45-54
7368,2024-11-27,Gorakhpur,Paid Search,Male,45-54
7369,2025-03-06,Hyderabad,Email,Female,18-24
7370,2025-02-05,Kochi,Paid Social,Male,45-54
7371,2024-11-03,Indore,Paid Search,Female,25-34
7372,2025-03-27,Hyderabad,Organic Search,Male,45-54
7373,2025-01-05,Kochi,Organic Search,Male,45-54
7374,2024-12-26,Mumbai,Organic Search,Female,25-34
7375,2024-12-18,Hyderabad,Direct,Male,18-24
7376,2024-12-11,Indore,Organic Search,Male,18-24
7377,2025-02-02,Kolkata,Paid Social,Female,25-34
7378,2025-04-01,Chennai,Paid Social,Female,35-44
7379,2025-07-27,Chennai,Paid Search,Female,45-54
7380,2024-11-21,Chennai,Email,Female,18-24
7381,2025-05-24,Jaipur,Paid Search,Female,18-24
7382,2025-01-31,Kolkata,Referral,Male,18-24
7383,2024-11-28,Bengaluru,Paid Social,Female,18-24
7384,2025-05-26,Lucknow,Paid Search,Male,25-34
7385,2025-03-26,Mumbai,Direct,Male,45-54
7386,2025-10-20,Pune,Organic Search,Female,18-24
7387,2025-02-13,Jaipur,Direct,Male,35-44
7388,2025-12-22,Hyderabad,Email,Male,25-34
7389,2025-10-31,Bengaluru,Paid Search,Male,35-44
7390,2024-11-22,Jaipur,Organic Search,Male,35-44
7391,2024-12-22,Kochi,Paid Social,Female,18-24
7392,2025-08-25,Bengaluru,Direct,Male,25-34
7393,2025-05-16,Delhi,Paid Social,Female,18-24
7394,2025-12-24,Indore,Direct,Female,45-54
7395,2025-02-20,Jaipur,Organic Search,Female,25-34
7396,2025-06-06,Ahmedabad,Affiliate,Male,35-44
7397,2025-03-01,Chennai,Affiliate,Female,18-24
7398,2024-11-26,Kochi,Email,Male,25-34
7399,2024-12-30,Delhi,Affiliate,Female,25-34
7400,2025-03-24,Jaipur,Direct,Female,25-34
7401,2024-11-04,Gorakhpur,Paid Search,Female,18-24
7402,2025-09-21,Jaipur,Email,Female,25-34
7403,2025-02-13,Chennai,Paid Search,Male,35-44
7404,2025-08-01,Hyderabad,Paid Search,Other,25-34
7405,2024-12-25,Mumbai,Email,Female,35-44
7406,2024-12-13,Indore,Paid Social,Male,35-44
7407,2024-11-04,Ahmedabad,Affiliate,Female,45-54
7408,2025-09-02,Hyderabad,Affiliate,Male,35-44
7409,2024-12-31,Bhopal,Affiliate,Male,25-34
7410,2025-03-13,Pune,Paid Social,Female,35-44
7411,2024-11-22,Chandigarh,Direct,Female,18-24
7412,2024-12-01,Jaipur,Referral,Female,35-44
7413,2025-09-07,Kolkata,Paid Social,Male,25-34
7414,2025-05-03,Chennai,Organic Search,Male,35-44
7415,2025-12-13,Pune,Affiliate,Male,45-54
7416,2025-06-08,Bengaluru,Paid Social,Male,18-24
7417,2025-04-16,Ahmedabad,Email,Female,18-24
7418,2024-11-05,Pune,Organic Search,Female,45-54
7419,2025-04-24,Mumbai,Paid Social,Male,45-54
7420,2024-11-16,Kochi,Referral,Male,18-24
7421,2024-12-03,Kolkata,Paid Social,Female,35-44
7422,2025-11-04,Chennai,Paid Search,Male,45-54
7423,2025-07-29,Chandigarh,Paid Search,Female,45-54
7424,2025-02-09,Ahmedabad,Referral,Female,45-54
7425,2025-01-29,Pune,Organic Search,Male,45-54
7426,2024-12-21,Jaipur,Organic Search,Female,18-24
7427,2024-12-01,Hyderabad,Paid Search,Female,25-34
7428,2025-01-21,Chandigarh,Email,Female,35-44
7429,2024-11-01,Hyderabad,Organic Search,Male,18-24
7430,2025-02-07,Lucknow,Organic Search,Male,35-44
7431,2025-03-13,Delhi,Paid Search,Male,45-54
7432,2025-02-14,Jaipur,Paid Social,Male,25-34
7433,2025-06-11,Hyderabad,Organic Search,Female,18-24
7434,2025-03-03,Kochi,Organic Search,Male,18-24
7435,2024-12-16,Kolkata,Paid Social,Male,25-34
7436,2025-05-12,Jaipur,Email,Female,25-34
7437,2024-11-01,Chandigarh,Referral,Male,25-34
7438,2025-05-07,Indore,Organic Search,Male,45-54
7439,2024-11-03,Chennai,Direct,Female,45-54
7440,2025-10-13,Kochi,Paid Social,Female,18-24
7441,2024-12-18,Ahmedabad,Affiliate,Male,35-44
7442,2025-03-01,Indore,Paid Social,Female,45-54
7443,2025-09-28,Chandigarh,Organic Search,Male,18-24
7444,2025-04-25,Jaipur,Paid Social,Female,35-44
7445,2025-01-24,Kochi,Affiliate,Female,45-54
7446,2025-11-24,Kolkata,Paid Social,Female,18-24
7447,2025-06-09,Pune,Affiliate,Female,45-54
7448,2024-12-04,Jaipur,Email,Male,18-24
7449,2025-11-09,Indore,Paid Search,Female,18-24
7450,2025-07-02,Bhopal,Paid Search,Female,35-44
7451,2025-10-19,Kochi,Organic Search,Male,25-34
7452,2025-08-28,Jaipur,Email,Male,45-54
7453,2025-06-08,Gorakhpur,Affiliate,Male,18-24
7454,2025-02-02,Delhi,Paid Search,Female,25-34
7455,2025-01-04,Bengaluru,Organic Search,Female,35-44
7456,2025-02-23,Indore,Paid Search,Female,18-24
7457,2025-11-21,Chandigarh,Paid Social,Female,25-34
7458,2025-04-12,Delhi,Organic Search,Male,18-24
7459,2024-11-25,Jaipur,Paid Search,Male,35-44
7460,2025-11-02,Lucknow,Organic Search,Male,18-24
7461,2025-05-20,Gorakhpur,Paid Social,Female,18-24
7462,2025-07-09,Jaipur,Paid Social,Male,35-44
7463,2024-12-01,Bengaluru,Direct,Male,35-44
7464,2024-12-07,Hyderabad,Email,Female,35-44
7465,2025-01-26,Ahmedabad,Paid Social,Female,18-24
7466,2025-02-21,Pune,Direct,Female,18-24
7467,2024-12-23,Bengaluru,Paid Social,Female,35-44
7468,2024-11-03,Kolkata,Paid Search,Female,25-34
7469,2025-08-10,Bengaluru,Referral,Male,35-44
7470,2025-12-10,Chandigarh,Organic Search,Other,45-54
7471,2024-11-23,Indore,Paid Social,Female,35-44
7472,2025-07-26,Ahmedabad,Paid Social,Male,35-44
7473,2024-12-19,Ahmedabad,Paid Search,Male,25-34
7474,2025-10-23,Chandigarh,Paid Social,Male,45-54
7475,2025-06-23,Kolkata,Affiliate,Male,35-44
7476,2025-12-25,Chennai,Paid Search,Female,45-54
7477,2025-09-16,Gorakhpur,Direct,Male,25-34
7478,2025-11-30,Mumbai,Paid Search,Male,35-44
7479,2024-11-30,Indore,Paid Search,Female,18-24
7480,2025-08-23,Ahmedabad,Direct,Female,35-44
7481,2024-12-02,Chandigarh,Paid Social,Male,45-54
7482,2024-12-29,Bengaluru,Paid Social,Female,25-34
7483,2025-01-19,Bengaluru,Referral,Female,18-24
7484,2024-12-03,Gorakhpur,Organic Search,Female,45-54
7485,2025-03-05,Chandigarh,Organic Search,Other,45-54
7486,2024-11-13,Ahmedabad,Organic Search,Male,45-54
7487,2024-11-12,Indore,Paid Search,Male,18-24
7488,2025-02-11,Pune,Affiliate,Female,45-54
7489,2024-11-23,Bhopal,Direct,Female,35-44
7490,2024-12-06,Mumbai,Paid Search,Female,45-54
7491,2025-03-04,Kochi,Organic Search,Female,45-54
7492,2024-11-02,Pune,Direct,Female,18-24
7493,2025-02-05,Hyderabad,Referral,Male,35-44
7494,2025-03-25,Pune,Referral,Male,25-34
7495,2025-01-14,Pune,Organic Search,Female,45-54
7496,2025-12-23,Gorakhpur,Paid Search,Female,25-34
7497,2025-02-21,Indore,Organic Search,Male,35-44
7498,2025-07-04,Bengaluru,Direct,Male,25-34
7499,2025-02-04,Pune,Organic Search,Female,45-54
7500,2024-12-10,Delhi,Email,Male,18-24
7501,2025-09-03,Kolkata,Direct,Female,45-54
7502,2025-12-10,Bengaluru,Paid Social,Female,25-34
7503,2024-12-25,Gorakhpur,Direct,Female,45-54
7504,2025-12-16,Chennai,Paid Social,Female,25-34
7505,2025-11-24,Kolkata,Paid Search,Male,45-54
7506,2025-04-13,Jaipur,Organic Search,Male,25-34
7507,2025-12-14,Chennai,Paid Search,Female,25-34
7508,2024-11-14,Chandigarh,Paid Social,Female,45-54
7509,2024-12-31,Chennai,Paid Social,Female,18-24
7510,2025-01-07,Bengaluru,Organic Search,Other,35-44
7511,2025-06-10,Bengaluru,Referral,Female,25-34
7512,2025-05-19,Jaipur,Paid Social,Female,45-54
7513,2025-10-19,Mumbai,Paid Social,Female,25-34
7514,2025-01-16,Lucknow,Direct,Male,45-54
7515,2025-06-05,Chennai,Referral,Male,25-34
7516,2025-10-09,Kolkata,Paid Social,Female,45-54
7517,2025-06-01,Chennai,Paid Social,Female,18-24
7518,2025-03-13,Lucknow,Affiliate,Male,45-54
7519,2025-06-26,Kochi,Paid Social,Male,45-54
7520,2025-10-11,Chennai,Paid Social,Female,25-34
7521,2025-03-01,Chandigarh,Organic Search,Male,35-44
7522,2025-04-03,Mumbai,Organic Search,Male,45-54
7523,2025-02-16,Hyderabad,Organic Search,Male,45-54
7524,2025-08-03,Gorakhpur,Paid Social,Female,35-44
7525,2024-11-21,Bhopal,Direct,Female,35-44
7526,2024-12-16,Delhi,Affiliate,Male,35-44
7527,2025-10-27,Bengaluru,Affiliate,Male,18-24
7528,2025-12-17,Pune,Organic Search,Female,18-24
7529,2024-11-25,Mumbai,Direct,Male,35-44
7530,2024-11-03,Lucknow,Affiliate,Male,35-44
7531,2024-12-16,Pune,Affiliate,Male,18-24
7532,2025-08-31,Jaipur,Email,Female,25-34
7533,2024-11-01,Kochi,Organic Search,Female,18-24
7534,2025-01-12,Jaipur,Direct,Female,18-24
7535,2024-12-22,Pune,Organic Search,Male,18-24
7536,2025-01-15,Kochi,Organic Search,Male,18-24
7537,2025-01-15,Indore,Referral,Female,45-54
7538,2025-08-31,Bengaluru,Paid Search,Male,18-24
7539,2025-08-12,Mumbai,Referral,Female,45-54
7540,2025-04-22,Bhopal,Paid Social,Female,18-24
7541,2024-11-23,Pune,Referral,Male,45-54
7542,2025-09-12,Delhi,Affiliate,Female,25-34
7543,2025-07-02,Chennai,Direct,Male,25-34
7544,2025-02-05,Ahmedabad,Organic Search,Male,35-44
7545,2025-05-18,Chandigarh,Affiliate,Male,35-44
7546,2025-05-07,Kolkata,Affiliate,Female,25-34
7547,2024-11-01,Indore,Paid Social,Male,45-54
7548,2025-01-26,Chennai,Referral,Female,18-24
7549,2025-08-01,Ahmedabad,Paid Social,Male,18-24
7550,2024-12-06,Lucknow,Paid Social,Male,18-24
7551,2025-01-02,Lucknow,Email,Male,45-54
7552,2024-12-29,Pune,Organic Search,Female,45-54
7553,2024-11-20,Bhopal,Direct,Male,35-44
7554,2024-11-30,Chandigarh,Email,Female,25-34
7555,2024-11-02,Pune,Referral,Male,45-54
7556,2025-02-01,Delhi,Organic Search,Female,25-34
7557,2025-06-12,Kochi,Paid Search,Male,35-44
7558,2025-03-16,Kolkata,Paid Social,Female,18-24
7559,2025-06-22,Hyderabad,Email,Male,35-44
7560,2025-10-16,Hyderabad,Organic Search,Female,35-44
7561,2025-09-18,Ahmedabad,Direct,Female,35-44
7562,2025-04-20,Mumbai,Email,Male,18-24
7563,2025-02-20,Kolkata,Paid Social,Male,25-34
7564,2025-01-26,Kolkata,Email,Male,45-54
7565,2025-02-21,Hyderabad,Organic Search,Female,25-34
7566,2024-11-08,Chennai,Organic Search,Female,35-44
7567,2024-11-15,Indore,Organic Search,Male,35-44
7568,2025-12-07,Ahmedabad,Direct,Male,18-24
7569,2024-11-23,Bhopal,Referral,Male,25-34
7570,2025-10-22,Kochi,Organic Search,Female,18-24
7571,2025-06-17,Delhi,Organic Search,Male,35-44
7572,2025-10-05,Indore,Organic Search,Female,35-44
7573,2024-12-22,Chennai,Paid Social,Male,35-44
7574,2024-11-10,Gorakhpur,Email,Female,25-34
7575,2025-05-18,Hyderabad,Organic Search,Female,25-34
7576,2025-07-19,Jaipur,Organic Search,Female,45-54
7577,2025-12-08,Gorakhpur,Email,Female,45-54
7578,2025-02-15,Indore,Paid Search,Female,45-54
7579,2025-05-31,Bengaluru,Organic Search,Male,18-24
7580,2024-11-08,Pune,Email,Female,25-34
7581,2025-03-25,Ahmedabad,Paid Social,Male,25-34
7582,2025-02-04,Gorakhpur,Affiliate,Male,45-54
7583,2025-07-05,Chandigarh,Affiliate,Female,25-34
7584,2024-11-30,Bhopal,Referral,Female,25-34
7585,2025-01-10,Lucknow,Paid Search,Female,35-44
7586,2024-11-16,Ahmedabad,Email,Female,25-34
7587,2025-03-01,Ahmedabad,Paid Social,Male,18-24
7588,2024-11-24,Chandigarh,Organic Search,Female,35-44
7589,2024-11-29,Bhopal,Organic Search,Female,35-44
7590,2025-02-19,Indore,Organic Search,Female,25-34
7591,2025-04-28,Chandigarh,Paid Social,Female,35-44
7592,2024-11-27,Chandigarh,Affiliate,Male,35-44
7593,2025-03-04,Gorakhpur,Email,Male,25-34
7594,2025-01-26,Lucknow,Paid Search,Female,45-54
7595,2024-11-05,Indore,Paid Social,Male,25-34
7596,2025-06-19,Chennai,Organic Search,Female,18-24
7597,2024-11-21,Chennai,Referral,Female,18-24
7598,2025-09-26,Indore,Direct,Male,35-44
7599,2025-02-11,Gorakhpur,Referral,Female,18-24
7600,2025-03-30,Jaipur,Affiliate,Male,25-34
7601,2025-07-08,Mumbai,Direct,Male,35-44
7602,2025-05-16,Gorakhpur,Paid Social,Female,25-34
7603,2025-07-01,Indore,Organic Search,Male,45-54
7604,2024-11-26,Chennai,Referral,Male,18-24
7605,2024-11-09,Hyderabad,Paid Social,Female,45-54
7606,2024-11-18,Jaipur,Direct,Male,45-54
7607,2025-10-15,Chandigarh,Paid Social,Male,45-54
7608,2025-06-17,Indore,Paid Search,Female,25-34
7609,2025-08-31,Bengaluru,Affiliate,Female,18-24
7610,2024-11-02,Indore,Organic Search,Female,45-54
7611,2025-06-11,Kolkata,Paid Search,Female,18-24
7612,2025-01-09,Chennai,Paid Social,Female,18-24
7613,2025-04-20,Mumbai,Paid Social,Male,18-24
7614,2025-06-09,Indore,Organic Search,Female,35-44
7615,2025-03-27,Delhi,Paid Search,Female,25-34
7616,2025-03-13,Gorakhpur,Direct,Female,45-54
7617,2025-02-16,Delhi,Direct,Male,25-34
7618,2025-09-26,Chennai,Referral,Female,18-24
7619,2025-04-30,Chennai,Organic Search,Female,25-34
7620,2025-10-03,Chandigarh,Paid Social,Male,35-44
7621,2024-12-12,Chennai,Paid Search,Male,45-54
7622,2025-03-20,Bhopal,Organic Search,Male,25-34
7623,2025-02-02,Chennai,Affiliate,Female,45-54
7624,2025-01-09,Mumbai,Organic Search,Female,45-54
7625,2025-05-07,Ahmedabad,Paid Social,Male,18-24
7626,2025-05-22,Delhi,Direct,Male,18-24
7627,2025-12-01,Gorakhpur,Paid Social,Other,18-24
7628,2025-03-12,Kolkata,Paid Social,Female,45-54
7629,2025-05-09,Gorakhpur,Paid Search,Female,25-34
7630,2025-08-21,Indore,Email,Female,18-24
7631,2025-07-27,Chandigarh,Organic Search,Female,45-54
7632,2025-02-16,Hyderabad,Direct,Male,18-24
7633,2024-12-08,Hyderabad,Paid Social,Female,35-44
7634,2025-07-07,Chennai,Email,Female,45-54
7635,2025-03-16,Bengaluru,Paid Social,Female,18-24
7636,2025-07-24,Delhi,Direct,Female,25-34
7637,2025-06-03,Ahmedabad,Paid Social,Male,35-44
7638,2025-11-25,Gorakhpur,Paid Social,Male,18-24
7639,2024-11-29,Pune,Paid Social,Male,25-34
7640,2025-06-05,Hyderabad,Direct,Female,45-54
7641,2024-11-27,Ahmedabad,Referral,Female,35-44
7642,2024-12-18,Chandigarh,Paid Search,Female,35-44
7643,2024-11-06,Chennai,Direct,Female,45-54
7644,2024-12-08,Gorakhpur,Organic Search,Female,45-54
7645,2024-11-20,Chandigarh,Email,Other,35-44
7646,2025-06-17,Bengaluru,Paid Social,Female,45-54
7647,2025-10-07,Chandigarh,Referral,Male,18-24
7648,2025-10-07,Jaipur,Affiliate,Female,25-34
7649,2025-07-22,Kochi,Paid Social,Male,25-34
7650,2025-10-09,Ahmedabad,Direct,Male,25-34
7651,2025-05-09,Delhi,Paid Social,Female,25-34
7652,2025-08-05,Lucknow,Paid Search,Male,45-54
7653,2025-02-23,Bengaluru,Paid Search,Female,35-44
7654,2025-03-28,Chandigarh,Paid Search,Female,18-24
7655,2025-12-21,Bhopal,Direct,Male,18-24
7656,2025-01-10,Delhi,Direct,Male,45-54
7657,2024-11-01,Lucknow,Direct,Female,18-24
7658,2024-12-06,Jaipur,Organic Search,Male,45-54
7659,2025-09-03,Delhi,Paid Search,Female,45-54
7660,2025-07-31,Pune,Affiliate,Female,45-54
7661,2025-03-13,Indore,Direct,Male,18-24
7662,2025-04-02,Gorakhpur,Organic Search,Male,18-24
7663,2025-07-11,Kolkata,Paid Social,Male,45-54
7664,2025-02-21,Chennai,Referral,Female,25-34
7665,2024-11-22,Chennai,Direct,Male,35-44
7666,2025-04-16,Kochi,Direct,Other,45-54
7667,2024-12-02,Delhi,Affiliate,Male,25-34
7668,2025-05-11,Hyderabad,Paid Social,Female,25-34
7669,2025-04-10,Lucknow,Paid Search,Female,35-44
7670,2025-07-13,Chandigarh,Organic Search,Male,45-54
7671,2025-01-02,Kolkata,Referral,Female,35-44
7672,2025-09-24,Kolkata,Paid Search,Female,35-44
7673,2025-01-08,Delhi,Paid Search,Male,25-34
7674,2024-11-12,Mumbai,Organic Search,Other,35-44
7675,2025-07-13,Jaipur,Organic Search,Female,45-54
7676,2025-01-07,Kochi,Direct,Male,35-44
7677,2025-07-27,Chennai,Direct,Male,18-24
7678,2025-01-08,Bengaluru,Organic Search,Male,45-54
7679,2025-03-15,Pune,Paid Search,Female,45-54
7680,2024-11-08,Jaipur,Organic Search,Male,45-54
7681,2025-01-29,Chandigarh,Affiliate,Male,45-54
7682,2025-08-03,Hyderabad,Paid Social,Female,45-54
7683,2025-02-24,Kolkata,Direct,Male,25-34
7684,2025-11-29,Kochi,Paid Search,Female,45-54
7685,2025-11-07,Mumbai,Organic Search,Male,18-24
7686,2025-01-17,Ahmedabad,Organic Search,Female,45-54
7687,2024-12-15,Bengaluru,Referral,Female,25-34
7688,2024-11-14,Chennai,Paid Social,Male,18-24
7689,2024-12-17,Kolkata,Organic Search,Female,45-54
7690,2025-10-03,Kolkata,Direct,Female,18-24
7691,2024-12-23,Ahmedabad,Referral,Female,45-54
7692,2025-01-29,Chandigarh,Paid Search,Male,35-44
7693,2025-04-28,Mumbai,Direct,Female,35-44
7694,2025-03-14,Kolkata,Direct,Female,25-34
7695,2025-05-14,Jaipur,Direct,Female,45-54
7696,2025-08-29,Lucknow,Paid Search,Male,35-44
7697,2025-10-28,Ahmedabad,Email,Female,18-24
7698,2025-08-25,Pune,Direct,Male,35-44
7699,2025-12-02,Bhopal,Direct,Female,45-54
7700,2024-12-15,Delhi,Paid Search,Female,35-44
7701,2025-03-11,Hyderabad,Paid Search,Female,25-34
7702,2024-11-08,Pune,Paid Social,Female,45-54
7703,2025-01-26,Mumbai,Email,Male,18-24
7704,2025-11-12,Kochi,Affiliate,Female,35-44
7705,2025-01-27,Gorakhpur,Paid Search,Female,25-34
7706,2024-11-16,Lucknow,Organic Search,Female,18-24
7707,2025-11-06,Bengaluru,Paid Social,Female,35-44
7708,2025-07-21,Kolkata,Paid Search,Female,35-44
7709,2024-12-27,Lucknow,Paid Social,Female,25-34
7710,2024-12-25,Pune,Email,Female,45-54
7711,2024-11-12,Lucknow,Organic Search,Female,18-24
7712,2025-08-10,Chennai,Affiliate,Female,35-44
7713,2025-10-11,Indore,Organic Search,Female,45-54
7714,2025-01-06,Lucknow,Email,Male,18-24
7715,2025-04-23,Delhi,Referral,Female,18-24
7716,2025-05-04,Jaipur,Email,Female,45-54
7717,2025-08-04,Ahmedabad,Paid Social,Female,25-34
7718,2025-08-12,Hyderabad,Affiliate,Female,45-54
7719,2024-12-16,Ahmedabad,Paid Search,Female,25-34
7720,2025-10-05,Kolkata,Affiliate,Female,45-54
7721,2025-06-06,Jaipur,Referral,Male,35-44
7722,2025-12-14,Chandigarh,Affiliate,Female,35-44
7723,2024-12-25,Bengaluru,Paid Social,Female,25-34
7724,2025-05-07,Lucknow,Organic Search,Male,18-24
7725,2025-06-21,Ahmedabad,Organic Search,Male,25-34
7726,2025-06-23,Chennai,Organic Search,Female,25-34
7727,2025-01-17,Bengaluru,Paid Social,Female,35-44
7728,2025-06-13,Kolkata,Direct,Female,18-24
7729,2025-03-03,Lucknow,Paid Social,Male,45-54
7730,2024-11-24,Chennai,Affiliate,Male,45-54
7731,2025-06-13,Gorakhpur,Referral,Female,18-24
7732,2025-03-18,Chandigarh,Direct,Female,18-24
7733,2025-01-24,Chennai,Direct,Male,45-54
7734,2024-11-19,Kochi,Paid Search,Male,35-44
7735,2024-11-02,Indore,Paid Search,Male,35-44
7736,2024-11-08,Bengaluru,Organic Search,Female,45-54
7737,2025-02-26,Delhi,Organic Search,Female,35-44
7738,2025-02-02,Ahmedabad,Paid Social,Male,25-34
7739,2025-03-13,Bhopal,Referral,Female,45-54
7740,2025-04-22,Chandigarh,Affiliate,Female,35-44
7741,2025-12-16,Delhi,Direct,Female,25-34
7742,2025-03-09,Bengaluru,Paid Search,Male,45-54
7743,2025-06-22,Kochi,Paid Search,Male,35-44
7744,2025-04-04,Jaipur,Organic Search,Female,25-34
7745,2025-12-15,Bhopal,Paid Search,Male,18-24
7746,2025-02-16,Jaipur,Organic Search,Female,35-44
7747,2025-06-11,Kolkata,Organic Search,Female,35-44
7748,2025-12-28,Chennai,Paid Social,Female,25-34
7749,2025-07-18,Chennai,Affiliate,Female,18-24
7750,2025-01-08,Gorakhpur,Direct,Male,45-54
7751,2025-03-12,Chennai,Direct,Male,35-44
7752,2024-11-03,Kochi,Paid Social,Male,18-24
7753,2024-11-02,Chennai,Paid Search,Male,45-54
7754,2024-11-21,Jaipur,Paid Social,Female,35-44
7755,2025-08-16,Bengaluru,Direct,Female,25-34
7756,2024-12-29,Chandigarh,Organic Search,Female,35-44
7757,2024-11-05,Bhopal,Paid Search,Male,25-34
7758,2024-11-14,Jaipur,Paid Social,Male,45-54
7759,2025-08-05,Mumbai,Affiliate,Female,35-44
7760,2025-05-22,Mumbai,Referral,Female,35-44
7761,2024-11-01,Gorakhpur,Paid Social,Male,18-24
7762,2024-11-03,Pune,Email,Female,35-44
7763,2024-11-02,Lucknow,Direct,Female,45-54
7764,2024-11-02,Lucknow,Email,Male,18-24
7765,2025-11-12,Lucknow,Paid Social,Male,25-34
7766,2025-01-12,Indore,Direct,Male,18-24
7767,2025-11-08,Gorakhpur,Paid Social,Female,25-34
7768,2025-02-08,Kochi,Paid Search,Female,35-44
7769,2025-01-10,Indore,Paid Search,Female,18-24
7770,2025-04-01,Chennai,Paid Social,Female,35-44
7771,2025-10-07,Pune,Direct,Female,45-54
7772,2025-02-07,Lucknow,Paid Social,Female,18-24
7773,2025-07-15,Hyderabad,Paid Social,Male,18-24
7774,2024-12-24,Bhopal,Referral,Male,45-54
7775,2025-03-19,Chennai,Organic Search,Female,18-24
7776,2025-06-22,Indore,Paid Social,Female,45-54
7777,2024-12-06,Bengaluru,Paid Search,Male,18-24
7778,2025-10-18,Jaipur,Referral,Male,18-24
7779,2024-12-09,Kochi,Organic Search,Male,35-44
7780,2025-01-30,Delhi,Organic Search,Male,35-44
7781,2024-11-05,Chennai,Paid Social,Female,45-54
7782,2025-02-01,Ahmedabad,Organic Search,Female,25-34
7783,2025-10-04,Mumbai,Organic Search,Female,45-54
7784,2025-05-04,Delhi,Paid Search,Male,25-34
7785,2025-08-17,Lucknow,Referral,Female,45-54
7786,2025-08-20,Pune,Direct,Female,35-44
7787,2024-11-03,Lucknow,Organic Search,Male,45-54
7788,2024-11-15,Gorakhpur,Email,Female,35-44
7789,2025-08-10,Kolkata,Organic Search,Female,35-44
7790,2024-11-26,Kochi,Referral,Female,35-44
7791,2025-02-26,Chennai,Email,Female,35-44
7792,2024-12-21,Delhi,Organic Search,Female,35-44
7793,2025-12-09,Jaipur,Direct,Male,25-34
7794,2025-05-07,Indore,Affiliate,Male,35-44
7795,2024-12-19,Kochi,Direct,Male,18-24
7796,2025-09-15,Kochi,Referral,Female,18-24
7797,2024-12-18,Kochi,Paid Search,Female,18-24
7798,2025-05-09,Chandigarh,Affiliate,Female,25-34
7799,2025-05-04,Indore,Referral,Female,25-34
7800,2025-09-04,Bengaluru,Direct,Male,45-54
7801,2024-12-26,Pune,Direct,Female,35-44
7802,2024-11-01,Indore,Organic Search,Female,35-44
7803,2024-12-01,Chennai,Organic Search,Female,18-24
7804,2025-04-16,Kolkata,Organic Search,Male,18-24
7805,2024-12-05,Mumbai,Paid Social,Male,35-44
7806,2025-01-17,Lucknow,Affiliate,Male,35-44
7807,2025-11-14,Gorakhpur,Email,Female,25-34
7808,2025-10-04,Chennai,Paid Social,Female,18-24
7809,2025-03-25,Bhopal,Paid Social,Female,25-34
7810,2025-06-27,Ahmedabad,Paid Search,Female,45-54
7811,2024-11-30,Indore,Paid Social,Male,25-34
7812,2025-03-16,Indore,Referral,Male,25-34
7813,2025-02-09,Hyderabad,Organic Search,Female,45-54
7814,2024-11-16,Indore,Paid Search,Female,35-44
7815,2025-02-20,Bhopal,Direct,Female,18-24
7816,2025-04-28,Chandigarh,Affiliate,Female,45-54
7817,2025-05-28,Pune,Paid Search,Male,25-34
7818,2025-12-14,Lucknow,Paid Social,Male,18-24
7819,2024-12-03,Gorakhpur,Paid Search,Male,25-34
7820,2025-12-22,Chandigarh,Affiliate,Male,45-54
7821,2025-03-23,Lucknow,Direct,Male,18-24
7822,2025-11-01,Kolkata,Paid Social,Male,45-54
7823,2025-05-31,Delhi,Organic Search,Female,18-24
7824,2025-02-05,Indore,Email,Male,18-24
7825,2025-03-13,Chennai,Paid Search,Female,18-24
7826,2025-11-04,Jaipur,Paid Search,Female,25-34
7827,2024-11-11,Gorakhpur,Paid Social,Male,18-24
7828,2025-03-26,Kolkata,Organic Search,Female,18-24
7829,2024-11-23,Jaipur,Paid Search,Female,18-24
7830,2025-10-07,Jaipur,Paid Social,Male,35-44
7831,2025-11-30,Chennai,Organic Search,Female,25-34
7832,2025-04-19,Mumbai,Paid Search,Female,25-34
7833,2024-12-20,Chennai,Organic Search,Male,18-24
7834,2024-11-01,Kolkata,Paid Social,Female,45-54
7835,2025-09-22,Kolkata,Paid Social,Female,35-44
7836,2025-02-05,Kolkata,Referral,Male,25-34
7837,2025-08-31,Ahmedabad,Paid Social,Male,25-34
7838,2024-11-20,Chennai,Email,Female,25-34
7839,2025-10-06,Gorakhpur,Email,Female,25-34
7840,2025-01-14,Delhi,Referral,Female,35-44
7841,2024-11-02,Ahmedabad,Paid Social,Male,45-54
7842,2025-11-10,Delhi,Organic Search,Male,18-24
7843,2024-11-03,Ahmedabad,Referral,Male,25-34
7844,2025-10-05,Kolkata,Paid Search,Female,35-44
7845,2024-11-04,Kolkata,Paid Search,Male,45-54
7846,2025-04-16,Bhopal,Affiliate,Female,35-44
7847,2024-11-03,Ahmedabad,Referral,Other,18-24
7848,2025-04-01,Mumbai,Referral,Male,25-34
7849,2025-04-27,Bengaluru,Organic Search,Male,25-34
7850,2024-11-02,Kochi,Organic Search,Male,45-54
7851,2024-11-27,Ahmedabad,Affiliate,Female,25-34
7852,2025-12-20,Ahmedabad,Referral,Female,35-44
7853,2025-10-21,Jaipur,Paid Search,Male,25-34
7854,2024-11-06,Hyderabad,Organic Search,Female,35-44
7855,2025-11-20,Chandigarh,Organic Search,Male,25-34
7856,2024-11-18,Gorakhpur,Paid Search,Female,35-44
7857,2024-12-19,Lucknow,Organic Search,Male,25-34
7858,2025-04-13,Bhopal,Referral,Female,35-44
7859,2024-12-30,Jaipur,Direct,Female,35-44
7860,2025-01-23,Jaipur,Paid Social,Female,45-54
7861,2025-09-02,Lucknow,Affiliate,Female,35-44
7862,2025-07-29,Kolkata,Organic Search,Other,25-34
7863,2025-03-11,Gorakhpur,Paid Social,Male,18-24
7864,2024-12-26,Jaipur,Email,Female,45-54
7865,2025-01-23,Indore,Organic Search,Female,45-54
7866,2025-12-10,Bengaluru,Direct,Male,18-24
7867,2025-02-24,Gorakhpur,Organic Search,Male,25-34
7868,2025-08-05,Indore,Referral,Female,35-44
7869,2024-12-01,Chandigarh,Paid Social,Male,45-54
7870,2025-04-28,Mumbai,Paid Social,Female,35-44
7871,2025-02-09,Lucknow,Organic Search,Male,25-34
7872,2025-01-11,Bhopal,Organic Search,Female,25-34
7873,2025-08-31,Gorakhpur,Paid Social,Male,18-24
7874,2025-12-24,Delhi,Direct,Male,45-54
7875,2025-09-17,Mumbai,Paid Social,Female,35-44
7876,2024-11-04,Delhi,Paid Search,Female,18-24
7877,2024-11-06,Ahmedabad,Organic Search,Female,35-44
7878,2025-01-07,Pune,Email,Female,18-24
7879,2025-05-09,Chennai,Direct,Female,18-24
7880,2025-05-06,Bengaluru,Direct,Male,35-44
7881,2025-02-12,Chandigarh,Paid Search,Female,35-44
7882,2024-11-23,Hyderabad,Paid Social,Female,35-44
7883,2024-11-09,Hyderabad,Affiliate,Female,35-44
7884,2024-11-13,Bengaluru,Direct,Female,25-34
7885,2025-08-29,Chandigarh,Referral,Male,45-54
7886,2025-12-27,Kolkata,Organic Search,Female,45-54
7887,2024-11-01,Delhi,Paid Social,Male,35-44
7888,2025-10-15,Pune,Paid Search,Female,35-44
7889,2025-04-27,Mumbai,Paid Social,Female,25-34
7890,2024-11-21,Kochi,Direct,Male,45-54
7891,2025-06-25,Chennai,Direct,Female,18-24
7892,2025-01-07,Bhopal,Paid Search,Female,18-24
7893,2025-02-07,Kochi,Direct,Female,45-54
7894,2025-12-11,Mumbai,Paid Social,Female,35-44
7895,2024-11-24,Delhi,Paid Social,Female,35-44
7896,2025-12-26,Kolkata,Email,Female,18-24
7897,2025-11-04,Ahmedabad,Referral,Female,45-54
7898,2025-10-23,Pune,Email,Female,18-24
7899,2025-06-19,Chennai,Paid Social,Female,35-44
7900,2025-06-04,Ahmedabad,Paid Search,Male,18-24
7901,2024-12-01,Mumbai,Organic Search,Male,18-24
7902,2025-11-16,Bhopal,Paid Social,Female,18-24
7903,2025-02-02,Bhopal,Organic Search,Female,18-24
7904,2025-06-14,Jaipur,Paid Search,Female,18-24
7905,2025-06-10,Kochi,Paid Search,Male,45-54
7906,2024-11-24,Chennai,Referral,Female,45-54
7907,2025-01-22,Pune,Affiliate,Female,18-24
7908,2025-04-22,Kochi,Direct,Male,35-44
7909,2024-12-29,Kolkata,Organic Search,Male,45-54
7910,2025-04-14,Kochi,Referral,Female,18-24
7911,2025-02-15,Pune,Paid Social,Male,25-34
7912,2025-01-02,Kochi,Direct,Female,18-24
7913,2024-12-18,Chennai,Referral,Male,45-54
7914,2025-11-22,Bhopal,Organic Search,Male,25-34
7915,2024-11-16,Bengaluru,Referral,Male,35-44
7916,2024-11-16,Mumbai,Organic Search,Female,35-44
7917,2025-02-07,Chandigarh,Paid Social,Male,35-44
7918,2024-11-11,Lucknow,Direct,Female,35-44
7919,2025-11-07,Chennai,Paid Search,Female,45-54
7920,2024-12-28,Hyderabad,Paid Social,Male,25-34
7921,2024-11-11,Kochi,Paid Search,Female,35-44
7922,2024-11-01,Chennai,Organic Search,Male,35-44
7923,2024-11-12,Hyderabad,Direct,Female,18-24
7924,2025-11-15,Pune,Direct,Male,25-34
7925,2025-05-24,Bengaluru,Affiliate,Male,18-24
7926,2025-05-27,Lucknow,Paid Search,Male,35-44
7927,2025-02-28,Mumbai,Paid Social,Male,25-34
7928,2025-12-20,Indore,Paid Social,Male,35-44
7929,2025-05-27,Kochi,Paid Search,Female,25-34
7930,2024-12-22,Gorakhpur,Paid Social,Male,45-54
7931,2024-12-16,Ahmedabad,Affiliate,Female,45-54
7932,2025-03-22,Kochi,Paid Social,Male,25-34
7933,2024-11-07,Indore,Affiliate,Female,35-44
7934,2024-11-04,Chandigarh,Referral,Male,45-54
7935,2024-11-01,Mumbai,Email,Female,45-54
7936,2025-04-16,Pune,Direct,Male,35-44
7937,2024-11-25,Indore,Organic Search,Male,35-44
7938,2024-11-02,Bhopal,Paid Social,Male,18-24
7939,2025-04-04,Delhi,Paid Search,Female,18-24
7940,2025-02-05,Bhopal,Organic Search,Male,25-34
7941,2024-12-29,Gorakhpur,Paid Search,Female,35-44
7942,2025-10-02,Indore,Organic Search,Male,45-54
7943,2024-11-27,Gorakhpur,Paid Search,Male,18-24
7944,2025-03-25,Indore,Paid Search,Male,18-24
7945,2025-02-04,Mumbai,Affiliate,Male,25-34
7946,2025-12-04,Ahmedabad,Affiliate,Male,35-44
7947,2025-05-09,Delhi,Email,Male,25-34
7948,2024-12-05,Delhi,Referral,Female,45-54
7949,2025-03-20,Kochi,Paid Social,Male,25-34
7950,2025-03-29,Chandigarh,Paid Social,Male,18-24
7951,2025-02-16,Indore,Direct,Female,35-44
7952,2024-11-10,Delhi,Paid Social,Female,45-54
7953,2024-11-30,Gorakhpur,Organic Search,Female,45-54
7954,2025-10-02,Chandigarh,Organic Search,Female,35-44
7955,2025-07-11,Pune,Organic Search,Female,45-54
7956,2025-05-04,Pune,Email,Female,45-54
7957,2024-11-06,Pune,Direct,Female,18-24
7958,2025-12-15,Lucknow,Direct,Female,35-44
7959,2024-12-10,Gorakhpur,Email,Male,18-24
7960,2025-10-03,Chennai,Paid Search,Male,45-54
7961,2025-03-18,Indore,Affiliate,Male,45-54
7962,2024-12-31,Ahmedabad,Affiliate,Female,35-44
7963,2025-03-01,Indore,Paid Social,Male,45-54
7964,2025-12-04,Mumbai,Affiliate,Female,25-34
7965,2024-11-09,Mumbai,Paid Social,Male,18-24
7966,2024-12-14,Mumbai,Organic Search,Female,35-44
7967,2024-11-30,Gorakhpur,Referral,Female,35-44
7968,2025-02-09,Jaipur,Paid Search,Male,35-44
7969,2025-07-05,Delhi,Email,Female,25-34
7970,2024-11-28,Bhopal,Email,Female,45-54
7971,2025-08-16,Chennai,Paid Search,Male,45-54
7972,2024-11-05,Chandigarh,Affiliate,Male,35-44
7973,2024-12-05,Mumbai,Affiliate,Female,18-24
7974,2025-12-20,Jaipur,Referral,Male,25-34
7975,2025-03-12,Hyderabad,Organic Search,Male,18-24
7976,2025-02-16,Jaipur,Referral,Female,45-54
7977,2025-06-02,Lucknow,Paid Search,Other,25-34
7978,2025-02-25,Lucknow,Paid Social,Female,45-54
7979,2025-09-20,Indore,Paid Social,Male,25-34
7980,2025-04-08,Gorakhpur,Organic Search,Female,45-54
7981,2025-10-18,Jaipur,Affiliate,Female,25-34
7982,2025-08-21,Gorakhpur,Paid Search,Female,35-44
7983,2025-02-05,Chennai,Paid Social,Female,18-24
7984,2025-02-23,Bengaluru,Paid Search,Female,25-34
7985,2025-11-06,Jaipur,Paid Social,Female,25-34
7986,2025-11-06,Mumbai,Paid Search,Male,18-24
7987,2025-06-11,Lucknow,Affiliate,Male,25-34
7988,2025-03-29,Chandigarh,Paid Social,Male,35-44
7989,2025-03-17,Jaipur,Paid Search,Male,35-44
7990,2025-03-28,Hyderabad,Direct,Female,35-44
7991,2025-02-17,Chennai,Paid Social,Male,25-34
7992,2024-12-07,Chandigarh,Organic Search,Female,45-54
7993,2025-02-13,Bengaluru,Email,Male,45-54
7994,2024-12-06,Mumbai,Email,Female,18-24
7995,2025-07-09,Mumbai,Direct,Other,35-44
7996,2025-01-14,Lucknow,Paid Social,Female,25-34
7997,2025-07-13,Pune,Affiliate,Male,25-34
7998,2025-03-15,Ahmedabad,Direct,Female,25-34
7999,2025-03-14,Hyderabad,Direct,Female,18-24
8000,2025-08-31,Bhopal,Paid Search,Female,18-24
8001,2024-12-28,Jaipur,Email,Female,45-54
8002,2024-11-20,Delhi,Organic Search,Male,45-54
8003,2025-12-13,Pune,Paid Social,Female,35-44
8004,2025-11-15,Chennai,Paid Social,Male,35-44
8005,2024-11-05,Chennai,Paid Search,Male,18-24
8006,2025-01-13,Kolkata,Email,Male,45-54
8007,2025-05-19,Bengaluru,Organic Search,Male,25-34
8008,2025-10-30,Bengaluru,Direct,Male,45-54
8009,2025-04-12,Lucknow,Direct,Female,25-34
8010,2025-01-06,Chennai,Referral,Female,18-24
8011,2025-04-22,Chandigarh,Affiliate,Male,45-54
8012,2025-04-08,Bhopal,Affiliate,Male,35-44
8013,2025-01-09,Indore,Paid Social,Female,18-24
8014,2025-09-09,Pune,Paid Search,Other,18-24
8015,2025-12-10,Bhopal,Paid Social,Male,35-44
8016,2025-10-28,Bhopal,Referral,Female,35-44
8017,2025-02-14,Pune,Affiliate,Female,25-34
8018,2024-11-04,Gorakhpur,Direct,Female,35-44
8019,2025-05-08,Hyderabad,Paid Search,Female,18-24
8020,2024-11-07,Kochi,Email,Male,35-44
8021,2025-10-09,Gorakhpur,Paid Social,Female,45-54
8022,2025-05-22,Mumbai,Organic Search,Male,35-44
8023,2025-11-29,Jaipur,Paid Social,Female,18-24
8024,2024-11-01,Bengaluru,Email,Female,45-54
8025,2024-12-18,Lucknow,Paid Social,Female,25-34
8026,2024-12-31,Chandigarh,Referral,Female,25-34
8027,2025-01-23,Bhopal,Organic Search,Male,25-34
8028,2025-09-30,Delhi,Paid Social,Female,45-54
8029,2024-11-05,Jaipur,Referral,Female,45-54
8030,2025-05-08,Mumbai,Direct,Other,18-24
8031,2024-11-26,Chandigarh,Email,Male,35-44
8032,2024-11-27,Bengaluru,Direct,Male,18-24
8033,2025-01-25,Bengaluru,Paid Social,Female,18-24
8034,2025-01-15,Kochi,Organic Search,Male,18-24
8035,2025-08-11,Gorakhpur,Paid Social,Female,35-44
8036,2025-03-12,Kochi,Affiliate,Male,45-54
8037,2025-10-12,Kochi,Affiliate,Male,18-24
8038,2025-06-24,Chandigarh,Email,Male,25-34
8039,2024-11-15,Ahmedabad,Paid Search,Female,35-44
8040,2025-01-04,Kolkata,Paid Social,Female,35-44
8041,2024-12-25,Pune,Paid Search,Female,25-34
8042,2024-12-17,Gorakhpur,Paid Social,Male,25-34
8043,2025-03-25,Kochi,Affiliate,Female,25-34
8044,2025-10-03,Pune,Direct,Male,35-44
8045,2025-08-06,Lucknow,Referral,Male,25-34
8046,2025-08-14,Indore,Paid Search,Female,18-24
8047,2025-07-08,Kochi,Paid Social,Female,35-44
8048,2024-11-01,Gorakhpur,Organic Search,Female,35-44
8049,2025-09-25,Pune,Email,Male,25-34
8050,2025-10-14,Delhi,Affiliate,Male,35-44
8051,2025-04-18,Jaipur,Affiliate,Female,18-24
8052,2025-05-30,Hyderabad,Paid Search,Female,45-54
8053,2025-02-14,Lucknow,Paid Social,Female,25-34
8054,2025-02-28,Hyderabad,Organic Search,Female,25-34
8055,2025-01-19,Kochi,Paid Search,Female,18-24
8056,2025-02-16,Lucknow,Affiliate,Female,45-54
8057,2025-02-21,Kolkata,Paid Search,Male,45-54
8058,2025-07-29,Mumbai,Direct,Male,25-34
8059,2025-10-22,Kochi,Organic Search,Female,35-44
8060,2025-04-26,Hyderabad,Direct,Female,45-54
8061,2025-10-03,Bhopal,Paid Search,Male,35-44
8062,2025-02-15,Chennai,Email,Male,18-24
8063,2025-05-22,Kolkata,Affiliate,Male,25-34
8064,2025-08-23,Gorakhpur,Direct,Male,45-54
8065,2025-03-14,Kochi,Direct,Female,45-54
8066,2025-03-11,Kochi,Paid Search,Other,35-44
8067,2024-11-02,Kochi,Affiliate,Male,18-24
8068,2024-11-18,Indore,Paid Social,Female,18-24
8069,2025-01-22,Pune,Referral,Male,18-24
8070,2025-05-28,Indore,Affiliate,Male,35-44
8071,2025-03-02,Chennai,Paid Social,Female,25-34
8072,2025-03-17,Pune,Referral,Male,35-44
8073,2025-01-21,Indore,Direct,Male,45-54
8074,2025-02-03,Chandigarh,Affiliate,Male,25-34
8075,2024-12-14,Pune,Paid Social,Male,18-24
8076,2025-07-03,Bengaluru,Referral,Other,35-44
8077,2025-11-28,Gorakhpur,Affiliate,Female,45-54
8078,2025-11-13,Jaipur,Paid Search,Male,25-34
8079,2025-03-10,Gorakhpur,Paid Search,Female,45-54
8080,2024-11-05,Lucknow,Direct,Other,25-34
8081,2025-07-18,Kolkata,Direct,Male,18-24
8082,2024-12-12,Chandigarh,Email,Male,18-24
8083,2025-08-18,Ahmedabad,Organic Search,Female,35-44
8084,2024-12-21,Bhopal,Organic Search,Male,35-44
8085,2024-12-02,Bengaluru,Paid Social,Male,45-54
8086,2025-08-26,Hyderabad,Paid Search,Female,45-54
8087,2025-06-18,Pune,Paid Social,Female,45-54
8088,2025-12-26,Mumbai,Paid Search,Male,45-54
8089,2024-12-01,Lucknow,Direct,Female,45-54
8090,2025-08-27,Delhi,Paid Social,Female,18-24
8091,2025-02-02,Kolkata,Organic Search,Male,18-24
8092,2025-03-12,Hyderabad,Paid Search,Female,18-24
8093,2024-11-01,Hyderabad,Organic Search,Male,35-44
8094,2025-09-09,Delhi,Paid Search,Female,45-54
8095,2025-01-01,Kolkata,Organic Search,Male,25-34
8096,2025-07-31,Pune,Paid Social,Female,18-24
8097,2024-11-10,Lucknow,Paid Social,Male,18-24
8098,2024-11-14,Lucknow,Direct,Male,45-54
8099,2025-10-26,Mumbai,Organic Search,Other,25-34
8100,2025-04-14,Bhopal,Referral,Female,45-54
8101,2025-11-04,Mumbai,Paid Search,Male,25-34
8102,2024-11-02,Hyderabad,Organic Search,Male,18-24
8103,2025-12-26,Kolkata,Direct,Other,45-54
8104,2025-05-31,Hyderabad,Paid Social,Male,35-44
8105,2025-09-10,Hyderabad,Paid Search,Male,35-44
8106,2025-10-13,Bhopal,Direct,Other,25-34
8107,2025-04-03,Hyderabad,Paid Social,Female,45-54
8108,2024-12-14,Gorakhpur,Direct,Male,18-24
8109,2025-07-18,Indore,Organic Search,Female,45-54
8110,2025-03-10,Chandigarh,Organic Search,Female,45-54
8111,2025-04-25,Kolkata,Affiliate,Female,18-24
8112,2025-11-26,Hyderabad,Paid Social,Female,45-54
8113,2025-05-16,Kochi,Organic Search,Male,35-44
8114,2025-06-15,Hyderabad,Direct,Male,25-34
8115,2025-02-04,Ahmedabad,Paid Search,Male,45-54
8116,2025-05-02,Jaipur,Paid Social,Male,35-44
8117,2025-10-01,Delhi,Organic Search,Male,45-54
8118,2025-02-24,Ahmedabad,Paid Search,Female,45-54
8119,2025-11-07,Pune,Organic Search,Female,45-54
8120,2025-07-01,Delhi,Email,Male,45-54
8121,2025-01-06,Pune,Affiliate,Female,35-44
8122,2025-03-15,Jaipur,Organic Search,Female,18-24
8123,2024-12-28,Indore,Paid Social,Male,45-54
8124,2025-08-28,Delhi,Paid Search,Male,35-44
8125,2024-12-17,Ahmedabad,Direct,Female,25-34
8126,2025-02-16,Bhopal,Paid Search,Female,45-54
8127,2024-12-09,Bengaluru,Paid Social,Female,25-34
8128,2025-01-26,Gorakhpur,Email,Female,18-24
8129,2025-07-09,Chennai,Paid Search,Female,25-34
8130,2025-11-30,Hyderabad,Organic Search,Female,18-24
8131,2025-07-12,Gorakhpur,Direct,Male,35-44
8132,2025-04-21,Ahmedabad,Organic Search,Female,18-24
8133,2025-08-26,Bengaluru,Referral,Female,18-24
8134,2025-07-02,Kochi,Direct,Male,25-34
8135,2025-02-28,Lucknow,Paid Social,Female,18-24
8136,2024-11-08,Bengaluru,Email,Female,35-44
8137,2025-04-20,Mumbai,Paid Social,Male,25-34
8138,2025-11-07,Indore,Organic Search,Male,35-44
8139,2024-11-01,Mumbai,Organic Search,Female,45-54
8140,2025-01-13,Lucknow,Affiliate,Female,45-54
8141,2024-11-04,Chennai,Email,Male,35-44
8142,2024-12-17,Bengaluru,Paid Search,Male,45-54
8143,2024-11-08,Indore,Affiliate,Male,18-24
8144,2025-12-02,Mumbai,Paid Social,Male,25-34
8145,2025-11-09,Lucknow,Direct,Male,45-54
8146,2024-11-05,Ahmedabad,Referral,Female,25-34
8147,2025-08-24,Pune,Direct,Male,45-54
8148,2025-12-28,Kolkata,Direct,Female,35-44
8149,2024-12-19,Bhopal,Paid Search,Female,25-34
8150,2025-01-07,Kochi,Paid Social,Female,25-34
8151,2025-01-05,Chandigarh,Email,Female,35-44
8152,2025-06-09,Kolkata,Direct,Male,45-54
8153,2025-01-14,Mumbai,Paid Social,Male,25-34
8154,2025-03-20,Chandigarh,Paid Search,Female,18-24
8155,2025-01-31,Jaipur,Paid Social,Female,18-24
8156,2025-04-21,Kochi,Direct,Female,45-54
8157,2024-11-03,Ahmedabad,Organic Search,Male,45-54
8158,2025-09-24,Bengaluru,Paid Social,Female,35-44
8159,2024-11-10,Pune,Paid Social,Male,35-44
8160,2025-08-05,Ahmedabad,Direct,Male,18-24
8161,2025-04-03,Chennai,Organic Search,Male,18-24
8162,2025-01-11,Ahmedabad,Organic Search,Male,45-54
8163,2025-12-17,Kolkata,Email,Female,45-54
8164,2024-11-03,Mumbai,Organic Search,Female,18-24
8165,2024-12-31,Bhopal,Email,Female,45-54
8166,2025-06-07,Gorakhpur,Organic Search,Female,45-54
8167,2025-04-06,Hyderabad,Email,Female,45-54
8168,2024-11-22,Lucknow,Referral,Male,45-54
8169,2025-02-03,Gorakhpur,Direct,Female,35-44
8170,2024-11-15,Mumbai,Paid Search,Female,18-24
8171,2025-08-23,Mumbai,Paid Search,Male,45-54
8172,2025-01-18,Indore,Referral,Male,18-24
8173,2024-11-01,Ahmedabad,Paid Search,Male,25-34
8174,2025-03-24,Chennai,Referral,Female,18-24
8175,2025-04-03,Ahmedabad,Paid Search,Female,18-24
8176,2025-02-20,Indore,Paid Search,Female,25-34
8177,2025-08-24,Chandigarh,Organic Search,Female,18-24
8178,2024-12-19,Gorakhpur,Organic Search,Male,25-34
8179,2024-11-13,Delhi,Organic Search,Male,45-54
8180,2025-04-06,Kochi,Organic Search,Female,35-44
8181,2025-08-16,Jaipur,Organic Search,Male,18-24
8182,2024-11-26,Chennai,Affiliate,Male,35-44
8183,2025-08-30,Gorakhpur,Direct,Male,45-54
8184,2025-05-03,Kochi,Affiliate,Female,18-24
8185,2024-11-27,Chennai,Affiliate,Male,25-34
8186,2024-11-05,Mumbai,Organic Search,Male,18-24
8187,2024-11-21,Gorakhpur,Paid Search,Female,18-24
8188,2025-09-24,Delhi,Email,Male,45-54
8189,2025-07-09,Hyderabad,Paid Search,Male,35-44
8190,2025-05-17,Lucknow,Email,Female,18-24
8191,2025-02-03,Chandigarh,Email,Female,45-54
8192,2024-11-21,Bhopal,Paid Search,Male,35-44
8193,2025-04-09,Kochi,Paid Social,Male,45-54
8194,2025-09-28,Chandigarh,Organic Search,Female,45-54
8195,2025-03-27,Delhi,Organic Search,Male,25-34
8196,2024-11-27,Chennai,Email,Female,18-24
8197,2025-02-02,Lucknow,Paid Social,Female,45-54
8198,2025-09-06,Bhopal,Affiliate,Male,45-54
8199,2025-11-02,Jaipur,Affiliate,Male,35-44
8200,2025-10-20,Bengaluru,Affiliate,Male,45-54
8201,2025-02-03,Jaipur,Paid Search,Female,25-34
8202,2025-09-25,Chandigarh,Affiliate,Male,18-24
8203,2025-07-30,Bengaluru,Paid Social,Female,35-44
8204,2025-09-16,Bengaluru,Direct,Male,45-54
8205,2025-10-18,Lucknow,Paid Social,Male,25-34
8206,2025-03-08,Bengaluru,Direct,Female,45-54
8207,2025-10-15,Gorakhpur,Referral,Male,35-44
8208,2025-07-25,Bengaluru,Affiliate,Female,18-24
8209,2024-11-16,Lucknow,Direct,Female,45-54
8210,2025-02-17,Hyderabad,Paid Social,Female,18-24
8211,2025-01-08,Bengaluru,Direct,Male,18-24
8212,2025-10-22,Chennai,Paid Search,Male,35-44
8213,2025-01-01,Jaipur,Organic Search,Female,18-24
8214,2025-04-09,Pune,Organic Search,Female,25-34
8215,2025-03-25,Chandigarh,Paid Search,Female,25-34
8216,2025-01-17,Bengaluru,Paid Social,Female,25-34
8217,2025-12-05,Chennai,Paid Social,Male,18-24
8218,2024-11-14,Pune,Paid Social,Female,18-24
8219,2025-08-25,Ahmedabad,Paid Search,Male,35-44
8220,2024-11-01,Hyderabad,Paid Social,Other,18-24
8221,2025-10-11,Mumbai,Direct,Female,35-44
8222,2025-07-26,Mumbai,Affiliate,Female,18-24
8223,2025-03-17,Bengaluru,Direct,Male,35-44
8224,2024-11-06,Lucknow,Paid Search,Male,25-34
8225,2024-12-07,Ahmedabad,Affiliate,Female,25-34
8226,2025-08-16,Lucknow,Paid Social,Male,35-44
8227,2025-02-26,Kochi,Paid Search,Male,18-24
8228,2025-04-21,Chennai,Organic Search,Female,25-34
8229,2025-05-09,Bengaluru,Paid Social,Female,25-34
8230,2025-02-11,Mumbai,Organic Search,Female,18-24
8231,2024-12-04,Kochi,Organic Search,Female,18-24
8232,2024-11-18,Kochi,Paid Social,Female,25-34
8233,2025-10-21,Pune,Paid Social,Male,45-54
8234,2025-01-01,Chennai,Referral,Male,25-34
8235,2024-11-09,Indore,Paid Social,Male,35-44
8236,2025-01-27,Chandigarh,Paid Search,Female,18-24
8237,2025-07-29,Mumbai,Paid Search,Male,45-54
8238,2025-06-29,Bhopal,Affiliate,Male,45-54
8239,2025-05-16,Bhopal,Paid Search,Female,25-34
8240,2024-12-14,Bengaluru,Direct,Female,18-24
8241,2024-12-26,Hyderabad,Affiliate,Female,25-34
8242,2025-06-24,Chandigarh,Paid Search,Female,45-54
8243,2024-11-01,Bengaluru,Organic Search,Male,25-34
8244,2025-03-19,Bengaluru,Paid Social,Male,25-34
8245,2025-08-10,Kolkata,Paid Search,Male,45-54
8246,2025-03-28,Chandigarh,Paid Search,Female,25-34
8247,2025-02-02,Ahmedabad,Direct,Female,45-54
8248,2025-11-29,Jaipur,Organic Search,Female,25-34
8249,2025-12-11,Jaipur,Paid Search,Female,25-34
8250,2024-12-03,Bengaluru,Email,Male,18-24
8251,2024-11-10,Lucknow,Affiliate,Male,35-44
8252,2025-03-05,Gorakhpur,Organic Search,Female,18-24
8253,2025-03-31,Delhi,Email,Female,45-54
8254,2025-09-18,Jaipur,Paid Social,Male,25-34
8255,2025-03-23,Bhopal,Direct,Female,45-54
8256,2024-11-01,Bhopal,Paid Social,Male,18-24
8257,2025-10-10,Lucknow,Organic Search,Female,25-34
8258,2025-01-26,Pune,Paid Search,Female,18-24
8259,2025-02-15,Gorakhpur,Affiliate,Female,25-34
8260,2024-11-22,Gorakhpur,Paid Social,Male,45-54
8261,2025-12-26,Hyderabad,Paid Search,Female,18-24
8262,2025-04-04,Indore,Paid Social,Female,35-44
8263,2025-10-16,Bhopal,Paid Social,Female,45-54
8264,2025-04-13,Kochi,Organic Search,Male,35-44
8265,2025-10-24,Hyderabad,Paid Search,Female,35-44
8266,2025-04-08,Ahmedabad,Email,Male,25-34
8267,2025-02-02,Hyderabad,Organic Search,Female,18-24
8268,2025-02-16,Indore,Paid Search,Female,18-24
8269,2025-01-08,Bhopal,Direct,Male,35-44
8270,2024-12-09,Ahmedabad,Organic Search,Male,18-24
8271,2025-09-19,Jaipur,Organic Search,Female,35-44
8272,2025-07-02,Ahmedabad,Affiliate,Female,45-54
8273,2025-07-18,Jaipur,Email,Female,35-44
8274,2025-12-26,Chandigarh,Organic Search,Male,45-54
8275,2025-04-08,Hyderabad,Direct,Male,45-54
8276,2024-12-03,Kochi,Organic Search,Female,18-24
8277,2025-09-18,Kolkata,Direct,Other,35-44
8278,2025-03-12,Indore,Direct,Female,25-34
8279,2025-09-15,Jaipur,Paid Search,Female,25-34
8280,2025-07-11,Gorakhpur,Organic Search,Male,45-54
8281,2025-02-10,Jaipur,Organic Search,Female,18-24
8282,2025-11-08,Pune,Paid Search,Male,45-54
8283,2024-12-18,Mumbai,Organic Search,Female,45-54
8284,2024-12-31,Delhi,Referral,Female,45-54
8285,2025-03-26,Kolkata,Paid Social,Female,25-34
8286,2025-01-07,Kochi,Paid Social,Female,35-44
8287,2025-01-13,Kolkata,Affiliate,Female,25-34
8288,2025-04-24,Ahmedabad,Organic Search,Female,45-54
8289,2025-03-08,Kolkata,Paid Social,Male,18-24
8290,2025-01-06,Mumbai,Affiliate,Female,25-34
8291,2025-02-22,Hyderabad,Email,Male,25-34
8292,2025-12-23,Chandigarh,Direct,Female,45-54
8293,2024-11-18,Bhopal,Paid Social,Female,45-54
8294,2024-11-29,Kolkata,Paid Social,Other,18-24
8295,2024-12-10,Ahmedabad,Paid Social,Female,18-24
8296,2025-04-17,Ahmedabad,Paid Social,Male,18-24
8297,2025-07-02,Lucknow,Affiliate,Female,25-34
8298,2025-03-12,Bengaluru,Direct,Male,18-24
8299,2024-11-04,Kochi,Organic Search,Female,35-44
8300,2025-09-27,Bengaluru,Direct,Male,45-54
8301,2024-11-07,Bengaluru,Direct,Male,18-24
8302,2024-11-01,Kolkata,Paid Search,Female,35-44
8303,2025-01-04,Bhopal,Referral,Male,18-24
8304,2024-11-05,Jaipur,Paid Search,Male,45-54
8305,2024-11-17,Ahmedabad,Direct,Male,25-34
8306,2025-08-28,Gorakhpur,Organic Search,Female,25-34
8307,2025-01-15,Lucknow,Direct,Female,45-54
8308,2025-06-21,Bengaluru,Affiliate,Female,25-34
8309,2024-11-23,Kolkata,Paid Social,Female,45-54
8310,2025-04-22,Indore,Organic Search,Female,45-54
8311,2025-07-27,Mumbai,Organic Search,Male,18-24
8312,2024-12-06,Bengaluru,Email,Male,35-44
8313,2024-11-02,Pune,Organic Search,Female,45-54
8314,2025-12-26,Pune,Email,Female,35-44
8315,2025-08-03,Delhi,Paid Social,Male,35-44
8316,2024-11-05,Hyderabad,Paid Social,Female,45-54
8317,2025-06-13,Mumbai,Paid Social,Other,18-24
8318,2024-11-22,Lucknow,Paid Social,Male,25-34
8319,2025-07-08,Jaipur,Referral,Female,45-54
8320,2025-01-16,Bhopal,Paid Search,Male,35-44
8321,2025-04-19,Bengaluru,Direct,Female,18-24
8322,2025-06-14,Delhi,Email,Male,25-34
8323,2025-08-03,Kochi,Organic Search,Female,35-44
8324,2025-07-15,Gorakhpur,Organic Search,Female,25-34
8325,2025-05-09,Indore,Paid Search,Female,35-44
8326,2024-12-10,Delhi,Affiliate,Male,35-44
8327,2025-01-17,Kolkata,Paid Search,Male,45-54
8328,2025-06-25,Bhopal,Direct,Male,35-44
8329,2025-12-29,Ahmedabad,Email,Female,45-54
8330,2025-07-09,Ahmedabad,Email,Female,25-34
8331,2025-06-08,Lucknow,Paid Social,Male,45-54
8332,2025-02-27,Gorakhpur,Email,Male,18-24
8333,2024-11-02,Jaipur,Paid Search,Female,25-34
8334,2025-05-14,Lucknow,Organic Search,Female,45-54
8335,2025-05-26,Delhi,Organic Search,Female,45-54
8336,2025-01-21,Lucknow,Paid Social,Female,18-24
8337,2025-12-09,Delhi,Email,Female,18-24
8338,2024-11-01,Ahmedabad,Direct,Male,18-24
8339,2025-01-23,Jaipur,Affiliate,Male,25-34
8340,2024-12-21,Bhopal,Referral,Female,18-24
8341,2025-06-02,Hyderabad,Referral,Female,35-44
8342,2024-12-24,Ahmedabad,Direct,Male,18-24
8343,2025-02-12,Mumbai,Direct,Male,25-34
8344,2025-05-03,Pune,Direct,Female,45-54
8345,2025-04-08,Bhopal,Affiliate,Female,35-44
8346,2025-05-17,Hyderabad,Direct,Other,18-24
8347,2024-11-22,Gorakhpur,Organic Search,Female,18-24
8348,2024-11-28,Delhi,Paid Social,Female,18-24
8349,2025-01-08,Ahmedabad,Paid Social,Male,25-34
8350,2025-08-06,Ahmedabad,Direct,Female,18-24
8351,2025-01-26,Bengaluru,Organic Search,Male,18-24
8352,2025-05-27,Kolkata,Referral,Male,25-34
8353,2025-02-24,Pune,Organic Search,Male,25-34
8354,2024-11-17,Delhi,Paid Social,Female,45-54
8355,2025-05-10,Indore,Organic Search,Female,45-54
8356,2025-03-27,Indore,Referral,Male,25-34
8357,2025-02-23,Ahmedabad,Email,Female,35-44
8358,2024-11-24,Hyderabad,Referral,Male,45-54
8359,2025-09-15,Lucknow,Organic Search,Male,35-44
8360,2025-01-23,Kochi,Paid Social,Male,25-34
8361,2025-12-18,Ahmedabad,Email,Male,25-34
8362,2025-04-02,Delhi,Paid Social,Male,18-24
8363,2024-11-11,Chennai,Affiliate,Female,35-44
8364,2024-11-25,Ahmedabad,Email,Male,45-54
8365,2025-12-02,Chennai,Paid Social,Male,25-34
8366,2025-12-04,Gorakhpur,Organic Search,Female,25-34
8367,2024-11-07,Gorakhpur,Direct,Female,45-54
8368,2025-01-11,Mumbai,Paid Social,Male,45-54
8369,2025-07-26,Kolkata,Email,Female,18-24
8370,2024-11-19,Chandigarh,Affiliate,Female,18-24
8371,2024-11-26,Pune,Paid Search,Male,35-44
8372,2025-10-18,Gorakhpur,Affiliate,Male,45-54
8373,2024-11-05,Mumbai,Organic Search,Male,35-44
8374,2024-12-10,Bengaluru,Email,Male,45-54
8375,2024-12-01,Bengaluru,Direct,Female,25-34
8376,2025-10-17,Kolkata,Affiliate,Other,25-34
8377,2024-11-26,Gorakhpur,Paid Search,Male,25-34
8378,2025-07-04,Ahmedabad,Email,Female,45-54
8379,2025-08-10,Bhopal,Organic Search,Female,45-54
8380,2025-01-07,Indore,Organic Search,Male,25-34
8381,2025-06-12,Hyderabad,Affiliate,Female,25-34
8382,2025-09-30,Chennai,Organic Search,Female,25-34
8383,2025-07-17,Gorakhpur,Paid Social,Female,35-44
8384,2025-08-30,Lucknow,Affiliate,Male,45-54
8385,2025-06-07,Gorakhpur,Paid Social,Male,45-54
8386,2024-11-27,Hyderabad,Paid Social,Male,18-24
8387,2025-12-08,Indore,Referral,Male,45-54
8388,2025-02-26,Kochi,Direct,Female,25-34
8389,2025-06-10,Chennai,Paid Social,Female,45-54
8390,2024-11-05,Bhopal,Direct,Male,35-44
8391,2024-11-09,Chandigarh,Email,Female,25-34
8392,2024-11-09,Ahmedabad,Paid Search,Female,18-24
8393,2025-03-10,Pune,Paid Search,Female,35-44
8394,2025-02-12,Mumbai,Referral,Male,45-54
8395,2025-07-14,Chandigarh,Direct,Female,18-24
8396,2025-07-10,Pune,Organic Search,Female,18-24
8397,2025-08-06,Delhi,Organic Search,Female,35-44
8398,2025-01-16,Pune,Paid Social,Female,45-54
8399,2025-09-21,Kochi,Affiliate,Male,35-44
8400,2025-07-24,Indore,Email,Female,45-54
8401,2025-03-12,Chandigarh,Paid Social,Female,18-24
8402,2025-02-20,Bengaluru,Paid Social,Male,25-34
8403,2024-12-14,Chandigarh,Organic Search,Female,45-54
8404,2025-08-02,Pune,Organic Search,Male,18-24
8405,2025-10-03,Kochi,Affiliate,Female,35-44
8406,2024-12-08,Ahmedabad,Affiliate,Female,18-24
8407,2025-01-09,Kochi,Affiliate,Female,18-24
8408,2025-11-28,Mumbai,Direct,Male,45-54
8409,2024-11-21,Bhopal,Organic Search,Male,45-54
8410,2024-11-13,Ahmedabad,Email,Female,18-24
8411,2025-02-19,Lucknow,Organic Search,Female,45-54
8412,2025-09-23,Chennai,Paid Search,Male,35-44
8413,2024-11-14,Kochi,Paid Search,Male,45-54
8414,2025-02-24,Hyderabad,Paid Search,Female,35-44
8415,2025-02-12,Bhopal,Organic Search,Male,18-24
8416,2025-04-13,Kolkata,Paid Social,Male,25-34
8417,2024-11-21,Jaipur,Email,Female,45-54
8418,2025-04-09,Ahmedabad,Paid Social,Female,25-34
8419,2024-12-19,Chennai,Organic Search,Male,45-54
8420,2025-04-07,Delhi,Paid Search,Female,35-44
8421,2025-11-08,Indore,Organic Search,Female,18-24
8422,2025-04-22,Bhopal,Paid Search,Female,45-54
8423,2025-09-02,Chennai,Paid Search,Female,25-34
8424,2025-09-25,Hyderabad,Affiliate,Female,25-34
8425,2025-07-14,Kochi,Organic Search,Female,45-54
8426,2025-08-04,Mumbai,Paid Search,Female,25-34
8427,2025-10-30,Pune,Organic Search,Male,45-54
8428,2025-01-04,Kochi,Direct,Male,18-24
8429,2025-05-28,Kolkata,Paid Search,Male,18-24
8430,2025-04-21,Delhi,Direct,Male,25-34
8431,2025-06-07,Lucknow,Paid Social,Female,25-34
8432,2025-03-07,Chandigarh,Paid Search,Female,18-24
8433,2025-01-24,Mumbai,Paid Search,Male,45-54
8434,2025-08-29,Bengaluru,Affiliate,Female,45-54
8435,2025-05-04,Indore,Paid Social,Female,35-44
8436,2024-11-05,Chandigarh,Paid Social,Male,35-44
8437,2024-11-11,Lucknow,Affiliate,Female,25-34
8438,2025-03-18,Mumbai,Paid Search,Other,18-24
8439,2025-05-18,Kolkata,Direct,Male,18-24
8440,2024-11-01,Kolkata,Paid Search,Male,18-24
8441,2025-05-28,Jaipur,Affiliate,Female,35-44
8442,2025-01-04,Bhopal,Organic Search,Male,45-54
8443,2024-11-11,Ahmedabad,Paid Search,Male,35-44
8444,2024-11-24,Bhopal,Organic Search,Male,18-24
8445,2025-04-16,Indore,Organic Search,Female,35-44
8446,2025-04-15,Gorakhpur,Paid Social,Female,45-54
8447,2025-03-14,Indore,Direct,Female,45-54
8448,2024-11-27,Bengaluru,Referral,Female,25-34
8449,2024-11-09,Chandigarh,Organic Search,Female,45-54
8450,2024-11-10,Jaipur,Paid Social,Male,25-34
8451,2025-08-09,Lucknow,Direct,Female,45-54
8452,2025-02-14,Mumbai,Direct,Male,35-44
8453,2025-10-03,Delhi,Referral,Other,18-24
8454,2025-05-07,Bengaluru,Organic Search,Female,45-54
8455,2024-12-12,Lucknow,Paid Social,Male,25-34
8456,2025-02-24,Indore,Affiliate,Male,18-24
8457,2025-04-04,Kochi,Paid Search,Male,45-54
8458,2025-03-23,Gorakhpur,Paid Social,Male,35-44
8459,2024-12-21,Pune,Direct,Female,25-34
8460,2024-11-10,Bengaluru,Paid Search,Female,35-44
8461,2025-06-01,Kolkata,Paid Social,Male,18-24
8462,2025-06-14,Mumbai,Paid Social,Female,35-44
8463,2025-12-19,Hyderabad,Affiliate,Female,25-34
8464,2025-03-08,Chandigarh,Organic Search,Female,45-54
8465,2024-12-14,Bhopal,Paid Search,Female,35-44
8466,2024-11-21,Hyderabad,Referral,Female,25-34
8467,2024-12-17,Indore,Organic Search,Female,35-44
8468,2025-08-24,Lucknow,Paid Search,Male,35-44
8469,2025-11-23,Bengaluru,Organic Search,Female,25-34
8470,2025-01-28,Indore,Organic Search,Female,35-44
8471,2025-08-08,Bengaluru,Direct,Other,35-44
8472,2025-08-14,Bhopal,Organic Search,Female,45-54
8473,2025-09-29,Jaipur,Paid Search,Female,35-44
8474,2025-07-18,Indore,Paid Search,Female,25-34
8475,2025-10-05,Bengaluru,Direct,Male,25-34
8476,2025-05-22,Jaipur,Paid Social,Male,25-34
8477,2025-01-30,Chennai,Paid Search,Female,25-34
8478,2025-09-10,Delhi,Organic Search,Male,18-24
8479,2025-12-12,Chennai,Referral,Male,18-24
8480,2024-11-09,Delhi,Organic Search,Male,45-54
8481,2025-07-25,Hyderabad,Referral,Male,18-24
8482,2025-09-12,Bhopal,Email,Male,45-54
8483,2025-11-11,Kochi,Affiliate,Male,45-54
8484,2024-12-06,Hyderabad,Paid Search,Other,45-54
8485,2024-11-01,Chandigarh,Organic Search,Male,35-44
8486,2024-12-16,Bhopal,Organic Search,Male,18-24
8487,2025-08-24,Gorakhpur,Direct,Male,25-34
8488,2025-12-20,Kolkata,Email,Male,35-44
8489,2025-02-28,Kochi,Direct,Female,45-54
8490,2025-08-20,Chandigarh,Paid Social,Female,18-24
8491,2024-11-23,Kolkata,Paid Social,Female,25-34
8492,2024-11-22,Bhopal,Paid Search,Male,35-44
8493,2025-08-08,Gorakhpur,Affiliate,Female,25-34
8494,2025-05-01,Kolkata,Direct,Female,18-24
8495,2025-02-26,Bhopal,Paid Search,Male,18-24
8496,2025-11-05,Lucknow,Paid Search,Male,25-34
8497,2025-05-10,Mumbai,Paid Social,Female,45-54
8498,2025-06-06,Jaipur,Paid Search,Male,25-34
8499,2024-11-07,Lucknow,Organic Search,Female,45-54
8500,2024-11-01,Ahmedabad,Direct,Female,45-54
8501,2025-08-22,Bengaluru,Organic Search,Female,25-34
8502,2025-05-24,Lucknow,Paid Social,Female,45-54
8503,2025-11-03,Bengaluru,Paid Social,Male,45-54
8504,2025-05-14,Hyderabad,Organic Search,Female,18-24
8505,2025-06-16,Bhopal,Referral,Female,45-54
8506,2025-08-03,Mumbai,Paid Search,Male,18-24
8507,2025-03-03,Indore,Paid Social,Female,25-34
8508,2025-07-01,Chandigarh,Organic Search,Male,18-24
8509,2025-03-24,Jaipur,Paid Social,Male,35-44
8510,2024-12-20,Hyderabad,Affiliate,Male,45-54
8511,2024-11-18,Hyderabad,Organic Search,Female,45-54
8512,2025-12-26,Hyderabad,Email,Male,25-34
8513,2025-08-11,Lucknow,Organic Search,Female,18-24
8514,2025-08-26,Bhopal,Paid Social,Female,25-34
8515,2024-11-04,Ahmedabad,Paid Search,Male,45-54
8516,2025-01-11,Jaipur,Affiliate,Male,35-44
8517,2024-11-27,Jaipur,Paid Search,Male,18-24
8518,2024-11-06,Indore,Paid Search,Female,45-54
8519,2024-11-25,Indore,Organic Search,Male,18-24
8520,2024-11-15,Chennai,Referral,Male,45-54
8521,2025-01-04,Bengaluru,Organic Search,Female,25-34
8522,2024-11-12,Jaipur,Organic Search,Female,18-24
8523,2025-01-04,Kochi,Direct,Female,35-44
8524,2025-04-01,Kochi,Paid Search,Female,35-44
8525,2025-05-13,Kolkata,Organic Search,Female,35-44
8526,2024-11-14,Kochi,Paid Social,Female,45-54
8527,2024-11-09,Mumbai,Email,Female,35-44
8528,2024-12-10,Bengaluru,Referral,Male,18-24
8529,2025-03-03,Delhi,Direct,Male,18-24
8530,2024-12-10,Delhi,Email,Female,18-24
8531,2024-11-07,Bengaluru,Direct,Female,18-24
8532,2025-09-13,Mumbai,Paid Social,Male,35-44
8533,2025-02-02,Kochi,Paid Social,Male,45-54
8534,2024-11-03,Delhi,Paid Search,Male,25-34
8535,2024-11-03,Chennai,Direct,Female,18-24
8536,2025-02-20,Hyderabad,Affiliate,Male,35-44
8537,2024-12-11,Chennai,Referral,Female,45-54
8538,2025-07-04,Chennai,Paid Search,Male,18-24
8539,2025-01-06,Pune,Affiliate,Female,18-24
8540,2025-03-14,Bhopal,Organic Search,Female,18-24
8541,2025-08-31,Mumbai,Referral,Female,25-34
8542,2024-11-02,Hyderabad,Paid Social,Female,25-34
8543,2024-12-30,Pune,Organic Search,Female,25-34
8544,2025-01-14,Kolkata,Direct,Female,25-34
8545,2024-12-13,Chandigarh,Organic Search,Female,35-44
8546,2025-03-12,Lucknow,Organic Search,Female,35-44
8547,2025-10-09,Bengaluru,Organic Search,Female,35-44
8548,2024-11-12,Kolkata,Organic Search,Female,18-24
8549,2024-11-10,Jaipur,Paid Social,Female,18-24
8550,2024-12-22,Kochi,Paid Social,Male,25-34
8551,2025-04-26,Bhopal,Affiliate,Other,35-44
8552,2025-03-26,Indore,Direct,Male,45-54
8553,2025-10-01,Delhi,Paid Social,Female,18-24
8554,2025-08-03,Bengaluru,Email,Female,25-34
8555,2024-11-01,Chennai,Paid Social,Female,18-24
8556,2025-02-09,Lucknow,Organic Search,Female,45-54
8557,2025-08-05,Chennai,Organic Search,Female,25-34
8558,2025-02-03,Ahmedabad,Email,Male,18-24
8559,2024-12-26,Kolkata,Organic Search,Male,25-34
8560,2025-06-14,Gorakhpur,Email,Male,25-34
8561,2025-07-17,Chennai,Direct,Female,45-54
8562,2025-08-16,Delhi,Organic Search,Male,35-44
8563,2025-09-21,Ahmedabad,Referral,Female,18-24
8564,2025-09-11,Gorakhpur,Paid Social,Female,35-44
8565,2025-03-15,Mumbai,Affiliate,Female,25-34
8566,2025-07-11,Indore,Direct,Female,45-54
8567,2025-11-19,Mumbai,Paid Social,Male,35-44
8568,2025-04-28,Jaipur,Paid Social,Male,18-24
8569,2024-11-20,Bengaluru,Direct,Other,35-44
8570,2025-01-03,Chennai,Organic Search,Female,35-44
8571,2024-11-18,Delhi,Paid Search,Male,25-34
8572,2025-02-12,Chandigarh,Organic Search,Male,25-34
8573,2024-12-20,Jaipur,Organic Search,Female,45-54
8574,2025-06-10,Delhi,Paid Search,Male,45-54
8575,2024-11-01,Ahmedabad,Paid Social,Female,45-54
8576,2024-11-01,Delhi,Organic Search,Female,25-34
8577,2025-06-07,Pune,Organic Search,Male,45-54
8578,2025-02-15,Jaipur,Referral,Female,35-44
8579,2025-01-01,Chennai,Organic Search,Female,18-24
8580,2024-11-11,Ahmedabad,Paid Social,Male,35-44
8581,2025-08-08,Delhi,Paid Social,Male,45-54
8582,2024-11-30,Chandigarh,Organic Search,Male,45-54
8583,2025-05-16,Bengaluru,Email,Male,25-34
8584,2025-08-26,Gorakhpur,Paid Search,Male,45-54
8585,2025-11-28,Bengaluru,Organic Search,Male,45-54
8586,2024-12-28,Kolkata,Paid Social,Male,45-54
8587,2025-01-28,Kochi,Paid Search,Female,25-34
8588,2025-01-12,Pune,Organic Search,Male,18-24
8589,2025-07-24,Kochi,Organic Search,Other,35-44
8590,2024-12-16,Lucknow,Referral,Male,25-34
8591,2025-01-21,Bhopal,Email,Male,25-34
8592,2025-03-27,Delhi,Organic Search,Female,35-44
8593,2025-08-04,Hyderabad,Organic Search,Female,25-34
8594,2025-01-09,Bengaluru,Paid Social,Female,45-54
8595,2025-01-14,Jaipur,Paid Search,Male,18-24
8596,2025-10-01,Kochi,Paid Search,Female,35-44
8597,2024-11-29,Chandigarh,Email,Male,18-24
8598,2025-09-24,Bengaluru,Paid Social,Male,45-54
8599,2024-12-08,Gorakhpur,Organic Search,Male,18-24
8600,2024-12-10,Pune,Email,Female,45-54
8601,2025-05-26,Kolkata,Paid Search,Male,18-24
8602,2025-04-28,Indore,Direct,Female,18-24
8603,2025-09-21,Lucknow,Email,Female,35-44
8604,2025-12-16,Bhopal,Paid Social,Male,35-44
8605,2025-11-18,Kochi,Paid Social,Female,18-24
8606,2025-10-19,Ahmedabad,Paid Social,Male,45-54
8607,2024-12-05,Hyderabad,Direct,Female,35-44
8608,2025-07-24,Ahmedabad,Paid Social,Female,35-44
8609,2025-05-07,Delhi,Paid Search,Male,25-34
8610,2025-07-19,Indore,Paid Social,Female,25-34
8611,2025-12-06,Ahmedabad,Referral,Male,25-34
8612,2025-06-16,Mumbai,Direct,Male,18-24
8613,2025-01-10,Chennai,Paid Social,Male,18-24
8614,2025-11-10,Gorakhpur,Paid Social,Female,25-34
8615,2024-11-01,Jaipur,Paid Search,Male,25-34
8616,2024-11-21,Jaipur,Paid Search,Female,18-24
8617,2025-05-28,Bengaluru,Direct,Male,18-24
8618,2025-04-29,Bengaluru,Paid Search,Female,35-44
8619,2024-11-29,Indore,Paid Social,Female,35-44
8620,2025-07-15,Hyderabad,Organic Search,Female,18-24
8621,2024-12-08,Pune,Organic Search,Female,18-24
8622,2024-11-30,Ahmedabad,Email,Male,45-54
8623,2025-07-26,Mumbai,Organic Search,Female,35-44
8624,2025-03-04,Delhi,Email,Female,25-34
8625,2024-12-18,Bhopal,Paid Search,Male,25-34
8626,2025-07-17,Pune,Paid Social,Male,35-44
8627,2025-11-15,Kolkata,Affiliate,Male,45-54
8628,2025-10-27,Mumbai,Referral,Male,45-54
8629,2025-03-26,Delhi,Paid Social,Female,25-34
8630,2025-03-09,Bengaluru,Direct,Male,35-44
8631,2024-12-09,Mumbai,Organic Search,Female,35-44
8632,2025-03-09,Bhopal,Direct,Female,35-44
8633,2025-10-27,Jaipur,Organic Search,Male,35-44
8634,2025-10-24,Lucknow,Paid Search,Female,25-34
8635,2024-12-26,Chandigarh,Referral,Male,25-34
8636,2025-02-20,Pune,Paid Search,Male,18-24
8637,2025-11-12,Ahmedabad,Affiliate,Female,45-54
8638,2025-09-15,Lucknow,Organic Search,Female,18-24
8639,2025-03-28,Bhopal,Organic Search,Female,25-34
8640,2025-05-02,Indore,Organic Search,Other,35-44
8641,2025-01-15,Bengaluru,Direct,Male,25-34
8642,2024-12-25,Mumbai,Organic Search,Female,45-54
8643,2025-02-12,Indore,Paid Search,Female,45-54
8644,2025-04-15,Bhopal,Organic Search,Female,45-54
8645,2025-06-01,Delhi,Email,Male,18-24
8646,2025-04-17,Bhopal,Paid Social,Female,25-34
8647,2025-01-24,Hyderabad,Paid Search,Female,25-34
8648,2024-11-09,Mumbai,Paid Social,Female,25-34
8649,2024-12-15,Bhopal,Paid Social,Male,45-54
8650,2025-02-08,Ahmedabad,Organic Search,Female,18-24
8651,2025-03-08,Indore,Paid Social,Male,18-24
8652,2024-11-01,Hyderabad,Direct,Male,45-54
8653,2025-03-12,Jaipur,Organic Search,Female,25-34
8654,2025-02-25,Lucknow,Direct,Male,35-44
8655,2025-10-29,Chandigarh,Paid Search,Other,25-34
8656,2025-12-07,Chandigarh,Affiliate,Female,18-24
8657,2024-12-24,Hyderabad,Paid Search,Male,25-34
8658,2025-09-10,Jaipur,Paid Search,Male,25-34
8659,2025-11-25,Bengaluru,Affiliate,Female,35-44
8660,2025-09-02,Kochi,Paid Social,Male,35-44
8661,2025-02-19,Kochi,Email,Male,25-34
8662,2024-12-11,Indore,Organic Search,Female,18-24
8663,2024-11-06,Kolkata,Paid Search,Female,18-24
8664,2024-12-25,Kochi,Referral,Female,18-24
8665,2024-12-18,Bhopal,Paid Search,Male,18-24
8666,2025-12-22,Kolkata,Organic Search,Female,45-54
8667,2025-01-04,Delhi,Paid Social,Female,45-54
8668,2025-04-10,Kolkata,Referral,Male,45-54
8669,2025-11-12,Delhi,Affiliate,Male,45-54
8670,2025-12-10,Kolkata,Organic Search,Male,25-34
8671,2025-05-13,Chennai,Direct,Male,25-34
8672,2025-02-10,Lucknow,Paid Search,Female,35-44
8673,2025-08-09,Indore,Paid Social,Female,35-44
8674,2025-05-30,Kolkata,Referral,Female,25-34
8675,2025-06-15,Kochi,Paid Search,Male,45-54
8676,2025-08-14,Jaipur,Email,Female,25-34
8677,2025-01-16,Indore,Paid Search,Female,35-44
8678,2025-04-19,Pune,Direct,Male,25-34
8679,2025-02-12,Gorakhpur,Paid Search,Male,25-34
8680,2025-02-23,Bhopal,Paid Social,Male,25-34
8681,2024-11-30,Kolkata,Direct,Female,25-34
8682,2024-12-22,Delhi,Paid Social,Female,45-54
8683,2025-03-19,Mumbai,Organic Search,Other,25-34
8684,2025-05-16,Lucknow,Affiliate,Male,18-24
8685,2025-11-03,Indore,Affiliate,Female,25-34
8686,2025-02-22,Chandigarh,Paid Social,Female,35-44
8687,2024-11-01,Jaipur,Affiliate,Other,18-24
8688,2025-01-03,Mumbai,Paid Search,Male,45-54
8689,2025-05-13,Bengaluru,Affiliate,Female,45-54
8690,2025-01-08,Bengaluru,Email,Female,18-24
8691,2025-05-15,Bhopal,Paid Search,Other,45-54
8692,2025-09-23,Hyderabad,Direct,Male,25-34
8693,2025-06-17,Lucknow,Paid Social,Female,25-34
8694,2025-06-16,Lucknow,Affiliate,Female,35-44
8695,2025-10-27,Kolkata,Organic Search,Female,35-44
8696,2025-01-24,Jaipur,Paid Search,Female,25-34
8697,2025-04-15,Gorakhpur,Referral,Male,45-54
8698,2025-06-12,Chandigarh,Affiliate,Female,18-24
8699,2025-10-08,Chennai,Paid Social,Female,35-44
8700,2024-11-14,Bengaluru,Paid Search,Male,45-54
8701,2025-11-13,Kolkata,Affiliate,Male,18-24
8702,2025-06-07,Mumbai,Organic Search,Female,45-54
8703,2024-11-01,Pune,Direct,Female,35-44
8704,2025-01-29,Lucknow,Paid Search,Female,18-24
8705,2024-12-30,Indore,Paid Social,Male,45-54
8706,2025-10-05,Chennai,Referral,Female,35-44
8707,2024-12-21,Kolkata,Affiliate,Male,35-44
8708,2025-08-10,Bengaluru,Organic Search,Female,25-34
8709,2025-10-07,Kochi,Paid Search,Male,45-54
8710,2025-05-01,Bengaluru,Paid Social,Male,18-24
8711,2025-03-27,Jaipur,Affiliate,Male,35-44
8712,2024-11-13,Hyderabad,Direct,Female,25-34
8713,2025-11-19,Pune,Paid Search,Female,25-34
8714,2025-08-26,Bhopal,Paid Social,Male,25-34
8715,2025-10-04,Kochi,Direct,Female,25-34
8716,2025-10-12,Indore,Direct,Female,25-34
8717,2025-11-23,Delhi,Organic Search,Female,25-34
8718,2024-12-24,Chennai,Affiliate,Female,45-54
8719,2025-05-11,Bhopal,Paid Search,Female,25-34
8720,2025-01-16,Kochi,Paid Social,Male,45-54
8721,2024-11-17,Kolkata,Paid Social,Male,45-54
8722,2025-01-18,Hyderabad,Email,Female,18-24
8723,2025-05-31,Chandigarh,Paid Social,Female,18-24
8724,2024-12-13,Ahmedabad,Paid Search,Male,45-54
8725,2025-05-10,Gorakhpur,Affiliate,Male,25-34
8726,2025-07-23,Delhi,Direct,Female,45-54
8727,2025-03-12,Lucknow,Paid Search,Female,35-44
8728,2025-01-11,Mumbai,Paid Search,Male,18-24
8729,2025-09-17,Pune,Paid Social,Male,25-34
8730,2025-04-07,Indore,Direct,Female,35-44
8731,2024-12-04,Jaipur,Email,Female,45-54
8732,2025-02-08,Mumbai,Paid Social,Female,45-54
8733,2025-02-02,Jaipur,Paid Social,Female,45-54
8734,2025-05-08,Chandigarh,Organic Search,Female,45-54
8735,2024-12-12,Pune,Email,Female,25-34
8736,2025-01-09,Indore,Organic Search,Male,35-44
8737,2025-05-12,Chandigarh,Direct,Female,45-54
8738,2024-12-26,Ahmedabad,Paid Search,Female,35-44
8739,2024-12-24,Ahmedabad,Direct,Male,18-24
8740,2024-11-05,Ahmedabad,Paid Social,Male,25-34
8741,2025-04-13,Bengaluru,Paid Social,Female,18-24
8742,2025-10-08,Mumbai,Paid Social,Male,45-54
8743,2025-08-24,Jaipur,Paid Social,Female,18-24
8744,2024-12-11,Lucknow,Paid Social,Male,18-24
8745,2025-06-16,Gorakhpur,Organic Search,Male,45-54
8746,2025-03-12,Indore,Organic Search,Female,18-24
8747,2024-11-12,Gorakhpur,Paid Search,Male,25-34
8748,2025-12-20,Ahmedabad,Paid Social,Male,45-54
8749,2025-06-24,Gorakhpur,Paid Social,Male,25-34
8750,2024-11-10,Chandigarh,Referral,Female,45-54
8751,2024-11-28,Ahmedabad,Paid Social,Male,45-54
8752,2024-11-07,Chandigarh,Email,Female,45-54
8753,2024-12-05,Hyderabad,Paid Search,Female,25-34
8754,2024-11-19,Delhi,Affiliate,Female,45-54
8755,2025-01-02,Kolkata,Direct,Female,35-44
8756,2025-04-21,Chandigarh,Paid Search,Female,45-54
8757,2024-12-31,Chandigarh,Referral,Female,35-44
8758,2025-12-07,Pune,Direct,Female,18-24
8759,2025-06-03,Bengaluru,Paid Social,Male,18-24
8760,2025-09-23,Kochi,Direct,Female,25-34
8761,2025-10-23,Delhi,Email,Female,18-24
8762,2025-08-19,Kochi,Paid Search,Female,25-34
8763,2025-09-29,Pune,Paid Social,Male,45-54
8764,2025-04-01,Lucknow,Direct,Female,18-24
8765,2025-05-08,Hyderabad,Email,Female,35-44
8766,2024-11-17,Pune,Paid Social,Male,18-24
8767,2025-11-13,Chennai,Direct,Female,35-44
8768,2025-06-26,Kolkata,Organic Search,Female,18-24
8769,2025-06-03,Ahmedabad,Organic Search,Male,25-34
8770,2025-08-27,Kochi,Paid Social,Female,35-44
8771,2025-10-28,Jaipur,Organic Search,Female,35-44
8772,2025-02-26,Mumbai,Referral,Female,25-34
8773,2025-10-16,Bhopal,Affiliate,Male,35-44
8774,2024-11-04,Mumbai,Paid Social,Female,18-24
8775,2025-04-06,Gorakhpur,Organic Search,Male,45-54
8776,2025-10-18,Gorakhpur,Direct,Female,25-34
8777,2024-12-06,Kolkata,Direct,Female,35-44
8778,2024-12-26,Delhi,Direct,Male,18-24
8779,2024-12-08,Pune,Affiliate,Male,45-54
8780,2025-03-01,Pune,Organic Search,Female,18-24
8781,2024-11-07,Kochi,Direct,Male,25-34
8782,2025-07-02,Lucknow,Paid Search,Female,35-44
8783,2025-06-18,Hyderabad,Affiliate,Female,35-44
8784,2025-09-09,Indore,Paid Social,Male,45-54
8785,2024-11-16,Gorakhpur,Referral,Male,18-24
8786,2025-03-19,Mumbai,Referral,Male,25-34
8787,2025-08-14,Pune,Referral,Male,45-54
8788,2025-08-22,Hyderabad,Affiliate,Male,35-44
8789,2025-08-10,Pune,Paid Search,Male,35-44
8790,2024-11-01,Jaipur,Direct,Male,25-34
8791,2025-06-12,Chennai,Organic Search,Male,35-44
8792,2025-08-07,Chennai,Paid Social,Female,18-24
8793,2025-02-07,Gorakhpur,Organic Search,Male,18-24
8794,2024-11-10,Indore,Referral,Female,45-54
8795,2024-12-08,Chennai,Paid Search,Female,18-24
8796,2024-12-12,Pune,Paid Social,Female,25-34
8797,2025-12-08,Pune,Paid Search,Female,25-34
8798,2025-04-11,Pune,Direct,Male,18-24
8799,2025-04-29,Bhopal,Organic Search,Male,25-34
8800,2024-11-12,Bhopal,Paid Social,Female,45-54
8801,2025-04-18,Bhopal,Paid Social,Male,25-34
8802,2025-04-28,Hyderabad,Affiliate,Male,25-34
8803,2025-11-24,Delhi,Direct,Male,25-34
8804,2024-11-02,Chennai,Paid Social,Male,35-44
8805,2025-07-02,Indore,Referral,Other,25-34
8806,2025-10-18,Ahmedabad,Paid Social,Female,35-44
8807,2025-07-17,Indore,Paid Search,Female,25-34
8808,2025-05-04,Chandigarh,Direct,Female,18-24
8809,2024-11-02,Mumbai,Direct,Male,35-44
8810,2025-08-03,Jaipur,Paid Search,Male,18-24
8811,2025-06-17,Ahmedabad,Paid Search,Female,25-34
8812,2025-05-09,Bengaluru,Paid Search,Male,18-24
8813,2025-04-18,Kochi,Paid Search,Female,35-44
8814,2025-02-08,Indore,Affiliate,Male,45-54
8815,2025-07-29,Kolkata,Paid Social,Female,35-44
8816,2025-06-17,Ahmedabad,Paid Social,Female,25-34
8817,2025-11-02,Jaipur,Paid Search,Male,45-54
8818,2025-01-21,Chennai,Paid Search,Female,18-24
8819,2025-06-10,Chennai,Organic Search,Male,25-34
8820,2024-11-04,Bhopal,Paid Social,Male,18-24
8821,2025-10-17,Hyderabad,Referral,Male,45-54
8822,2025-09-09,Pune,Email,Female,45-54
8823,2024-11-30,Delhi,Organic Search,Female,35-44
8824,2025-09-09,Bengaluru,Affiliate,Male,25-34
8825,2025-05-25,Mumbai,Paid Search,Male,18-24
8826,2024-11-15,Chandigarh,Organic Search,Female,45-54
8827,2025-03-15,Gorakhpur,Organic Search,Male,18-24
8828,2025-07-18,Gorakhpur,Direct,Female,25-34
8829,2025-10-21,Gorakhpur,Organic Search,Male,45-54
8830,2025-02-13,Ahmedabad,Paid Search,Female,18-24
8831,2025-03-16,Chennai,Paid Search,Female,35-44
8832,2025-02-15,Indore,Organic Search,Male,25-34
8833,2024-11-12,Bhopal,Direct,Male,25-34
8834,2024-11-01,Indore,Organic Search,Female,25-34
8835,2024-11-27,Lucknow,Paid Social,Male,18-24
8836,2025-09-18,Mumbai,Paid Search,Male,45-54
8837,2025-10-11,Pune,Direct,Female,18-24
8838,2025-04-13,Pune,Organic Search,Female,25-34
8839,2024-11-11,Hyderabad,Paid Search,Female,35-44
8840,2025-01-31,Pune,Direct,Female,18-24
8841,2025-01-30,Bengaluru,Affiliate,Female,25-34
8842,2025-03-17,Jaipur,Paid Search,Male,25-34
8843,2024-11-07,Mumbai,Organic Search,Female,45-54
8844,2024-11-23,Jaipur,Direct,Male,45-54
8845,2025-05-18,Jaipur,Referral,Male,18-24
8846,2025-06-05,Indore,Paid Search,Female,45-54
8847,2024-12-23,Gorakhpur,Direct,Female,35-44
8848,2025-04-08,Chandigarh,Paid Social,Female,18-24
8849,2025-10-17,Hyderabad,Affiliate,Female,45-54
8850,2025-10-07,Lucknow,Paid Social,Male,35-44
8851,2025-08-06,Mumbai,Referral,Male,18-24
8852,2025-09-05,Indore,Affiliate,Male,25-34
8853,2025-07-22,Jaipur,Referral,Female,45-54
8854,2025-01-06,Bengaluru,Organic Search,Female,35-44
8855,2025-01-07,Pune,Organic Search,Male,18-24
8856,2024-12-21,Delhi,Affiliate,Female,45-54
8857,2025-09-23,Delhi,Organic Search,Female,45-54
8858,2025-01-19,Chennai,Paid Social,Female,45-54
8859,2025-08-28,Mumbai,Affiliate,Male,25-34
8860,2025-04-03,Mumbai,Paid Social,Female,25-34
8861,2025-09-06,Bengaluru,Direct,Female,35-44
8862,2025-03-24,Chandigarh,Organic Search,Male,45-54
8863,2025-12-01,Kochi,Direct,Female,18-24
8864,2025-08-15,Pune,Direct,Male,18-24
8865,2025-04-06,Indore,Direct,Female,18-24
8866,2024-11-12,Jaipur,Affiliate,Female,35-44
8867,2025-06-30,Kolkata,Paid Social,Other,45-54
8868,2025-11-09,Mumbai,Organic Search,Female,18-24
8869,2025-06-30,Bengaluru,Paid Search,Male,18-24
8870,2025-12-07,Kochi,Email,Female,45-54
8871,2025-10-26,Bhopal,Referral,Female,18-24
8872,2025-01-13,Ahmedabad,Referral,Female,45-54
8873,2024-11-14,Chandigarh,Organic Search,Female,45-54
8874,2025-04-05,Kolkata,Paid Search,Female,35-44
8875,2024-11-11,Hyderabad,Paid Search,Female,35-44
8876,2025-02-18,Hyderabad,Paid Search,Male,35-44
8877,2025-12-15,Chennai,Paid Social,Female,45-54
8878,2025-04-07,Gorakhpur,Affiliate,Male,45-54
8879,2025-09-01,Kochi,Paid Social,Male,18-24
8880,2025-02-02,Bengaluru,Email,Female,25-34
8881,2025-12-13,Gorakhpur,Direct,Female,18-24
8882,2024-11-11,Bengaluru,Direct,Male,35-44
8883,2025-07-06,Gorakhpur,Referral,Female,18-24
8884,2025-01-19,Mumbai,Referral,Male,45-54
8885,2025-07-14,Hyderabad,Direct,Female,18-24
8886,2025-06-02,Ahmedabad,Paid Search,Female,45-54
8887,2024-11-07,Gorakhpur,Organic Search,Male,35-44
8888,2025-06-21,Hyderabad,Direct,Female,35-44
8889,2024-11-10,Chandigarh,Organic Search,Other,18-24
8890,2025-02-20,Chandigarh,Paid Search,Female,35-44
8891,2025-07-10,Kolkata,Direct,Female,25-34
8892,2024-11-02,Jaipur,Referral,Female,18-24
8893,2025-05-27,Bhopal,Organic Search,Female,25-34
8894,2025-02-10,Jaipur,Paid Social,Female,45-54
8895,2025-02-24,Chandigarh,Direct,Male,25-34
8896,2024-12-27,Bhopal,Organic Search,Male,18-24
8897,2025-07-01,Delhi,Paid Search,Female,45-54
8898,2025-07-24,Lucknow,Paid Social,Female,45-54
8899,2025-01-02,Hyderabad,Direct,Female,25-34
8900,2025-07-15,Bengaluru,Paid Search,Male,25-34
8901,2025-04-29,Kolkata,Paid Social,Male,18-24
8902,2025-04-16,Jaipur,Paid Social,Male,45-54
8903,2024-11-19,Hyderabad,Paid Search,Female,25-34
8904,2025-01-14,Gorakhpur,Organic Search,Male,45-54
8905,2025-02-04,Pune,Paid Social,Female,18-24
8906,2025-05-19,Indore,Referral,Female,45-54
8907,2025-02-17,Kochi,Direct,Male,35-44
8908,2025-02-07,Jaipur,Direct,Male,18-24
8909,2025-02-11,Ahmedabad,Organic Search,Female,45-54
8910,2024-11-12,Gorakhpur,Paid Social,Female,35-44
8911,2025-01-11,Bengaluru,Direct,Male,35-44
8912,2024-11-01,Chandigarh,Organic Search,Male,35-44
8913,2025-06-19,Bengaluru,Direct,Female,45-54
8914,2025-01-06,Pune,Paid Search,Female,25-34
8915,2024-11-15,Bengaluru,Paid Search,Female,25-34
8916,2024-12-02,Jaipur,Direct,Female,25-34
8917,2025-11-08,Pune,Paid Social,Male,18-24
8918,2025-02-02,Hyderabad,Organic Search,Male,25-34
8919,2025-01-04,Indore,Paid Search,Male,35-44
8920,2025-02-10,Mumbai,Affiliate,Female,18-24
8921,2024-11-02,Gorakhpur,Organic Search,Male,25-34
8922,2025-04-22,Bhopal,Direct,Female,25-34
8923,2025-09-11,Gorakhpur,Paid Search,Female,35-44
8924,2025-03-30,Bhopal,Paid Social,Male,18-24
8925,2024-11-18,Delhi,Paid Search,Male,45-54
8926,2025-06-27,Kolkata,Email,Male,35-44
8927,2024-12-01,Bengaluru,Affiliate,Male,18-24
8928,2025-06-18,Ahmedabad,Paid Social,Male,35-44
8929,2024-11-01,Gorakhpur,Paid Search,Female,25-34
8930,2024-11-25,Kochi,Direct,Female,18-24
8931,2025-05-10,Chennai,Affiliate,Male,35-44
8932,2024-11-02,Hyderabad,Direct,Female,35-44
8933,2025-01-09,Gorakhpur,Affiliate,Female,45-54
8934,2025-12-08,Bhopal,Paid Search,Female,45-54
8935,2025-01-08,Kolkata,Organic Search,Female,18-24
8936,2025-04-15,Jaipur,Paid Social,Female,18-24
8937,2025-10-02,Jaipur,Affiliate,Female,25-34
8938,2024-11-01,Hyderabad,Paid Social,Female,25-34
8939,2025-04-11,Jaipur,Paid Social,Male,25-34
8940,2025-08-17,Gorakhpur,Direct,Female,25-34
8941,2024-11-01,Kochi,Organic Search,Male,45-54
8942,2025-04-23,Delhi,Organic Search,Female,45-54
8943,2025-01-29,Delhi,Direct,Female,35-44
8944,2024-11-06,Indore,Email,Female,18-24
8945,2025-02-25,Gorakhpur,Affiliate,Male,45-54
8946,2025-07-18,Delhi,Direct,Male,35-44
8947,2025-09-23,Gorakhpur,Referral,Male,25-34
8948,2025-01-12,Hyderabad,Affiliate,Female,25-34
8949,2025-07-01,Jaipur,Paid Social,Male,45-54
8950,2025-05-30,Chennai,Paid Social,Female,18-24
8951,2024-11-04,Chandigarh,Organic Search,Male,25-34
8952,2025-01-22,Jaipur,Affiliate,Female,25-34
8953,2025-10-21,Pune,Direct,Female,25-34
8954,2025-06-01,Mumbai,Affiliate,Male,18-24
8955,2025-06-08,Chennai,Organic Search,Male,45-54
8956,2025-01-24,Gorakhpur,Organic Search,Female,45-54
8957,2024-11-09,Lucknow,Direct,Male,18-24
8958,2025-12-17,Kochi,Email,Male,35-44
8959,2024-11-06,Chennai,Paid Search,Male,25-34
8960,2025-06-03,Lucknow,Organic Search,Male,18-24
8961,2024-12-24,Bhopal,Email,Male,18-24
8962,2025-04-19,Mumbai,Direct,Female,25-34
8963,2025-03-27,Jaipur,Paid Social,Female,45-54
8964,2024-12-23,Kochi,Paid Social,Female,25-34
8965,2025-02-15,Chandigarh,Paid Search,Female,45-54
8966,2025-01-18,Bengaluru,Paid Search,Other,45-54
8967,2025-06-05,Kochi,Referral,Female,18-24
8968,2025-01-21,Mumbai,Affiliate,Male,45-54
8969,2024-12-28,Chandigarh,Organic Search,Male,35-44
8970,2025-02-25,Gorakhpur,Direct,Male,25-34
8971,2025-01-12,Bhopal,Referral,Male,35-44
8972,2025-10-09,Bengaluru,Paid Search,Male,35-44
8973,2025-02-16,Bengaluru,Paid Search,Female,35-44
8974,2025-06-26,Delhi,Paid Search,Male,45-54
8975,2025-09-29,Delhi,Paid Social,Female,35-44
8976,2025-08-16,Bengaluru,Direct,Female,35-44
8977,2024-11-14,Kolkata,Direct,Male,45-54
8978,2025-10-28,Pune,Paid Social,Male,18-24
8979,2025-05-18,Ahmedabad,Paid Social,Male,25-34
8980,2025-09-17,Ahmedabad,Paid Search,Female,45-54
8981,2024-12-15,Bengaluru,Email,Male,25-34
8982,2025-01-13,Jaipur,Organic Search,Male,18-24
8983,2025-09-30,Bengaluru,Direct,Male,45-54
8984,2024-12-17,Pune,Direct,Male,18-24
8985,2025-03-23,Bhopal,Affiliate,Male,18-24
8986,2025-06-17,Bengaluru,Organic Search,Female,45-54
8987,2025-10-10,Hyderabad,Paid Search,Other,45-54
8988,2025-12-26,Chandigarh,Affiliate,Female,45-54
8989,2025-01-29,Chennai,Referral,Male,35-44
8990,2024-11-19,Jaipur,Paid Search,Female,45-54
8991,2025-10-11,Indore,Paid Social,Male,45-54
8992,2024-12-22,Ahmedabad,Referral,Female,45-54
8993,2025-01-05,Ahmedabad,Referral,Female,18-24
8994,2024-11-04,Chennai,Organic Search,Female,35-44
8995,2025-01-15,Pune,Paid Social,Female,35-44
8996,2024-11-18,Gorakhpur,Paid Social,Male,35-44
8997,2024-12-28,Kochi,Organic Search,Female,35-44
8998,2025-01-27,Indore,Paid Social,Female,25-34
8999,2025-03-13,Bhopal,Paid Search,Female,18-24
9000,2025-09-26,Lucknow,Paid Search,Female,18-24
