order_id,customer_id,session_id,order_date,order_status,payment_method,discount_pct,total_amount
1,4,17,2025-09-16,Delivered,UPI,5,1758.45
2,6,27,2025-02-13,Delivered,UPI,20,880.8
3,6,32,2025-05-05,Delivered,Credit Card,20,1739.2
4,6,34,2025-06-21,Delivered,UPI,15,2012.8
5,6,35,2025-06-22,Delivered,UPI,10,844.2
6,11,51,2025-05-14,Delivered,COD,10,2989.8
7,11,54,2025-05-27,Delivered,UPI,5,3659.4
8,11,58,2025-11-10,Delivered,COD,5,1414.55
9,12,74,2025-02-19,Delivered,UPI,20,1564.0
10,12,78,2025-04-02,Delivered,Debit Card,0,1066.0
11,13,90,2025-05-05,Returned,Credit Card,0,1709.0
12,14,103,2025-02-25,Delivered,COD,5,8574.7
13,14,106,2025-04-25,Delivered,Debit Card,10,4557.6
14,15,116,2025-06-25,Delivered,UPI,10,3923.1
15,15,121,2025-07-12,Delivered,COD,0,4359.0
16,16,134,2025-05-22,Delivered,UPI,30,604.8
17,16,138,2025-06-15,Delivered,UPI,0,3720.0
18,23,175,2025-08-14,Delivered,Debit Card,0,5115.0
19,24,189,2025-04-16,Delivered,UPI,0,2533.0
20,29,217,2025-03-13,Delivered,COD,0,1385.0
21,29,219,2025-04-29,Returned,UPI,5,1534.25
22,29,226,2025-09-12,Delivered,Credit Card,0,1995.0
23,30,235,2025-02-05,Delivered,Credit Card,10,6263.1
24,33,255,2025-10-09,Delivered,COD,0,2439.0
25,34,270,2025-04-01,Delivered,Credit Card,20,844.8
26,34,271,2025-04-02,Delivered,Credit Card,15,3342.2
27,34,272,2025-04-05,Delivered,Credit Card,10,3496.5
28,34,276,2025-04-27,Delivered,Credit Card,0,10530.0
29,34,277,2025-04-28,Delivered,UPI,15,222.7
30,35,285,2025-06-17,Cancelled,Debit Card,10,2655.0
31,39,305,2025-04-15,Delivered,Credit Card,0,698.0
32,39,310,2025-04-30,Delivered,Debit Card,0,4028.0
33,39,312,2025-05-13,Returned,UPI,10,2720.7
34,40,333,2025-06-07,Delivered,UPI,20,2244.8
35,41,336,2025-09-28,Delivered,UPI,0,1048.0
36,42,342,2025-07-17,Delivered,UPI,0,4316.0
37,44,362,2025-01-08,Delivered,UPI,10,1165.5
38,44,376,2025-04-14,Delivered,UPI,5,1259.7
39,45,381,2025-06-27,Delivered,COD,0,2438.0
40,45,386,2025-09-12,Delivered,UPI,0,12692.0
41,47,395,2025-02-20,Delivered,COD,15,4289.1
42,47,401,2025-08-01,Delivered,COD,5,2660.0
43,47,403,2025-09-15,Delivered,UPI,5,4060.3
44,48,408,2025-04-07,Delivered,Net Banking,10,5014.8
45,51,432,2025-07-22,Delivered,COD,10,814.5
46,51,434,2025-10-04,Delivered,Debit Card,20,2210.4
47,51,435,2025-10-28,Delivered,UPI,10,911.7
48,52,440,2025-01-07,Delivered,Debit Card,0,1684.0
49,52,442,2025-02-08,Delivered,Credit Card,15,1427.15
50,55,473,2025-05-21,Delivered,COD,0,7552.0
51,55,477,2025-06-26,Delivered,UPI,0,802.0
52,60,510,2025-01-05,Delivered,UPI,0,3001.0
53,62,544,2025-03-28,Delivered,UPI,0,1372.0
54,63,547,2025-04-04,Delivered,COD,0,2961.0
55,63,551,2025-08-06,Delivered,Net Banking,10,547.2
56,64,553,2025-08-06,Delivered,UPI,15,2621.4
57,65,567,2025-03-03,Delivered,UPI,10,4124.7
58,66,584,2025-10-18,Returned,Credit Card,5,517.75
59,67,594,2025-06-23,Delivered,UPI,20,751.2
60,68,600,2025-10-08,Delivered,UPI,0,2404.0
61,70,607,2025-08-11,Delivered,COD,15,1173.0
62,71,634,2025-04-05,Delivered,Credit Card,5,3019.1
63,72,644,2025-08-07,Delivered,UPI,5,4799.4
64,74,661,2025-05-12,Delivered,COD,0,1478.0
65,74,666,2025-06-19,Delivered,UPI,5,1786.0
66,75,670,2025-04-14,Delivered,COD,0,2976.0
67,76,696,2025-05-12,Delivered,UPI,0,2869.0
68,76,699,2025-06-09,Delivered,UPI,0,4808.0
69,79,714,2025-07-05,Returned,Net Banking,0,812.0
70,80,726,2024-12-27,Delivered,Net Banking,0,5511.0
71,80,736,2025-02-15,Delivered,Net Banking,5,1509.55
72,80,741,2025-03-04,Delivered,Credit Card,10,4873.5
73,81,743,2025-08-25,Delivered,UPI,5,1035.5
74,82,756,2025-09-02,Delivered,UPI,10,1080.9
75,84,765,2025-06-08,Delivered,UPI,0,4648.0
76,84,769,2025-07-04,Delivered,Credit Card,10,468.9
77,85,782,2025-06-10,Delivered,Debit Card,0,1426.0
78,86,792,2025-09-18,Delivered,UPI,10,2907.0
79,88,806,2025-08-04,Delivered,Debit Card,0,4613.0
80,90,816,2025-03-16,Delivered,UPI,0,3046.0
81,90,819,2025-05-07,Delivered,COD,0,6022.0
82,90,820,2025-05-28,Delivered,Credit Card,5,2342.7
83,92,827,2025-08-16,Returned,UPI,5,992.75
84,95,862,2025-06-17,Delivered,COD,0,2014.0
85,96,876,2025-10-17,Delivered,Debit Card,5,3440.9
86,102,930,2025-10-12,Delivered,COD,5,15137.3
87,103,933,2025-02-27,Returned,Debit Card,15,1033.6
88,103,936,2025-03-31,Delivered,Credit Card,0,3333.0
89,103,938,2025-04-20,Delivered,UPI,0,12104.0
90,103,939,2025-05-20,Delivered,UPI,10,4833.9
91,105,946,2025-06-30,Delivered,UPI,0,6493.0
92,105,951,2025-10-18,Delivered,Net Banking,15,3972.05
93,107,960,2025-08-27,Delivered,Net Banking,0,10903.0
94,109,974,2025-02-07,Delivered,COD,0,5547.0
95,109,981,2025-05-24,Delivered,Credit Card,15,408.0
96,111,1004,2025-01-30,Delivered,UPI,15,1300.5
97,111,1008,2025-04-07,Cancelled,Debit Card,15,1876.8
98,111,1015,2025-09-05,Delivered,Net Banking,10,959.4
99,116,1043,2025-04-05,Delivered,Credit Card,10,6042.6
100,116,1051,2025-05-28,Delivered,COD,10,2326.5
101,116,1054,2025-06-17,Delivered,Credit Card,10,627.3
102,117,1055,2025-06-15,Delivered,Net Banking,0,3896.0
103,122,1080,2025-03-15,Delivered,UPI,0,4844.0
104,127,1099,2025-04-21,Delivered,UPI,5,1861.05
105,128,1104,2025-03-17,Delivered,Net Banking,15,2119.9
106,128,1109,2025-07-27,Returned,Credit Card,10,453.6
107,128,1111,2025-08-16,Returned,Net Banking,0,2922.0
108,133,1151,2025-09-20,Delivered,UPI,0,1032.0
109,136,1163,2025-05-26,Delivered,Credit Card,0,12216.0
110,136,1168,2025-09-01,Returned,Debit Card,15,664.7
111,137,1173,2025-07-09,Delivered,Credit Card,15,1435.65
112,138,1177,2025-07-02,Delivered,Credit Card,5,1909.5
113,143,1202,2025-06-28,Delivered,Debit Card,15,1520.65
114,143,1203,2025-08-07,Delivered,Credit Card,15,690.2
115,144,1207,2024-11-16,Cancelled,UPI,5,5514.75
116,144,1208,2024-12-13,Delivered,Debit Card,15,1177.25
117,144,1217,2025-04-26,Delivered,Net Banking,0,1035.0
118,145,1226,2025-11-30,Delivered,Debit Card,0,7894.0
119,147,1236,2024-12-12,Delivered,COD,20,6342.4
120,150,1261,2025-06-19,Delivered,Net Banking,20,7076.8
121,151,1274,2024-12-09,Delivered,Net Banking,10,1971.9
122,154,1311,2025-04-06,Delivered,Credit Card,15,2185.35
123,162,1371,2025-01-21,Delivered,Credit Card,5,4988.45
124,162,1373,2025-01-31,Delivered,Credit Card,20,2491.2
125,162,1378,2025-03-07,Delivered,Credit Card,0,4857.0
126,162,1389,2025-05-23,Delivered,Credit Card,20,1737.6
127,164,1404,2025-07-11,Delivered,UPI,0,2815.0
128,167,1427,2024-11-11,Delivered,Net Banking,0,7127.0
129,167,1441,2025-02-12,Cancelled,Credit Card,5,1293.9
130,167,1446,2025-03-22,Returned,Net Banking,5,935.75
131,168,1449,2025-11-28,Delivered,Debit Card,20,751.2
132,173,1486,2024-11-15,Returned,UPI,0,2386.0
133,173,1487,2024-11-17,Delivered,Net Banking,20,836.0
134,173,1489,2024-11-28,Delivered,UPI,20,3807.2
135,173,1492,2025-01-01,Delivered,UPI,30,2503.2
136,176,1524,2025-04-01,Delivered,UPI,15,798.15
137,176,1535,2025-08-11,Delivered,Credit Card,15,2024.7
138,177,1548,2025-02-15,Delivered,Credit Card,15,4184.55
139,179,1568,2025-01-03,Delivered,Credit Card,10,5256.9
140,179,1578,2025-02-16,Delivered,UPI,0,7152.0
141,179,1579,2025-02-19,Delivered,Credit Card,0,3880.0
142,179,1580,2025-03-09,Delivered,Credit Card,0,4078.0
143,179,1584,2025-03-22,Delivered,UPI,20,1543.2
144,179,1585,2025-03-26,Delivered,UPI,10,2233.8
145,181,1609,2025-01-24,Delivered,UPI,10,3743.1
146,182,1623,2025-03-28,Delivered,COD,10,1281.6
147,182,1634,2025-06-10,Delivered,UPI,0,3453.0
148,185,1646,2025-01-23,Delivered,Net Banking,0,2542.0
149,188,1670,2025-10-26,Delivered,Debit Card,10,1963.8
150,189,1674,2024-12-03,Delivered,Debit Card,0,3852.0
151,189,1682,2025-02-13,Delivered,Credit Card,10,2718.9
152,192,1706,2025-01-05,Delivered,UPI,15,1179.8
153,192,1718,2025-03-24,Delivered,UPI,15,3138.2
154,193,1727,2025-09-14,Delivered,Credit Card,0,6861.0
155,193,1729,2025-09-23,Delivered,UPI,0,5150.0
156,195,1745,2025-01-02,Delivered,UPI,15,3533.45
157,195,1747,2025-01-06,Delivered,COD,0,2865.0
158,202,1812,2025-06-25,Delivered,Credit Card,10,5966.1
159,210,1851,2024-11-14,Delivered,Debit Card,5,3659.4
160,211,1866,2025-06-05,Delivered,UPI,10,800.1
161,212,1872,2025-06-21,Delivered,UPI,10,4080.6
162,214,1886,2024-11-22,Cancelled,Debit Card,15,7123.0
163,214,1887,2024-11-23,Delivered,Debit Card,10,1998.0
164,214,1891,2025-01-11,Delivered,UPI,0,674.0
165,214,1895,2025-02-28,Delivered,Debit Card,5,4419.4
166,214,1896,2025-03-01,Delivered,UPI,0,4809.0
167,216,1905,2025-02-23,Delivered,Debit Card,20,6097.6
168,223,1936,2025-02-19,Delivered,UPI,20,9813.6
169,224,1947,2025-04-01,Delivered,Net Banking,0,1146.0
170,224,1953,2025-08-16,Delivered,COD,5,992.75
171,224,1954,2025-08-18,Delivered,Credit Card,0,3284.0
172,226,1963,2025-09-06,Returned,Debit Card,30,3606.4
173,226,1968,2025-10-18,Delivered,UPI,10,1953.9
174,229,1986,2025-07-05,Delivered,Credit Card,0,3822.0
175,232,2005,2025-04-25,Delivered,Net Banking,5,2430.1
176,234,2034,2024-11-16,Delivered,Credit Card,15,4179.45
177,234,2047,2025-01-12,Delivered,UPI,20,2099.2
178,236,2065,2025-07-29,Delivered,UPI,0,685.0
179,237,2071,2025-07-21,Delivered,Credit Card,10,10425.6
180,237,2073,2025-08-10,Delivered,Credit Card,15,402.9
181,239,2087,2025-07-31,Delivered,Debit Card,10,1927.8
182,239,2090,2025-09-23,Delivered,UPI,15,4663.95
183,245,2117,2025-06-06,Delivered,UPI,20,5808.8
184,246,2119,2024-12-30,Delivered,UPI,5,5572.7
185,246,2131,2025-02-15,Delivered,COD,10,4253.4
186,247,2143,2025-10-05,Delivered,Net Banking,0,1590.0
187,247,2144,2025-10-25,Delivered,COD,0,2185.0
188,248,2154,2025-08-25,Delivered,COD,5,3293.65
189,249,2155,2024-12-01,Returned,Credit Card,10,3380.4
190,250,2162,2025-02-19,Delivered,UPI,15,755.65
191,251,2173,2025-04-29,Returned,UPI,15,4510.1
192,253,2192,2025-11-27,Delivered,UPI,15,463.25
193,256,2205,2025-08-06,Delivered,Debit Card,10,2718.9
194,256,2206,2025-12-16,Delivered,UPI,5,2470.0
195,258,2222,2025-03-30,Delivered,COD,10,1948.5
196,258,2227,2025-06-12,Delivered,Net Banking,15,1127.1
197,260,2248,2025-04-10,Delivered,COD,0,1316.0
198,260,2253,2025-05-12,Delivered,Net Banking,20,3945.6
199,262,2265,2024-12-26,Delivered,UPI,10,990.9
200,262,2266,2025-01-01,Delivered,Credit Card,10,1112.4
201,262,2273,2025-02-23,Delivered,Debit Card,0,2490.0
202,262,2275,2025-03-02,Returned,Net Banking,0,2112.0
203,262,2284,2025-04-10,Delivered,COD,30,1638.0
204,270,2316,2025-02-05,Cancelled,Credit Card,5,2075.75
205,270,2317,2025-03-07,Delivered,Debit Card,0,3858.0
206,277,2361,2024-12-08,Delivered,Debit Card,30,953.4
207,277,2367,2025-03-26,Delivered,Net Banking,10,2178.0
208,277,2368,2025-03-29,Delivered,Debit Card,5,1758.45
209,278,2379,2025-09-01,Delivered,UPI,5,2063.4
210,284,2403,2024-11-16,Delivered,Credit Card,0,1045.0
211,284,2404,2024-11-26,Delivered,Debit Card,20,1526.4
212,284,2409,2024-12-18,Delivered,Credit Card,15,1021.7
213,284,2417,2025-03-10,Delivered,Credit Card,5,2317.05
214,284,2418,2025-03-14,Delivered,UPI,5,10569.7
215,284,2423,2025-04-20,Delivered,Debit Card,0,7034.0
216,291,2466,2025-02-08,Cancelled,UPI,0,2701.0
217,291,2469,2025-02-25,Delivered,UPI,0,985.0
218,291,2474,2025-04-27,Delivered,Debit Card,10,1111.5
219,293,2488,2025-04-03,Delivered,UPI,10,2117.7
220,293,2496,2025-05-13,Cancelled,UPI,15,516.8
221,293,2498,2025-05-26,Delivered,UPI,0,679.0
222,294,2502,2025-12-09,Delivered,UPI,5,1035.5
223,296,2534,2025-05-11,Delivered,UPI,20,5498.4
224,297,2543,2025-04-08,Delivered,UPI,0,545.0
225,297,2548,2025-08-07,Delivered,UPI,15,1661.75
226,298,2551,2024-11-04,Delivered,UPI,15,3986.5
227,298,2554,2024-11-13,Delivered,Debit Card,0,4017.0
228,298,2566,2025-01-23,Delivered,UPI,0,3023.0
229,299,2582,2025-01-27,Delivered,Debit Card,20,9090.4
230,299,2587,2025-02-15,Delivered,Credit Card,15,888.25
231,299,2596,2025-04-22,Delivered,Debit Card,15,3202.8
232,301,2608,2025-01-16,Delivered,Net Banking,0,2774.0
233,302,2627,2025-09-13,Returned,COD,0,880.0
234,304,2634,2025-06-17,Delivered,UPI,15,1177.25
235,304,2636,2025-07-30,Delivered,Credit Card,10,1502.1
236,305,2640,2025-06-24,Delivered,UPI,10,2496.6
237,307,2656,2025-02-06,Delivered,Debit Card,10,5070.6
238,309,2673,2025-01-30,Delivered,Debit Card,0,5026.0
239,309,2679,2025-02-08,Delivered,UPI,0,1138.0
240,309,2684,2025-03-13,Delivered,COD,0,2950.0
241,309,2689,2025-03-31,Delivered,UPI,0,4825.0
242,310,2690,2025-02-02,Delivered,Debit Card,0,5701.0
243,310,2697,2025-07-31,Delivered,COD,5,10488.95
244,311,2707,2025-03-25,Delivered,UPI,0,6727.0
245,311,2709,2025-04-23,Delivered,UPI,0,8658.0
246,311,2711,2025-06-12,Delivered,Credit Card,0,3994.0
247,312,2713,2025-03-13,Delivered,UPI,20,880.8
248,312,2726,2025-06-07,Delivered,COD,0,4209.0
249,312,2728,2025-06-18,Delivered,Debit Card,5,875.9
250,312,2730,2025-06-20,Delivered,UPI,0,3167.0
251,315,2758,2025-08-21,Delivered,Debit Card,5,851.2
252,315,2760,2025-10-25,Delivered,UPI,15,4065.55
253,319,2798,2025-08-09,Delivered,Credit Card,5,665.0
254,320,2810,2025-08-01,Delivered,Debit Card,15,4200.7
255,320,2813,2025-08-28,Delivered,UPI,5,2063.4
256,321,2820,2025-06-24,Returned,UPI,5,954.75
257,322,2829,2025-04-15,Delivered,Net Banking,15,1482.4
258,323,2832,2024-11-08,Delivered,Credit Card,10,9397.8
259,323,2833,2024-11-30,Delivered,Debit Card,0,3885.0
260,324,2861,2025-07-11,Delivered,COD,0,3656.0
261,332,2918,2025-01-13,Delivered,UPI,10,1987.2
262,332,2924,2025-03-13,Delivered,Debit Card,0,1202.0
263,332,2927,2025-04-01,Delivered,Debit Card,15,1378.7
264,332,2930,2025-04-21,Delivered,Credit Card,5,962.35
265,333,2935,2025-05-15,Delivered,UPI,0,366.0
266,334,2948,2025-10-05,Delivered,Debit Card,15,1247.8
267,336,2962,2025-05-09,Delivered,COD,5,494.0
268,337,2969,2025-01-29,Delivered,COD,0,8232.0
269,337,2978,2025-03-05,Delivered,Credit Card,5,1547.55
270,342,2993,2025-04-02,Delivered,UPI,15,810.05
271,343,3001,2024-11-08,Delivered,COD,15,1661.75
272,343,3023,2025-02-10,Delivered,COD,20,3093.6
273,349,3047,2025-12-12,Delivered,COD,0,5515.0
274,350,3055,2025-09-14,Delivered,UPI,5,1746.1
275,350,3057,2025-10-12,Delivered,COD,0,3852.0
276,351,3064,2025-08-04,Delivered,Debit Card,15,2189.6
277,354,3088,2025-07-05,Delivered,UPI,5,1012.7
278,354,3091,2025-07-24,Cancelled,COD,0,3846.0
279,356,3116,2025-01-25,Delivered,UPI,0,1808.0
280,356,3117,2025-01-28,Returned,Debit Card,5,1767.0
281,359,3129,2025-03-03,Delivered,UPI,20,597.6
282,360,3157,2025-02-16,Delivered,UPI,0,6877.0
283,360,3159,2025-02-23,Delivered,Credit Card,10,1684.8
284,360,3161,2025-02-25,Cancelled,Debit Card,10,3976.2
285,361,3170,2025-09-17,Delivered,UPI,0,5090.0
286,363,3179,2025-08-06,Delivered,UPI,10,5843.7
287,365,3187,2025-07-22,Delivered,UPI,0,2221.0
288,367,3201,2025-05-22,Delivered,Credit Card,0,3214.0
289,367,3204,2025-06-07,Delivered,Credit Card,0,5951.0
290,367,3209,2025-07-01,Delivered,Debit Card,0,3094.0
291,369,3221,2024-12-19,Delivered,Credit Card,10,2768.4
292,369,3222,2024-12-30,Delivered,UPI,0,7260.0
293,369,3224,2025-01-13,Delivered,UPI,5,4742.4
294,369,3228,2025-01-28,Delivered,Debit Card,15,2363.0
295,369,3230,2025-02-03,Delivered,UPI,0,3948.0
296,370,3249,2025-01-16,Delivered,UPI,20,1760.0
297,370,3252,2025-01-29,Cancelled,UPI,10,1948.5
298,371,3265,2025-08-20,Delivered,UPI,5,4590.4
299,372,3276,2025-11-01,Delivered,Debit Card,5,5983.1
300,376,3292,2025-09-27,Delivered,UPI,10,730.8
301,377,3297,2025-03-31,Delivered,UPI,10,1585.8
302,378,3308,2025-04-22,Delivered,COD,10,3101.4
303,379,3323,2025-01-13,Delivered,UPI,5,12126.75
304,379,3324,2025-01-23,Delivered,UPI,5,873.05
305,379,3326,2025-02-02,Returned,Debit Card,0,1191.0
306,379,3327,2025-02-08,Delivered,UPI,0,3886.0
307,379,3333,2025-04-19,Delivered,COD,0,4187.0
308,380,3339,2025-10-03,Delivered,UPI,0,10117.0
309,381,3349,2025-03-03,Delivered,UPI,15,5820.8
310,381,3351,2025-04-04,Delivered,Credit Card,20,3947.2
311,381,3352,2025-04-08,Delivered,Credit Card,0,3354.0
312,384,3376,2025-07-13,Delivered,UPI,0,946.0
313,388,3400,2024-12-30,Delivered,UPI,15,8411.6
314,388,3403,2025-01-04,Delivered,UPI,10,3363.3
315,389,3421,2025-06-20,Delivered,UPI,10,2072.7
316,390,3428,2025-03-11,Delivered,UPI,5,1050.7
317,393,3443,2025-09-13,Delivered,Debit Card,10,1241.1
318,393,3447,2025-10-11,Delivered,UPI,15,933.3
319,394,3449,2025-08-14,Delivered,Debit Card,0,1880.0
320,394,3451,2025-12-31,Delivered,Net Banking,15,2755.7
321,395,3464,2025-02-20,Delivered,Net Banking,0,346.0
322,395,3466,2025-03-10,Cancelled,UPI,0,9431.0
323,396,3480,2025-07-31,Returned,UPI,0,2402.0
324,397,3500,2025-08-07,Delivered,Net Banking,0,5897.0
325,399,3510,2025-09-13,Delivered,COD,20,1143.2
326,401,3519,2025-06-22,Delivered,UPI,0,2950.0
327,402,3530,2025-04-28,Delivered,UPI,0,4595.0
328,402,3540,2025-08-07,Returned,COD,15,1020.85
329,407,3556,2025-03-23,Delivered,Credit Card,20,11696.0
330,407,3559,2025-04-15,Delivered,UPI,5,6908.4
331,407,3562,2025-06-25,Delivered,UPI,10,7002.9
332,408,3567,2025-04-14,Delivered,Credit Card,0,288.0
333,408,3573,2025-07-09,Delivered,UPI,15,1210.4
334,409,3576,2025-01-13,Returned,UPI,15,5547.95
335,409,3587,2025-03-18,Delivered,UPI,15,2096.1
336,409,3589,2025-03-28,Delivered,Net Banking,0,340.0
337,410,3599,2025-06-24,Delivered,UPI,0,1316.0
338,410,3600,2025-06-28,Delivered,COD,15,4505.85
339,411,3609,2025-11-17,Delivered,UPI,20,1526.4
340,412,3613,2025-06-10,Delivered,Debit Card,20,1501.6
341,412,3621,2025-07-08,Delivered,UPI,0,7757.0
342,414,3638,2025-09-01,Delivered,Credit Card,0,3877.0
343,415,3642,2025-04-11,Delivered,Debit Card,5,497.8
344,416,3660,2025-05-11,Delivered,COD,0,10357.0
345,420,3682,2025-05-02,Returned,UPI,20,1139.2
346,420,3688,2025-05-31,Delivered,UPI,0,2111.0
347,423,3713,2025-02-14,Delivered,Net Banking,20,1395.2
348,424,3723,2025-02-06,Delivered,Debit Card,0,3880.0
349,424,3733,2025-11-26,Returned,Credit Card,0,5125.0
350,424,3735,2025-12-22,Delivered,COD,10,6777.9
351,425,3745,2025-03-22,Delivered,COD,10,2154.6
352,425,3748,2025-04-19,Delivered,UPI,10,9745.2
353,425,3750,2025-04-24,Delivered,Net Banking,0,2093.0
354,426,3754,2025-01-20,Delivered,Debit Card,10,1466.1
355,426,3758,2025-02-11,Delivered,UPI,5,6897.95
356,428,3767,2025-02-26,Delivered,Net Banking,0,5556.0
357,430,3783,2025-01-25,Delivered,Net Banking,0,5951.0
358,431,3790,2025-03-01,Delivered,Net Banking,5,1060.2
359,431,3795,2025-03-21,Delivered,UPI,15,288.15
360,434,3815,2025-01-05,Delivered,Credit Card,10,1956.6
361,434,3816,2025-01-28,Delivered,UPI,5,5210.75
362,436,3839,2025-09-27,Delivered,COD,10,2147.4
363,437,3849,2025-01-27,Delivered,Credit Card,10,1929.6
364,439,3863,2025-08-13,Delivered,Credit Card,20,1431.2
365,439,3866,2025-08-29,Delivered,UPI,10,3349.8
366,439,3869,2025-10-04,Delivered,Net Banking,15,5218.15
367,442,3894,2025-11-27,Delivered,Debit Card,5,3466.55
368,444,3906,2025-09-12,Delivered,UPI,10,1579.5
369,449,3946,2025-08-07,Returned,UPI,0,1201.0
370,451,3967,2025-06-30,Delivered,Debit Card,0,3289.0
371,451,3968,2025-07-01,Delivered,COD,15,288.15
372,451,3971,2025-12-15,Delivered,Debit Card,15,1621.8
373,453,3980,2024-12-11,Delivered,UPI,5,2095.7
374,453,3983,2024-12-26,Delivered,UPI,5,5543.25
375,453,3984,2024-12-27,Delivered,Credit Card,15,672.35
376,453,3989,2025-02-06,Delivered,UPI,15,4457.4
377,453,3997,2025-03-24,Delivered,Net Banking,20,2199.2
378,453,3999,2025-04-06,Delivered,UPI,10,335.7
379,458,4044,2025-05-31,Delivered,Credit Card,20,256.0
380,462,4068,2025-07-27,Delivered,Net Banking,15,2249.1
381,462,4071,2025-08-20,Delivered,UPI,0,4113.0
382,464,4086,2025-04-29,Delivered,Credit Card,0,1622.0
383,466,4095,2025-10-24,Delivered,Credit Card,15,948.6
384,466,4096,2025-10-28,Delivered,UPI,10,886.5
385,467,4099,2025-06-08,Delivered,UPI,10,1335.6
386,468,4108,2025-05-02,Delivered,UPI,5,2890.85
387,468,4111,2025-05-08,Delivered,Debit Card,0,6218.0
388,468,4114,2025-05-24,Delivered,Credit Card,15,3429.75
389,469,4120,2025-01-01,Delivered,Debit Card,0,1402.0
390,471,4138,2025-12-23,Delivered,COD,0,1966.0
391,472,4141,2025-01-15,Delivered,UPI,0,1872.0
392,472,4145,2025-02-09,Delivered,UPI,0,3167.0
393,474,4167,2025-03-12,Delivered,COD,20,2179.2
394,474,4176,2025-04-24,Cancelled,UPI,15,386.75
395,474,4181,2025-06-16,Delivered,Debit Card,0,1589.0
396,476,4211,2025-09-24,Delivered,Debit Card,10,3775.5
397,480,4263,2025-06-08,Delivered,Debit Card,10,2631.6
398,482,4268,2024-12-28,Delivered,Credit Card,0,3506.0
399,482,4273,2025-01-11,Delivered,Credit Card,0,3889.0
400,482,4275,2025-01-14,Returned,UPI,5,1124.8
401,482,4289,2025-04-19,Delivered,UPI,0,1614.0
402,483,4297,2025-06-01,Delivered,UPI,0,1402.0
403,483,4298,2025-06-09,Delivered,UPI,10,6246.9
404,487,4346,2025-02-21,Delivered,UPI,0,1180.0
405,487,4355,2025-04-03,Delivered,Credit Card,0,2761.0
406,488,4363,2025-01-06,Delivered,Credit Card,0,1755.0
407,491,4411,2025-03-27,Delivered,UPI,15,1337.05
408,491,4414,2025-05-13,Delivered,Credit Card,15,592.45
409,491,4417,2025-06-18,Delivered,Debit Card,5,2929.8
410,495,4457,2025-06-23,Delivered,Debit Card,10,2817.9
411,497,4461,2025-07-14,Delivered,Debit Card,10,1627.2
412,498,4466,2025-11-02,Delivered,UPI,0,1607.0
413,498,4467,2025-11-27,Delivered,COD,0,919.0
414,499,4472,2025-04-12,Delivered,UPI,5,5271.55
415,500,4481,2025-07-20,Delivered,UPI,0,1048.0
416,500,4487,2025-10-13,Delivered,Debit Card,5,1778.4
417,502,4514,2025-04-16,Delivered,COD,5,2832.9
418,502,4516,2025-04-18,Delivered,Credit Card,10,995.4
419,503,4524,2025-08-09,Delivered,COD,0,8736.0
420,505,4530,2025-02-07,Delivered,Net Banking,0,2286.0
421,505,4533,2025-04-25,Delivered,COD,0,5275.0
422,509,4573,2025-07-27,Delivered,Debit Card,10,1351.8
423,510,4581,2025-06-10,Delivered,Debit Card,20,2614.4
424,512,4596,2025-07-22,Delivered,UPI,10,2673.9
425,512,4597,2025-08-26,Delivered,UPI,10,5746.5
426,513,4599,2025-03-09,Delivered,COD,0,3235.0
427,513,4603,2025-09-28,Delivered,UPI,0,3291.0
428,516,4626,2025-11-18,Delivered,Credit Card,10,4896.9
429,517,4638,2025-05-26,Delivered,UPI,0,1966.0
430,518,4642,2025-02-07,Delivered,UPI,20,812.8
431,523,4695,2025-10-12,Cancelled,UPI,10,7577.1
432,527,4727,2025-06-08,Delivered,UPI,0,1007.0
433,527,4728,2025-06-09,Delivered,UPI,10,4289.4
434,528,4733,2025-03-26,Delivered,COD,5,1871.5
435,532,4763,2025-05-25,Delivered,UPI,0,644.0
436,533,4768,2025-07-16,Delivered,Debit Card,0,9387.0
437,536,4807,2025-03-09,Delivered,UPI,10,5276.7
438,536,4815,2025-05-08,Delivered,UPI,0,1589.0
439,538,4833,2024-12-17,Returned,Credit Card,10,2390.4
440,538,4834,2024-12-21,Delivered,UPI,30,1519.7
441,543,4883,2025-06-04,Delivered,UPI,0,2033.0
442,545,4902,2025-09-13,Delivered,UPI,0,4871.0
443,546,4908,2025-06-18,Delivered,UPI,10,1004.4
444,547,4916,2025-04-09,Delivered,Debit Card,20,1343.2
445,547,4921,2025-07-16,Delivered,UPI,10,845.1
446,547,4926,2025-09-05,Delivered,Credit Card,0,4236.0
447,548,4940,2025-04-15,Delivered,Net Banking,15,1898.9
448,550,4948,2025-03-25,Delivered,Debit Card,0,5470.0
449,552,4965,2025-01-03,Delivered,UPI,20,910.4
450,552,4974,2025-03-04,Delivered,UPI,15,650.25
451,552,4975,2025-03-05,Cancelled,UPI,0,4308.0
452,552,4976,2025-03-08,Delivered,Debit Card,5,5743.7
453,552,4979,2025-04-04,Delivered,Debit Card,15,2640.1
454,553,4987,2025-10-05,Delivered,Debit Card,10,3456.0
455,555,4995,2025-02-04,Delivered,Credit Card,5,8514.85
456,555,4999,2025-05-01,Delivered,COD,0,1326.0
457,555,5004,2025-07-09,Delivered,COD,15,1186.6
458,557,5019,2025-05-19,Delivered,COD,5,11456.05
459,559,5037,2025-03-15,Delivered,Credit Card,10,11363.4
460,560,5049,2024-12-09,Delivered,Debit Card,10,2313.9
461,560,5051,2024-12-29,Delivered,Debit Card,0,3886.0
462,562,5090,2025-05-22,Delivered,Net Banking,20,1419.2
463,563,5094,2025-09-08,Delivered,Debit Card,10,4586.4
464,564,5104,2025-08-08,Delivered,UPI,5,6927.4
465,564,5107,2025-08-24,Delivered,UPI,20,5555.2
466,565,5109,2025-05-26,Delivered,Debit Card,0,6112.0
467,566,5124,2025-03-16,Delivered,COD,15,1937.15
468,568,5132,2025-05-16,Delivered,UPI,5,8227.0
469,568,5136,2025-07-06,Delivered,COD,15,2057.0
470,570,5142,2025-08-24,Delivered,Credit Card,0,2101.0
471,571,5148,2025-05-15,Delivered,UPI,0,4083.0
472,572,5163,2024-11-29,Delivered,UPI,15,1730.6
473,572,5166,2024-12-20,Delivered,Credit Card,30,971.6
474,572,5168,2024-12-23,Returned,UPI,10,3184.2
475,572,5170,2024-12-25,Delivered,Credit Card,15,10589.3
476,572,5175,2025-01-22,Delivered,COD,5,6173.1
477,572,5177,2025-01-27,Delivered,Net Banking,10,8347.5
478,572,5182,2025-03-10,Delivered,UPI,10,2062.8
479,575,5210,2025-06-04,Delivered,UPI,5,2708.45
480,575,5212,2025-07-08,Delivered,Net Banking,20,6019.2
481,576,5219,2025-04-18,Delivered,Credit Card,10,4859.1
482,576,5223,2025-06-07,Delivered,Debit Card,10,12492.0
483,576,5229,2025-06-13,Delivered,UPI,10,1980.0
484,576,5232,2025-06-26,Delivered,UPI,10,1509.3
485,577,5240,2025-09-04,Delivered,UPI,0,7150.0
486,578,5246,2025-01-04,Delivered,COD,0,3176.0
487,578,5250,2025-03-27,Delivered,COD,0,3970.0
488,578,5252,2025-04-20,Returned,UPI,5,640.3
489,578,5253,2025-04-23,Delivered,UPI,0,1042.0
490,578,5259,2025-08-31,Delivered,Debit Card,5,1453.5
491,581,5280,2025-03-22,Delivered,COD,0,1180.0
492,581,5281,2025-03-23,Delivered,UPI,10,1717.2
493,582,5299,2025-07-25,Delivered,Credit Card,10,622.8
494,583,5310,2025-02-13,Delivered,Credit Card,10,2224.8
495,583,5313,2025-03-01,Returned,COD,0,3886.0
496,583,5314,2025-03-21,Cancelled,Credit Card,5,3591.0
497,583,5321,2025-04-28,Delivered,Credit Card,15,3521.55
498,584,5328,2024-12-17,Cancelled,UPI,10,5565.6
499,588,5370,2025-07-26,Delivered,COD,5,8673.5
500,591,5381,2025-09-10,Delivered,UPI,0,7771.0
501,592,5385,2024-11-23,Returned,UPI,0,3688.0
502,592,5392,2025-01-22,Delivered,COD,10,4373.1
503,592,5395,2025-01-31,Delivered,UPI,0,6489.0
504,593,5408,2025-05-02,Delivered,UPI,10,1771.2
505,593,5410,2025-06-24,Delivered,Credit Card,10,6878.7
506,593,5412,2025-07-21,Delivered,Credit Card,5,3367.75
507,595,5421,2025-10-31,Delivered,Net Banking,20,1785.6
508,596,5422,2025-05-02,Returned,UPI,15,1887.85
509,596,5426,2025-05-30,Delivered,Credit Card,10,9945.0
510,602,5460,2025-05-23,Delivered,UPI,0,896.0
511,602,5466,2025-09-25,Delivered,Debit Card,0,1035.0
512,604,5475,2025-01-11,Delivered,COD,10,4636.8
513,609,5505,2024-12-13,Delivered,UPI,0,3472.0
514,610,5514,2025-07-02,Delivered,UPI,5,726.75
515,612,5522,2025-01-15,Delivered,Debit Card,10,3583.8
516,612,5540,2025-03-15,Delivered,Credit Card,15,5866.7
517,613,5544,2025-01-23,Delivered,UPI,15,1887.0
518,614,5559,2025-03-17,Delivered,Credit Card,0,2382.0
519,614,5561,2025-03-24,Delivered,UPI,20,988.0
520,615,5571,2025-04-01,Delivered,UPI,5,3277.5
521,616,5584,2025-02-05,Delivered,UPI,0,3274.0
522,617,5601,2025-05-31,Delivered,Net Banking,10,3304.8
523,619,5610,2025-02-17,Delivered,Net Banking,0,9760.0
524,621,5633,2025-01-19,Delivered,Debit Card,15,1870.0
525,621,5640,2025-02-15,Returned,UPI,10,6213.6
526,621,5643,2025-03-09,Delivered,COD,0,1446.0
527,622,5650,2025-05-22,Delivered,UPI,10,3212.1
528,622,5657,2025-08-22,Returned,UPI,10,4837.5
529,623,5663,2024-12-04,Delivered,Debit Card,0,2507.0
530,626,5685,2025-03-31,Delivered,COD,15,1371.9
531,626,5686,2025-04-19,Delivered,Credit Card,20,737.6
532,626,5687,2025-05-03,Delivered,UPI,15,2118.2
533,626,5693,2025-06-27,Delivered,UPI,5,7073.7
534,627,5697,2025-03-24,Delivered,COD,0,3043.0
535,628,5699,2025-04-21,Delivered,UPI,0,4946.0
536,629,5718,2025-03-28,Delivered,Credit Card,0,1983.0
537,630,5729,2025-01-31,Delivered,UPI,10,829.8
538,630,5732,2025-03-24,Delivered,COD,0,1780.0
539,630,5734,2025-04-12,Delivered,Credit Card,15,4131.85
540,631,5743,2025-03-27,Delivered,Debit Card,15,1880.2
541,634,5769,2025-11-08,Returned,UPI,5,645.05
542,635,5794,2025-03-14,Delivered,UPI,30,7978.6
543,637,5804,2025-08-11,Delivered,COD,15,2418.25
544,637,5810,2025-09-10,Delivered,Debit Card,10,5477.4
545,638,5814,2025-02-20,Delivered,COD,0,1379.0
546,638,5815,2025-02-24,Delivered,Credit Card,30,2281.3
547,638,5828,2025-05-30,Delivered,COD,0,8414.0
548,639,5831,2025-06-15,Delivered,Debit Card,5,3624.25
549,639,5834,2025-08-07,Delivered,UPI,10,3852.0
550,640,5839,2025-12-25,Delivered,Credit Card,10,2919.6
551,642,5845,2025-03-01,Delivered,UPI,5,2262.9
552,642,5846,2025-03-07,Delivered,Credit Card,10,5277.6
553,642,5850,2025-04-07,Delivered,Debit Card,10,3280.5
554,642,5858,2025-05-01,Delivered,UPI,15,1177.25
555,645,5879,2025-05-30,Cancelled,Credit Card,20,2657.6
556,648,5895,2025-12-18,Delivered,COD,30,1246.0
557,649,5896,2024-12-26,Delivered,Debit Card,10,3266.1
558,649,5900,2025-01-16,Returned,UPI,5,851.2
559,649,5906,2025-02-15,Delivered,Debit Card,0,700.0
560,649,5915,2025-05-20,Delivered,Debit Card,15,5652.5
561,651,5925,2025-04-23,Delivered,UPI,20,4997.6
562,652,5933,2025-07-11,Cancelled,COD,10,5190.3
563,652,5934,2025-07-12,Delivered,UPI,0,10304.0
564,655,5948,2025-08-24,Returned,Debit Card,10,4284.0
565,657,5951,2025-02-24,Delivered,Credit Card,5,7541.1
566,660,5973,2025-04-08,Delivered,Net Banking,10,2154.6
567,661,5990,2025-05-16,Delivered,Credit Card,20,1265.6
568,661,5994,2025-07-27,Delivered,Credit Card,20,2340.8
569,662,6003,2025-06-21,Delivered,Credit Card,20,2136.8
570,663,6007,2025-04-28,Delivered,COD,5,4554.3
571,665,6023,2025-01-27,Delivered,UPI,20,4048.0
572,665,6030,2025-09-01,Delivered,Net Banking,15,2478.6
573,666,6035,2025-03-09,Delivered,Net Banking,0,3961.0
574,666,6037,2025-03-30,Delivered,Net Banking,5,5067.3
575,666,6040,2025-04-03,Delivered,Debit Card,20,804.0
576,666,6050,2025-06-19,Delivered,Credit Card,10,4205.7
577,668,6055,2025-07-27,Delivered,COD,10,2683.8
578,668,6063,2025-09-10,Delivered,Net Banking,5,5136.65
579,669,6069,2024-11-20,Delivered,Debit Card,10,3930.3
580,669,6071,2024-12-04,Delivered,UPI,0,455.0
581,669,6072,2024-12-05,Delivered,UPI,15,1859.8
582,669,6084,2025-03-11,Delivered,Credit Card,5,366.7
583,670,6095,2025-02-19,Delivered,UPI,15,3983.1
584,670,6099,2025-05-13,Delivered,COD,5,1137.15
585,671,6109,2025-06-08,Delivered,UPI,0,1834.0
586,671,6116,2025-07-06,Delivered,Credit Card,15,2210.0
587,674,6147,2025-03-14,Delivered,COD,5,965.2
588,674,6150,2025-04-25,Returned,UPI,20,952.8
589,675,6157,2025-05-24,Delivered,UPI,5,1729.95
590,675,6159,2025-06-26,Delivered,UPI,10,5981.4
591,675,6160,2025-07-03,Delivered,UPI,0,3705.0
592,675,6161,2025-07-11,Delivered,Debit Card,10,7384.5
593,678,6199,2024-11-07,Returned,Debit Card,0,5150.0
594,678,6210,2025-05-12,Delivered,Credit Card,20,2752.8
595,680,6224,2025-11-11,Delivered,Net Banking,0,4308.0
596,681,6229,2025-08-31,Delivered,UPI,20,4455.2
597,682,6235,2025-12-24,Delivered,UPI,15,1846.2
598,684,6243,2025-11-29,Delivered,UPI,30,4751.6
599,685,6247,2025-01-12,Returned,COD,15,906.1
600,687,6254,2025-03-22,Delivered,Net Banking,20,1915.2
601,687,6258,2025-05-26,Delivered,UPI,10,6295.5
602,687,6265,2025-08-31,Delivered,Credit Card,5,2725.55
603,690,6293,2025-04-21,Delivered,Net Banking,0,3289.0
604,693,6310,2024-12-06,Delivered,Credit Card,10,306.0
605,694,6320,2025-06-15,Delivered,Debit Card,5,5197.45
606,696,6337,2025-02-25,Returned,COD,15,1124.55
607,696,6338,2025-02-27,Delivered,COD,15,7187.6
608,696,6342,2025-03-22,Returned,Credit Card,10,1445.4
609,697,6358,2025-03-16,Delivered,UPI,10,6579.0
610,697,6366,2025-05-29,Delivered,UPI,10,7583.4
611,701,6381,2025-05-07,Delivered,COD,0,11656.0
612,701,6386,2025-05-31,Cancelled,UPI,10,2165.4
613,701,6390,2025-06-15,Delivered,Credit Card,10,1321.2
614,702,6395,2024-11-15,Delivered,UPI,15,2534.7
615,702,6402,2024-12-24,Delivered,Credit Card,0,1666.0
616,702,6411,2025-02-09,Delivered,Net Banking,10,392.4
617,704,6427,2025-06-18,Returned,Credit Card,10,4317.3
618,705,6436,2025-08-06,Delivered,UPI,10,4224.6
619,706,6442,2025-05-07,Delivered,Credit Card,0,1446.0
620,708,6462,2025-03-31,Delivered,Net Banking,5,1833.5
621,709,6477,2024-12-02,Delivered,Debit Card,5,640.3
622,709,6485,2025-01-01,Delivered,COD,10,5589.0
623,711,6519,2025-02-16,Delivered,Net Banking,15,561.85
624,712,6534,2025-04-28,Delivered,Credit Card,5,577.6
625,713,6542,2025-02-08,Delivered,UPI,0,732.0
626,713,6547,2025-05-01,Returned,UPI,0,1202.0
627,714,6562,2024-12-10,Delivered,COD,15,4114.0
628,714,6566,2025-01-10,Delivered,COD,10,978.3
629,718,6589,2025-06-20,Delivered,UPI,15,1123.7
630,718,6590,2025-07-02,Delivered,Debit Card,5,478.8
631,719,6596,2025-02-19,Delivered,UPI,0,4878.0
632,721,6607,2025-02-20,Returned,COD,0,2829.0
633,721,6609,2025-02-23,Delivered,COD,0,2326.0
634,721,6613,2025-03-21,Delivered,UPI,5,2926.0
635,721,6619,2025-04-07,Returned,Credit Card,10,3106.8
636,721,6621,2025-04-14,Delivered,Credit Card,10,2762.1
637,725,6635,2025-07-25,Delivered,Credit Card,10,1156.5
638,726,6659,2025-03-16,Delivered,Net Banking,0,436.0
639,726,6660,2025-04-03,Cancelled,UPI,0,4921.0
640,727,6664,2024-12-04,Delivered,UPI,15,1598.0
641,727,6665,2024-12-07,Delivered,Credit Card,0,3263.0
642,727,6685,2025-02-25,Delivered,UPI,10,8207.1
643,728,6689,2025-05-30,Delivered,Debit Card,5,1392.7
644,731,6719,2025-07-20,Delivered,Credit Card,10,4297.5
645,732,6725,2025-07-31,Delivered,UPI,0,1117.0
646,732,6727,2025-09-30,Delivered,UPI,0,5097.0
647,733,6734,2025-06-11,Delivered,Debit Card,5,4705.35
648,735,6751,2024-12-17,Delivered,UPI,0,7944.0
649,735,6764,2025-01-25,Delivered,COD,5,2342.7
650,735,6765,2025-01-27,Delivered,UPI,0,3886.0
651,735,6769,2025-03-26,Delivered,UPI,0,2780.0
652,738,6800,2025-04-04,Returned,Net Banking,0,1446.0
653,738,6801,2025-04-05,Delivered,Net Banking,0,3488.0
654,741,6821,2025-03-05,Delivered,Credit Card,0,3284.0
655,744,6834,2025-11-07,Delivered,Credit Card,0,1734.0
656,745,6840,2025-03-14,Delivered,Credit Card,10,392.4
657,749,6856,2025-10-02,Delivered,UPI,0,2828.0
658,750,6875,2025-04-16,Delivered,Net Banking,20,6185.6
659,750,6877,2025-04-28,Delivered,UPI,5,1373.7
660,750,6878,2025-05-07,Delivered,COD,0,3510.0
661,751,6883,2025-07-02,Delivered,Credit Card,20,1596.0
662,751,6884,2025-07-17,Delivered,Credit Card,15,8763.5
663,752,6888,2025-10-30,Delivered,UPI,20,1894.4
664,754,6908,2025-03-19,Delivered,UPI,10,7670.7
665,754,6915,2025-05-25,Delivered,UPI,0,1101.0
666,756,6925,2025-01-14,Delivered,Net Banking,10,1249.2
667,756,6926,2025-01-29,Delivered,Debit Card,10,7398.9
668,756,6927,2025-03-02,Delivered,UPI,0,11647.0
669,757,6934,2025-04-29,Returned,Debit Card,5,3345.9
670,758,6945,2025-03-14,Delivered,UPI,0,4595.0
671,758,6955,2025-05-06,Delivered,COD,0,3244.0
672,759,6962,2025-04-13,Delivered,COD,10,2475.9
673,759,6970,2025-07-30,Delivered,Debit Card,0,765.0
674,759,6971,2025-08-03,Delivered,UPI,0,5549.0
675,760,6977,2025-06-17,Delivered,COD,10,4962.6
676,760,6983,2025-07-17,Delivered,UPI,20,2467.2
677,760,6984,2025-07-18,Delivered,Credit Card,0,2174.0
678,761,6988,2025-09-12,Delivered,COD,0,3284.0
679,762,6994,2025-03-10,Cancelled,Credit Card,10,4878.9
680,763,7006,2025-07-15,Delivered,Credit Card,20,5164.8
681,764,7013,2024-11-10,Delivered,Credit Card,30,1638.0
682,764,7016,2024-12-13,Delivered,Credit Card,20,641.6
683,764,7029,2025-06-27,Returned,UPI,10,2997.9
684,766,7036,2025-08-23,Delivered,Credit Card,20,5369.6
685,767,7037,2025-01-01,Delivered,Net Banking,5,1691.0
686,767,7041,2025-06-13,Returned,UPI,0,1370.0
687,767,7043,2025-06-28,Delivered,UPI,5,3790.5
688,770,7064,2025-08-13,Returned,Credit Card,20,812.8
689,771,7075,2025-10-02,Delivered,UPI,0,1582.0
690,772,7077,2025-06-19,Delivered,UPI,0,2093.0
691,776,7112,2025-01-23,Delivered,COD,10,3737.7
692,777,7129,2025-12-25,Delivered,COD,5,3159.7
693,779,7131,2025-01-20,Delivered,Credit Card,0,10689.0
694,779,7137,2025-04-12,Delivered,Net Banking,0,3424.0
695,780,7145,2025-03-23,Delivered,UPI,30,4090.8
696,780,7146,2025-03-24,Delivered,UPI,5,5686.7
697,780,7148,2025-03-29,Delivered,UPI,0,4824.0
698,780,7151,2025-04-19,Delivered,UPI,5,3281.3
699,780,7153,2025-05-09,Delivered,UPI,0,3820.0
700,780,7158,2025-08-17,Delivered,UPI,0,5308.0
701,781,7163,2025-04-17,Delivered,COD,5,3800.95
702,784,7189,2025-03-28,Delivered,Credit Card,10,494.1
703,784,7190,2025-04-25,Delivered,UPI,15,1777.35
704,784,7191,2025-05-28,Delivered,UPI,0,2014.0
705,784,7193,2025-06-29,Delivered,UPI,0,1606.0
706,785,7197,2025-12-15,Delivered,COD,0,1066.0
707,788,7204,2025-07-05,Delivered,Credit Card,0,1681.0
708,789,7222,2025-05-27,Delivered,UPI,0,3524.0
709,790,7229,2025-04-12,Delivered,Debit Card,10,5252.4
710,790,7238,2025-06-24,Delivered,Net Banking,0,914.0
711,791,7250,2025-03-19,Delivered,Credit Card,15,926.5
712,792,7266,2025-01-10,Delivered,UPI,10,5837.4
713,793,7280,2025-03-10,Delivered,UPI,0,4543.0
714,793,7283,2025-04-23,Delivered,Credit Card,30,1632.4
715,793,7285,2025-05-29,Delivered,UPI,0,4402.0
716,793,7290,2025-08-31,Delivered,UPI,15,2943.55
717,794,7298,2024-12-22,Returned,COD,0,4359.0
718,794,7301,2025-01-14,Delivered,Credit Card,10,3665.7
719,794,7305,2025-01-27,Delivered,Debit Card,5,2668.55
720,794,7306,2025-02-02,Delivered,Net Banking,0,6154.0
721,794,7313,2025-04-14,Delivered,Net Banking,0,789.0
722,794,7314,2025-04-19,Delivered,UPI,0,2353.0
723,798,7347,2025-06-08,Delivered,UPI,10,1301.4
724,799,7350,2024-11-17,Returned,COD,15,2445.45
725,800,7364,2025-05-14,Delivered,UPI,20,1395.2
726,801,7372,2025-03-01,Delivered,UPI,30,5282.2
727,801,7375,2025-04-12,Delivered,Debit Card,0,1562.0
728,801,7378,2025-05-03,Delivered,COD,10,3139.2
729,802,7386,2025-01-21,Delivered,Debit Card,0,4137.0
730,804,7411,2025-07-26,Delivered,Credit Card,15,1077.8
731,805,7422,2025-05-05,Delivered,UPI,10,4043.7
732,805,7426,2025-06-05,Returned,Credit Card,5,891.1
733,806,7442,2025-06-13,Delivered,UPI,5,5488.15
734,808,7447,2025-12-17,Delivered,Debit Card,15,5987.4
735,809,7450,2025-04-19,Cancelled,Debit Card,0,9498.0
736,813,7479,2025-05-09,Delivered,UPI,10,3101.4
737,813,7481,2025-06-19,Delivered,Debit Card,10,2550.6
738,815,7499,2025-04-09,Returned,COD,15,797.3
739,816,7511,2025-04-08,Delivered,UPI,20,2975.2
740,816,7518,2025-05-25,Delivered,Credit Card,15,1779.05
741,817,7533,2025-09-09,Delivered,UPI,10,4671.0
742,819,7542,2025-01-03,Delivered,COD,0,4359.0
743,819,7547,2025-03-02,Returned,UPI,5,7486.0
744,819,7554,2025-05-24,Delivered,Credit Card,15,1967.75
745,820,7559,2025-04-08,Returned,Credit Card,5,1061.15
746,820,7570,2025-07-01,Delivered,UPI,0,1101.0
747,820,7571,2025-07-09,Delivered,Debit Card,10,1672.2
748,822,7576,2024-12-06,Delivered,Debit Card,10,2069.1
749,822,7578,2025-01-17,Cancelled,Credit Card,15,1173.0
750,822,7581,2025-04-29,Delivered,COD,15,2717.45
751,823,7593,2025-06-07,Delivered,Credit Card,10,6076.8
752,823,7603,2025-09-11,Delivered,UPI,30,305.2
753,827,7654,2025-05-26,Delivered,COD,15,6258.55
754,828,7661,2025-07-04,Cancelled,UPI,30,1425.2
755,828,7663,2025-07-11,Delivered,Debit Card,0,6396.0
756,830,7680,2025-09-25,Delivered,Credit Card,5,2192.6
757,831,7694,2025-09-11,Delivered,UPI,5,1867.7
758,832,7701,2025-04-11,Delivered,Credit Card,0,660.0
759,833,7710,2024-12-08,Delivered,COD,30,847.0
760,833,7711,2024-12-20,Delivered,Net Banking,20,2196.8
761,833,7714,2025-01-16,Delivered,UPI,0,4308.0
762,833,7715,2025-02-03,Delivered,UPI,5,2075.75
763,833,7716,2025-04-11,Delivered,COD,10,1962.0
764,833,7718,2025-05-02,Delivered,Net Banking,15,3959.3
765,834,7724,2025-10-13,Delivered,UPI,5,2915.55
766,836,7731,2025-06-19,Delivered,Credit Card,0,5962.0
767,839,7741,2025-02-02,Delivered,UPI,0,7721.0
768,841,7750,2025-04-14,Delivered,UPI,0,1066.0
769,846,7790,2025-05-24,Delivered,Debit Card,15,445.4
770,846,7793,2025-06-03,Delivered,Debit Card,20,2301.6
771,847,7794,2025-11-18,Delivered,COD,0,3342.0
772,850,7815,2025-04-19,Delivered,UPI,15,6114.9
773,852,7827,2025-05-26,Delivered,Credit Card,30,976.5
774,854,7831,2025-03-29,Delivered,Credit Card,5,1149.5
775,854,7832,2025-04-09,Delivered,COD,0,4346.0
776,855,7840,2025-10-03,Delivered,Net Banking,15,926.5
777,856,7846,2025-01-17,Delivered,Credit Card,0,3779.0
778,857,7857,2025-09-08,Delivered,Credit Card,15,1870.0
779,858,7864,2025-04-19,Delivered,COD,0,545.0
780,859,7890,2025-03-24,Delivered,Net Banking,5,6442.9
781,859,7892,2025-04-10,Delivered,COD,0,1007.0
782,860,7897,2025-06-09,Returned,COD,0,2326.0
783,861,7905,2024-12-19,Delivered,UPI,0,4850.0
784,861,7916,2025-02-28,Delivered,UPI,5,7008.15
785,861,7922,2025-04-05,Delivered,UPI,5,3868.4
786,861,7923,2025-04-10,Delivered,Net Banking,15,2449.7
787,862,7930,2025-08-21,Delivered,Credit Card,0,6921.0
788,866,7955,2025-04-19,Delivered,UPI,5,2832.9
789,867,7962,2024-12-04,Delivered,UPI,0,6758.0
790,867,7967,2025-04-23,Cancelled,UPI,0,922.0
791,871,7999,2025-01-28,Delivered,UPI,0,1582.0
792,871,8011,2025-03-23,Delivered,UPI,5,875.9
793,873,8034,2025-02-14,Delivered,UPI,0,2536.0
794,874,8045,2025-08-12,Delivered,UPI,0,679.0
795,876,8062,2024-12-16,Delivered,UPI,0,1970.0
796,876,8064,2024-12-26,Delivered,Debit Card,0,7279.0
797,876,8065,2024-12-28,Returned,UPI,0,4851.0
798,877,8091,2024-12-27,Delivered,Debit Card,5,8821.7
799,877,8097,2025-03-14,Delivered,UPI,0,1265.0
800,877,8100,2025-04-02,Delivered,UPI,30,480.9
801,882,8132,2025-05-29,Delivered,UPI,10,792.0
802,883,8140,2025-10-03,Delivered,UPI,15,1667.7
803,887,8165,2025-08-04,Delivered,Debit Card,0,7534.0
804,889,8175,2025-07-21,Delivered,UPI,10,1786.5
805,891,8195,2025-07-14,Delivered,Net Banking,0,10291.0
806,892,8204,2025-01-24,Delivered,UPI,15,4785.5
807,892,8213,2025-03-23,Delivered,COD,10,1759.5
808,893,8220,2025-04-21,Delivered,Credit Card,10,6202.8
809,893,8225,2025-08-18,Delivered,UPI,0,2326.0
810,894,8239,2025-02-13,Delivered,COD,10,990.9
811,895,8253,2025-07-10,Delivered,UPI,10,3837.6
812,896,8274,2025-04-21,Returned,UPI,15,3199.4
813,898,8289,2025-08-27,Delivered,Net Banking,5,1221.7
814,900,8313,2025-07-27,Delivered,UPI,15,3905.75
815,901,8323,2025-03-11,Delivered,UPI,15,2302.65
816,904,8346,2024-12-23,Delivered,Debit Card,0,2269.0
817,904,8353,2025-02-21,Delivered,COD,0,1191.0
818,904,8359,2025-04-20,Delivered,UPI,0,9309.0
819,905,8364,2025-11-19,Delivered,Credit Card,15,2028.95
820,906,8366,2025-03-28,Delivered,Debit Card,5,4433.65
821,907,8375,2025-07-18,Returned,UPI,0,2388.0
822,907,8378,2025-08-08,Delivered,Net Banking,20,4057.6
823,908,8385,2025-04-20,Returned,COD,0,791.0
824,908,8393,2025-12-29,Delivered,COD,5,1857.25
825,909,8401,2025-05-24,Delivered,Net Banking,10,5599.8
826,910,8410,2025-05-26,Returned,Debit Card,0,1045.0
827,912,8424,2025-08-14,Delivered,Credit Card,15,1822.4
828,913,8436,2025-06-30,Delivered,COD,15,1172.15
829,916,8450,2025-02-16,Delivered,Debit Card,5,3228.1
830,916,8460,2025-04-19,Delivered,Credit Card,0,474.0
831,916,8461,2025-04-20,Delivered,Debit Card,10,3631.5
832,921,8498,2025-09-24,Delivered,COD,5,2064.35
833,923,8511,2025-01-23,Delivered,Credit Card,0,3074.0
834,923,8513,2025-03-03,Delivered,COD,10,1954.8
835,925,8549,2025-12-06,Delivered,UPI,0,3886.0
836,926,8550,2024-12-01,Delivered,Credit Card,5,1250.2
837,926,8563,2025-02-14,Delivered,Debit Card,5,5336.15
838,926,8573,2025-03-25,Delivered,COD,10,6787.8
839,928,8586,2025-01-07,Delivered,Credit Card,5,5085.35
840,928,8602,2025-04-25,Cancelled,UPI,10,3139.2
841,930,8609,2025-04-20,Delivered,Net Banking,15,2118.2
842,931,8625,2025-05-12,Delivered,UPI,5,1045.95
843,931,8626,2025-05-30,Delivered,Net Banking,5,7324.5
844,933,8632,2025-05-03,Returned,Credit Card,5,3221.45
845,933,8642,2025-10-04,Delivered,Debit Card,5,323.0
846,934,8648,2025-01-26,Cancelled,UPI,0,1202.0
847,934,8661,2025-05-20,Delivered,COD,0,288.0
848,935,8664,2025-04-08,Delivered,COD,5,1857.25
849,938,8684,2025-07-03,Delivered,Credit Card,0,1684.0
850,938,8686,2025-08-16,Cancelled,COD,0,2748.0
851,941,8692,2025-06-26,Delivered,Debit Card,0,4917.0
852,942,8697,2024-11-16,Delivered,Debit Card,0,1693.0
853,942,8707,2025-02-19,Delivered,UPI,10,2219.4
854,942,8716,2025-03-20,Returned,Credit Card,0,1796.0
855,944,8726,2025-02-21,Returned,UPI,15,614.55
856,944,8735,2025-05-22,Delivered,Debit Card,5,2091.9
857,944,8736,2025-05-23,Delivered,UPI,0,5317.0
858,949,8765,2024-11-13,Delivered,Credit Card,5,13972.6
859,949,8773,2025-02-18,Delivered,UPI,0,2093.0
860,949,8782,2025-08-07,Delivered,UPI,5,2641.0
861,958,8814,2025-04-15,Delivered,UPI,30,5440.4
862,959,8815,2025-03-19,Delivered,Credit Card,30,425.6
863,959,8828,2025-06-01,Delivered,UPI,10,800.1
864,959,8831,2025-07-04,Delivered,Debit Card,0,881.0
865,961,8861,2025-09-29,Delivered,COD,0,10207.0
866,966,8886,2025-05-05,Delivered,UPI,10,2841.3
867,966,8889,2025-05-21,Delivered,Net Banking,10,2316.6
868,966,8891,2025-06-27,Delivered,UPI,0,7677.0
869,967,8900,2025-08-08,Delivered,Credit Card,0,5578.0
870,968,8912,2025-06-08,Delivered,UPI,0,2221.0
871,968,8913,2025-06-13,Delivered,UPI,5,4009.0
872,969,8920,2025-03-30,Delivered,COD,10,3195.9
873,971,8937,2025-09-23,Delivered,UPI,0,7826.0
874,971,8940,2025-10-01,Delivered,UPI,0,6916.0
875,974,8949,2025-10-24,Delivered,COD,20,1097.6
876,974,8950,2025-11-19,Delivered,UPI,20,1748.0
877,975,8957,2025-08-23,Delivered,Credit Card,10,4392.0
878,976,8961,2024-12-23,Delivered,Credit Card,30,238.0
879,976,8964,2025-01-03,Delivered,COD,20,751.2
880,976,8974,2025-02-25,Delivered,COD,10,3519.0
881,978,8991,2025-03-24,Returned,UPI,15,7267.5
882,980,9002,2025-12-11,Delivered,UPI,10,606.6
883,982,9018,2025-12-31,Delivered,UPI,10,1080.9
884,984,9025,2025-01-12,Delivered,Net Banking,0,5062.0
885,984,9038,2025-09-07,Delivered,Credit Card,15,1759.5
886,987,9051,2024-11-30,Delivered,Debit Card,10,928.8
887,987,9054,2025-01-01,Delivered,UPI,30,4052.3
888,987,9057,2025-01-12,Delivered,Debit Card,0,1776.0
889,987,9058,2025-01-24,Delivered,Credit Card,0,5784.0
890,987,9069,2025-04-06,Delivered,UPI,0,11486.0
891,991,9083,2025-03-21,Delivered,UPI,0,4062.0
892,991,9092,2025-05-15,Delivered,COD,15,1327.7
893,991,9095,2025-06-17,Delivered,UPI,10,3573.0
894,993,9111,2025-04-06,Cancelled,Debit Card,5,3099.85
895,994,9120,2025-03-31,Delivered,COD,5,2357.9
896,996,9136,2025-03-15,Delivered,UPI,5,1121.0
897,997,9147,2025-08-10,Delivered,UPI,5,1986.45
898,997,9150,2025-09-06,Delivered,UPI,5,1032.65
899,1000,9161,2025-10-02,Delivered,COD,5,497.8
900,1001,9171,2025-01-08,Delivered,Debit Card,15,2691.95
901,1001,9181,2025-04-05,Delivered,Net Banking,5,1540.9
902,1001,9184,2025-04-15,Delivered,Debit Card,5,1352.8
903,1002,9186,2025-12-24,Delivered,UPI,10,5108.4
904,1003,9189,2025-03-12,Delivered,COD,10,2611.8
905,1003,9203,2025-06-13,Delivered,UPI,15,3495.2
906,1004,9217,2025-06-17,Delivered,UPI,20,6408.8
907,1006,9226,2025-09-16,Delivered,UPI,5,6498.95
908,1011,9248,2025-07-24,Returned,UPI,10,3389.4
909,1015,9285,2025-05-14,Delivered,Debit Card,15,1049.75
910,1016,9291,2025-09-19,Delivered,COD,0,676.0
911,1016,9292,2025-11-02,Delivered,Net Banking,10,3529.8
912,1022,9318,2025-08-22,Delivered,COD,0,9946.0
913,1023,9323,2025-03-05,Delivered,UPI,5,2635.3
914,1023,9328,2025-07-06,Delivered,Debit Card,15,4890.9
915,1027,9355,2025-05-24,Delivered,UPI,0,2679.0
916,1028,9372,2025-01-19,Delivered,COD,10,4268.7
917,1028,9375,2025-02-19,Returned,Credit Card,0,10936.0
918,1029,9385,2025-08-01,Delivered,UPI,15,10282.45
919,1031,9399,2025-04-12,Delivered,UPI,5,2249.6
920,1032,9406,2025-02-22,Delivered,Debit Card,10,518.4
921,1032,9408,2025-03-14,Delivered,UPI,15,3625.25
922,1032,9412,2025-07-19,Delivered,Credit Card,20,3936.0
923,1032,9414,2025-08-06,Delivered,Debit Card,10,886.5
924,1033,9420,2025-07-24,Delivered,COD,15,3258.9
925,1034,9430,2025-03-23,Returned,Credit Card,15,3249.55
926,1034,9434,2025-03-30,Delivered,Credit Card,5,2014.95
927,1034,9436,2025-04-07,Delivered,COD,15,5317.6
928,1035,9450,2025-04-05,Delivered,UPI,5,1797.4
929,1041,9496,2024-12-17,Delivered,UPI,10,650.7
930,1041,9499,2025-02-17,Returned,UPI,10,6303.6
931,1042,9509,2025-04-08,Delivered,Debit Card,20,1096.0
932,1043,9522,2025-02-17,Delivered,Debit Card,0,5135.0
933,1043,9524,2025-03-03,Delivered,Credit Card,0,1929.0
934,1045,9559,2025-07-28,Delivered,UPI,0,3814.0
935,1045,9562,2025-10-01,Delivered,UPI,10,1301.4
936,1046,9566,2025-06-13,Delivered,Net Banking,0,2180.0
937,1046,9569,2025-08-11,Delivered,Net Banking,10,2194.2
938,1049,9580,2025-09-18,Returned,UPI,0,676.0
939,1049,9581,2025-10-23,Delivered,Credit Card,10,2533.5
940,1053,9608,2025-05-30,Delivered,Debit Card,5,2165.05
941,1054,9614,2025-08-27,Delivered,UPI,10,2804.4
942,1054,9616,2025-09-29,Delivered,UPI,0,789.0
943,1056,9635,2025-04-30,Delivered,Debit Card,0,697.0
944,1056,9643,2025-08-17,Delivered,UPI,0,1684.0
945,1058,9664,2025-09-24,Delivered,UPI,10,611.1
946,1060,9683,2025-07-08,Cancelled,Credit Card,0,2404.0
947,1061,9687,2024-12-17,Delivered,UPI,30,1253.7
948,1061,9688,2025-01-28,Delivered,COD,0,1872.0
949,1063,9705,2025-08-26,Delivered,UPI,0,5380.0
950,1064,9710,2025-06-04,Cancelled,UPI,20,2460.8
951,1064,9713,2025-07-28,Delivered,Net Banking,0,2208.0
952,1065,9716,2024-11-11,Delivered,UPI,10,5360.4
953,1065,9723,2025-04-16,Delivered,UPI,20,5067.2
954,1068,9752,2025-07-16,Delivered,Debit Card,15,3762.1
955,1068,9753,2025-12-01,Delivered,UPI,10,1954.8
956,1070,9766,2025-12-22,Delivered,UPI,5,3502.65
957,1071,9769,2024-11-29,Delivered,UPI,15,2882.35
958,1073,9797,2025-03-23,Delivered,Credit Card,20,1653.6
959,1074,9799,2025-05-26,Delivered,COD,10,3101.4
960,1074,9803,2025-08-05,Delivered,UPI,10,1569.6
961,1077,9834,2025-10-10,Cancelled,COD,15,4208.35
962,1078,9837,2025-09-29,Returned,Debit Card,10,6804.0
963,1080,9853,2024-11-19,Delivered,Credit Card,0,2492.0
964,1081,9880,2025-03-01,Delivered,Net Banking,5,2733.15
965,1081,9881,2025-03-02,Delivered,Credit Card,10,1159.2
966,1081,9890,2025-07-21,Delivered,Credit Card,0,5611.0
967,1083,9906,2025-09-17,Delivered,Debit Card,10,628.2
968,1084,9908,2025-07-07,Delivered,UPI,0,262.0
969,1084,9911,2025-08-04,Delivered,UPI,20,2183.2
970,1086,9922,2025-02-05,Delivered,UPI,0,6318.0
971,1086,9930,2025-09-29,Delivered,UPI,5,8910.05
972,1088,9935,2024-11-23,Delivered,Net Banking,10,2008.8
973,1088,9938,2025-07-10,Delivered,COD,20,1544.0
974,1089,9954,2024-12-26,Delivered,COD,5,627.95
975,1092,10003,2025-11-04,Returned,UPI,15,4730.25
976,1092,10004,2025-11-10,Delivered,UPI,10,1459.8
977,1093,10008,2025-09-05,Delivered,UPI,5,663.1
978,1096,10052,2025-05-09,Delivered,UPI,5,4598.0
979,1103,10083,2025-12-09,Delivered,UPI,10,9110.7
980,1108,10106,2025-01-21,Delivered,COD,5,8067.4
981,1108,10113,2025-10-02,Delivered,COD,10,1024.2
982,1109,10115,2025-02-17,Delivered,COD,10,2762.1
983,1109,10117,2025-02-27,Delivered,Debit Card,5,8730.5
984,1109,10122,2025-04-02,Delivered,UPI,0,1502.0
985,1109,10133,2025-06-21,Delivered,UPI,10,3631.5
986,1114,10155,2025-02-18,Delivered,UPI,5,2369.3
987,1116,10169,2025-05-06,Returned,UPI,0,4871.0
988,1116,10171,2025-10-13,Delivered,COD,0,4920.0
989,1119,10191,2025-08-04,Delivered,Credit Card,10,9747.0
990,1120,10199,2025-07-21,Delivered,COD,10,2466.0
991,1120,10202,2025-08-06,Delivered,Net Banking,0,6585.0
992,1121,10205,2025-10-15,Delivered,UPI,10,453.6
993,1124,10224,2025-03-31,Delivered,UPI,20,3104.0
994,1125,10243,2025-09-13,Delivered,Debit Card,5,1061.15
995,1127,10264,2025-03-17,Returned,Credit Card,0,1087.0
996,1127,10277,2025-05-27,Delivered,Credit Card,30,5325.6
997,1132,10298,2025-03-25,Delivered,Credit Card,10,800.1
998,1133,10301,2025-11-23,Delivered,COD,0,3251.0
999,1139,10334,2025-02-26,Returned,UPI,0,2232.0
1000,1142,10366,2025-10-27,Delivered,UPI,30,5797.4
1001,1143,10368,2024-12-25,Delivered,Net Banking,10,1071.9
1002,1144,10390,2025-09-22,Delivered,UPI,20,3526.4
1003,1148,10414,2025-05-15,Delivered,UPI,0,640.0
1004,1148,10417,2025-06-11,Delivered,UPI,0,3258.0
1005,1149,10425,2025-08-01,Delivered,COD,0,480.0
1006,1155,10469,2024-12-06,Delivered,Credit Card,15,614.55
1007,1160,10516,2025-08-08,Delivered,COD,15,2315.4
1008,1162,10537,2025-03-17,Returned,Debit Card,10,4934.7
1009,1164,10544,2025-12-08,Delivered,COD,10,2574.0
1010,1168,10568,2025-11-09,Delivered,UPI,10,3877.2
1011,1169,10571,2025-06-27,Delivered,UPI,5,2003.55
1012,1169,10572,2025-07-11,Delivered,Debit Card,5,1832.55
1013,1170,10574,2024-11-11,Delivered,Credit Card,0,2572.0
1014,1171,10585,2025-05-26,Delivered,UPI,10,392.4
1015,1177,10619,2024-12-25,Returned,UPI,0,11177.0
1016,1177,10628,2025-02-21,Delivered,Net Banking,15,1734.0
1017,1177,10641,2025-04-22,Delivered,UPI,15,3502.85
1018,1179,10647,2025-07-06,Delivered,UPI,0,5964.0
1019,1179,10651,2025-08-03,Delivered,Credit Card,0,2090.0
1020,1183,10686,2025-11-28,Delivered,UPI,10,928.8
1021,1184,10693,2024-12-26,Delivered,Credit Card,5,642.2
1022,1185,10708,2025-07-25,Delivered,Debit Card,10,1246.5
1023,1191,10767,2024-11-26,Delivered,UPI,0,3278.0
1024,1191,10768,2024-12-08,Delivered,Credit Card,0,9947.0
1025,1191,10769,2024-12-09,Delivered,COD,5,2853.8
1026,1191,10777,2025-02-13,Delivered,Credit Card,5,2520.35
1027,1191,10784,2025-05-17,Delivered,Credit Card,15,7297.25
1028,1191,10787,2025-06-18,Delivered,COD,5,1174.2
1029,1194,10792,2025-02-14,Returned,UPI,30,966.0
1030,1200,10831,2025-11-06,Delivered,Debit Card,0,1032.0
1031,1200,10833,2025-11-13,Delivered,Credit Card,5,7557.25
1032,1204,10863,2025-09-13,Delivered,UPI,0,661.0
1033,1208,10888,2025-02-23,Delivered,COD,15,4825.45
1034,1208,10891,2025-07-12,Delivered,COD,15,1262.25
1035,1208,10897,2025-11-01,Delivered,Debit Card,30,270.2
1036,1209,10903,2025-06-13,Returned,UPI,10,1252.8
1037,1209,10907,2025-10-12,Delivered,UPI,10,2013.3
1038,1210,10918,2025-07-28,Delivered,UPI,10,9816.3
1039,1211,10929,2025-04-21,Delivered,Debit Card,5,4458.35
1040,1211,10931,2025-05-05,Delivered,Debit Card,5,1934.2
1041,1212,10949,2025-08-19,Returned,Credit Card,0,4758.0
1042,1214,10969,2025-07-25,Delivered,COD,10,453.6
1043,1215,10974,2024-12-23,Delivered,COD,10,8850.6
1044,1215,10977,2025-01-03,Delivered,UPI,15,1003.85
1045,1215,10978,2025-01-05,Delivered,Net Banking,5,1131.45
1046,1215,10979,2025-01-06,Delivered,UPI,0,698.0
1047,1216,10998,2025-03-30,Delivered,Credit Card,0,1966.0
1048,1226,11081,2025-05-15,Delivered,UPI,10,8791.2
1049,1227,11087,2025-04-03,Delivered,Net Banking,10,1423.8
1050,1227,11089,2025-05-06,Delivered,UPI,0,1008.0
1051,1228,11103,2025-02-22,Delivered,COD,20,1477.6
1052,1228,11108,2025-07-25,Delivered,Net Banking,10,3458.7
1053,1229,11112,2025-12-02,Delivered,Credit Card,30,4698.4
1054,1229,11113,2025-12-16,Returned,UPI,15,5062.6
1055,1231,11136,2025-03-03,Delivered,COD,5,954.75
1056,1232,11145,2025-05-22,Delivered,UPI,15,3905.75
1057,1233,11152,2025-07-22,Returned,UPI,0,1851.0
1058,1234,11162,2025-10-25,Delivered,Credit Card,20,4813.6
1059,1236,11166,2025-05-11,Delivered,UPI,20,2080.0
1060,1236,11170,2025-06-28,Delivered,Debit Card,0,1116.0
1061,1237,11176,2025-11-02,Delivered,Debit Card,0,3814.0
1062,1239,11185,2025-01-24,Delivered,Debit Card,20,7352.8
1063,1240,11193,2024-12-12,Delivered,UPI,0,2172.0
1064,1240,11197,2025-02-19,Delivered,Debit Card,0,4308.0
1065,1240,11200,2025-04-17,Delivered,COD,10,4048.2
1066,1240,11201,2025-05-09,Delivered,UPI,5,7003.4
1067,1245,11238,2025-07-11,Delivered,COD,0,6349.0
1068,1245,11241,2025-08-30,Delivered,UPI,15,3337.95
1069,1247,11251,2025-03-02,Delivered,Net Banking,30,2599.8
1070,1259,11333,2025-04-26,Delivered,Net Banking,30,1799.7
1071,1261,11343,2025-01-04,Delivered,Net Banking,15,6720.95
1072,1261,11359,2025-05-17,Delivered,Debit Card,10,4842.0
1073,1263,11375,2025-02-27,Returned,COD,15,1006.4
1074,1263,11384,2025-06-04,Delivered,UPI,0,5236.0
1075,1266,11407,2025-04-18,Delivered,Credit Card,0,520.0
1076,1267,11422,2025-05-27,Delivered,Debit Card,15,4317.15
1077,1268,11427,2025-05-17,Delivered,Debit Card,10,1423.8
1078,1268,11436,2025-09-10,Delivered,COD,5,3238.55
1079,1268,11437,2025-10-07,Delivered,Credit Card,5,905.35
1080,1270,11446,2025-02-06,Delivered,COD,0,2494.0
1081,1270,11449,2025-04-27,Delivered,COD,20,6700.0
1082,1271,11455,2025-02-04,Returned,UPI,20,3827.2
1083,1271,11460,2025-05-10,Delivered,UPI,10,606.6
1084,1271,11462,2025-06-18,Delivered,UPI,5,7440.4
1085,1274,11479,2025-05-05,Delivered,UPI,0,1744.0
1086,1275,11494,2025-03-27,Delivered,UPI,0,5808.0
1087,1277,11506,2025-04-03,Delivered,COD,15,4491.4
1088,1278,11522,2025-10-02,Delivered,COD,5,1867.7
1089,1280,11535,2025-02-15,Delivered,UPI,0,3359.0
1090,1280,11542,2025-05-10,Delivered,Debit Card,15,8688.7
1091,1280,11544,2025-05-25,Delivered,UPI,10,3923.1
1092,1282,11556,2025-10-23,Delivered,UPI,15,222.7
1093,1284,11566,2025-02-07,Delivered,UPI,10,1883.7
1094,1284,11569,2025-04-02,Delivered,Debit Card,10,2871.0
1095,1286,11584,2025-03-16,Delivered,COD,5,4780.4
1096,1289,11617,2025-06-10,Returned,UPI,10,2103.3
1097,1291,11638,2025-10-24,Delivered,UPI,15,2197.25
1098,1291,11639,2025-11-12,Delivered,Credit Card,5,2915.55
1099,1292,11645,2025-06-17,Delivered,UPI,15,2189.6
1100,1293,11651,2025-07-14,Delivered,UPI,0,5375.0
1101,1293,11653,2025-07-22,Delivered,Credit Card,15,1414.4
1102,1294,11655,2025-03-12,Delivered,UPI,10,3245.4
1103,1294,11660,2025-08-30,Delivered,Debit Card,10,5697.0
1104,1294,11664,2025-10-21,Returned,UPI,20,5372.0
1105,1298,11690,2025-09-12,Delivered,UPI,10,1255.5
1106,1299,11700,2025-10-15,Returned,Debit Card,15,4179.45
1107,1300,11701,2025-03-06,Delivered,UPI,5,2555.5
1108,1301,11723,2025-07-11,Delivered,Credit Card,0,3113.0
1109,1302,11727,2024-12-25,Delivered,Credit Card,0,1780.0
1110,1306,11746,2025-07-28,Delivered,Credit Card,15,4117.4
1111,1306,11754,2025-10-05,Delivered,UPI,5,6551.2
1112,1307,11763,2025-07-08,Delivered,UPI,0,697.0
1113,1308,11766,2025-07-16,Delivered,UPI,20,4131.2
1114,1308,11768,2025-09-12,Delivered,Credit Card,10,6204.6
1115,1312,11817,2025-06-27,Delivered,COD,10,10431.9
1116,1312,11818,2025-07-03,Delivered,Credit Card,20,1904.0
1117,1313,11821,2025-08-05,Delivered,COD,20,1564.0
1118,1313,11822,2025-08-07,Delivered,Credit Card,10,792.0
1119,1313,11824,2025-08-15,Delivered,Debit Card,20,2442.4
1120,1313,11826,2025-08-28,Delivered,UPI,20,944.8
1121,1314,11839,2025-05-11,Delivered,UPI,0,5548.0
1122,1316,11858,2024-11-29,Delivered,UPI,10,3640.5
1123,1316,11861,2025-01-07,Delivered,Credit Card,5,354.35
1124,1316,11867,2025-02-06,Delivered,Net Banking,0,1181.0
1125,1316,11871,2025-03-09,Delivered,UPI,0,8456.0
1126,1319,11898,2025-09-17,Delivered,COD,5,2674.25
1127,1320,11907,2025-06-12,Delivered,Credit Card,10,471.6
1128,1320,11908,2025-07-03,Delivered,Credit Card,20,1108.0
1129,1322,11935,2025-01-31,Delivered,UPI,15,1021.7
1130,1323,11955,2025-08-19,Delivered,Debit Card,10,6746.4
1131,1324,11962,2025-08-06,Delivered,Net Banking,15,1177.25
1132,1325,11978,2025-10-06,Delivered,Credit Card,10,5238.0
1133,1326,11995,2025-06-29,Delivered,Net Banking,20,2995.2
1134,1326,11997,2025-08-05,Delivered,UPI,20,2258.4
1135,1326,11998,2025-08-09,Delivered,Credit Card,0,4690.0
1136,1327,12004,2025-05-29,Delivered,UPI,15,583.95
1137,1330,12023,2025-06-18,Delivered,Credit Card,0,5515.0
1138,1332,12054,2025-11-05,Delivered,Credit Card,20,2815.2
1139,1340,12088,2025-08-04,Delivered,UPI,10,2868.3
1140,1340,12089,2025-08-23,Delivered,UPI,10,2877.3
1141,1340,12091,2025-09-24,Cancelled,UPI,5,3021.95
1142,1343,12118,2025-08-10,Delivered,UPI,15,855.95
1143,1344,12128,2025-04-11,Delivered,UPI,10,3598.2
1144,1345,12148,2025-02-24,Delivered,Net Banking,30,703.5
1145,1346,12152,2025-10-19,Delivered,Debit Card,0,8764.0
1146,1349,12185,2024-11-02,Delivered,Debit Card,10,5616.9
1147,1349,12186,2024-11-21,Delivered,Debit Card,0,12978.0
1148,1349,12190,2024-12-29,Returned,Credit Card,5,1862.95
1149,1349,12202,2025-04-15,Delivered,COD,15,5317.6
1150,1350,12209,2025-10-03,Delivered,COD,10,1193.4
1151,1351,12217,2025-05-06,Delivered,COD,0,2232.0
1152,1352,12223,2025-03-15,Delivered,Debit Card,20,892.8
1153,1352,12225,2025-04-28,Delivered,Credit Card,20,3108.8
1154,1353,12236,2025-01-05,Delivered,Credit Card,15,1218.9
1155,1353,12243,2025-05-14,Delivered,Credit Card,15,854.25
1156,1354,12254,2025-02-07,Delivered,UPI,10,1684.8
1157,1354,12263,2025-07-10,Delivered,UPI,10,5549.4
1158,1356,12268,2024-12-29,Delivered,COD,20,8715.2
1159,1356,12271,2025-01-25,Delivered,Debit Card,15,1017.45
1160,1362,12320,2025-09-28,Delivered,UPI,20,6013.6
1161,1364,12336,2024-12-27,Delivered,UPI,0,768.0
1162,1365,12340,2025-04-01,Delivered,UPI,5,7341.6
1163,1365,12345,2025-12-07,Delivered,COD,0,2243.0
1164,1367,12350,2024-12-21,Delivered,Debit Card,5,6549.3
1165,1369,12386,2025-06-08,Delivered,UPI,5,1259.7
1166,1371,12394,2024-11-17,Delivered,UPI,0,3683.0
1167,1371,12413,2025-05-29,Cancelled,UPI,5,2097.6
1168,1374,12440,2025-09-03,Delivered,Net Banking,0,3063.0
1169,1377,12453,2024-12-19,Delivered,Debit Card,0,1106.0
1170,1377,12462,2025-03-13,Delivered,UPI,0,1562.0
1171,1377,12465,2025-03-20,Delivered,Debit Card,0,1323.0
1172,1378,12479,2025-09-08,Delivered,Net Banking,0,1286.0
1173,1382,12510,2025-06-03,Delivered,UPI,0,1872.0
1174,1386,12564,2025-04-22,Returned,Credit Card,5,2842.4
1175,1386,12575,2025-07-15,Delivered,COD,5,2267.65
1176,1388,12580,2024-12-10,Delivered,UPI,15,4345.2
1177,1388,12581,2024-12-14,Delivered,Debit Card,0,2466.0
1178,1388,12590,2025-02-02,Delivered,Debit Card,15,7182.5
1179,1388,12598,2025-06-15,Returned,COD,0,6068.0
1180,1390,12605,2025-06-26,Delivered,Debit Card,0,2642.0
1181,1391,12612,2024-11-13,Delivered,Credit Card,10,2631.6
1182,1391,12619,2024-12-18,Delivered,UPI,10,608.4
1183,1391,12633,2025-03-26,Delivered,Net Banking,15,1509.6
1184,1394,12642,2025-03-02,Delivered,Credit Card,5,1061.15
1185,1395,12648,2025-10-01,Delivered,UPI,15,3943.15
1186,1395,12650,2025-10-08,Delivered,COD,0,5212.0
1187,1399,12671,2025-10-06,Cancelled,UPI,5,983.25
1188,1399,12672,2025-10-07,Delivered,UPI,0,905.0
1189,1399,12675,2025-11-09,Delivered,UPI,5,2573.55
1190,1401,12687,2025-10-19,Delivered,COD,20,5175.2
1191,1402,12689,2025-08-28,Delivered,Debit Card,10,3469.5
1192,1404,12708,2025-08-04,Delivered,UPI,5,4833.6
1193,1407,12719,2025-11-09,Delivered,UPI,0,1116.0
1194,1408,12726,2025-09-06,Delivered,UPI,5,2770.2
1195,1410,12734,2024-11-19,Delivered,COD,15,2854.3
1196,1411,12763,2025-09-22,Delivered,Debit Card,15,2113.1
1197,1412,12765,2025-01-19,Delivered,UPI,0,3561.0
1198,1412,12766,2025-01-31,Delivered,UPI,15,317.05
1199,1413,12769,2025-02-18,Delivered,UPI,10,2936.7
1200,1413,12772,2025-03-06,Delivered,Net Banking,5,1131.45
1201,1416,12806,2025-11-09,Returned,Debit Card,10,2738.7
1202,1419,12832,2025-04-04,Delivered,UPI,5,2356.95
1203,1420,12844,2025-01-26,Delivered,UPI,0,3258.0
1204,1420,12846,2025-02-10,Delivered,Debit Card,10,2195.1
1205,1423,12875,2025-07-27,Delivered,UPI,15,6023.95
1206,1424,12883,2025-01-22,Delivered,Credit Card,0,7882.0
1207,1425,12898,2025-05-12,Delivered,Debit Card,5,1416.45
1208,1426,12917,2025-05-23,Cancelled,UPI,0,524.0
1209,1426,12918,2025-06-01,Delivered,Debit Card,5,3474.15
1210,1428,12939,2025-05-15,Delivered,UPI,10,2318.4
1211,1428,12940,2025-05-17,Delivered,UPI,0,5142.0
1212,1428,12950,2025-07-23,Delivered,COD,5,6168.35
1213,1434,12971,2025-05-23,Delivered,COD,15,1118.6
1214,1440,13005,2025-06-26,Delivered,COD,20,1738.4
1215,1440,13010,2025-08-14,Delivered,UPI,0,4922.0
1216,1442,13025,2025-08-07,Delivered,UPI,5,3906.4
1217,1444,13037,2025-01-09,Delivered,Debit Card,5,956.65
1218,1448,13064,2025-03-18,Delivered,UPI,5,3173.0
1219,1448,13068,2025-05-22,Delivered,Credit Card,5,5534.7
1220,1448,13073,2025-09-07,Delivered,Credit Card,10,10243.8
1221,1449,13076,2025-03-06,Delivered,Credit Card,0,1446.0
1222,1451,13089,2025-05-16,Delivered,Debit Card,20,2674.4
1223,1452,13107,2025-04-28,Delivered,Debit Card,10,3177.9
1224,1452,13109,2025-06-19,Delivered,COD,0,1755.0
1225,1455,13120,2025-01-31,Delivered,Debit Card,0,2982.0
1226,1455,13125,2025-03-22,Returned,Net Banking,10,1998.9
1227,1458,13141,2024-12-04,Delivered,UPI,0,1582.0
1228,1460,13171,2025-08-29,Delivered,COD,0,4475.0
1229,1461,13174,2025-04-20,Delivered,Net Banking,30,2933.7
1230,1461,13177,2025-07-19,Delivered,UPI,15,6695.45
1231,1462,13181,2025-01-12,Delivered,UPI,10,2326.5
1232,1463,13189,2025-07-28,Delivered,UPI,10,1759.5
1233,1465,13204,2025-04-07,Delivered,Net Banking,5,3172.05
1234,1466,13211,2025-12-02,Delivered,UPI,15,1127.1
1235,1467,13230,2025-10-17,Returned,Net Banking,0,4961.0
1236,1468,13236,2025-09-04,Delivered,Debit Card,15,482.8
1237,1468,13239,2025-11-08,Returned,Credit Card,0,3502.0
1238,1469,13241,2025-01-03,Delivered,Debit Card,10,1601.1
1239,1469,13244,2025-04-17,Delivered,Credit Card,0,7171.0
1240,1470,13253,2025-07-03,Delivered,UPI,20,4322.4
1241,1470,13254,2025-08-06,Delivered,Debit Card,5,1032.65
1242,1471,13259,2025-03-11,Delivered,UPI,0,5200.0
1243,1472,13276,2025-02-15,Delivered,UPI,0,1780.0
1244,1472,13287,2025-05-16,Delivered,UPI,20,8323.2
1245,1476,13312,2025-02-09,Delivered,UPI,20,10956.8
1246,1476,13314,2025-02-28,Delivered,UPI,10,2850.3
1247,1477,13332,2024-12-27,Returned,UPI,0,1664.0
1248,1477,13337,2025-01-09,Delivered,UPI,10,1521.0
1249,1477,13349,2025-03-01,Delivered,Credit Card,0,288.0
1250,1478,13352,2025-05-02,Delivered,COD,10,943.2
1251,1478,13355,2025-09-22,Delivered,UPI,30,1302.0
1252,1480,13362,2025-01-29,Delivered,Net Banking,15,2371.5
1253,1480,13364,2025-02-09,Delivered,UPI,30,2353.4
1254,1480,13365,2025-03-16,Delivered,COD,5,2109.95
1255,1481,13382,2025-01-28,Delivered,Debit Card,20,2234.4
1256,1481,13393,2025-05-08,Delivered,Credit Card,0,2340.0
1257,1482,13395,2024-12-27,Delivered,UPI,0,4853.0
1258,1482,13397,2025-01-17,Delivered,Debit Card,10,1312.2
1259,1487,13445,2025-02-04,Delivered,UPI,0,7325.0
1260,1488,13461,2025-01-11,Delivered,UPI,0,6577.0
1261,1494,13542,2025-04-02,Delivered,COD,10,3159.0
1262,1495,13550,2025-11-02,Delivered,UPI,15,8143.0
1263,1496,13552,2025-07-01,Delivered,UPI,15,4470.15
1264,1496,13554,2025-07-12,Returned,UPI,0,3678.0
1265,1496,13557,2025-07-21,Delivered,Credit Card,0,480.0
1266,1498,13575,2025-06-10,Delivered,Credit Card,20,3381.6
1267,1499,13580,2025-03-27,Delivered,Credit Card,15,1416.1
1268,1499,13582,2025-04-19,Delivered,Net Banking,0,1446.0
1269,1501,13614,2025-06-05,Delivered,UPI,0,10021.0
1270,1501,13617,2025-06-22,Returned,Net Banking,0,5958.0
1271,1501,13620,2025-07-11,Delivered,UPI,5,1141.9
1272,1506,13646,2025-06-08,Delivered,Debit Card,0,2774.0
1273,1508,13671,2025-08-17,Delivered,Debit Card,15,4097.0
1274,1510,13689,2025-01-22,Delivered,UPI,20,1766.4
1275,1513,13716,2024-11-06,Delivered,UPI,0,6800.0
1276,1513,13727,2025-01-07,Returned,UPI,0,3597.0
1277,1513,13738,2025-04-04,Delivered,UPI,15,4394.5
1278,1515,13745,2024-12-06,Delivered,UPI,10,4212.0
1279,1515,13752,2025-09-01,Delivered,Net Banking,20,4976.0
1280,1517,13769,2025-09-16,Delivered,UPI,10,959.4
1281,1517,13770,2025-09-18,Delivered,Net Banking,10,1301.4
1282,1520,13794,2024-12-22,Delivered,UPI,5,3820.9
1283,1521,13822,2025-03-04,Cancelled,COD,20,5571.2
1284,1521,13823,2025-03-31,Cancelled,UPI,5,8130.1
1285,1521,13828,2025-04-23,Delivered,UPI,0,3849.0
1286,1523,13849,2025-03-18,Returned,Credit Card,10,1611.9
1287,1524,13864,2024-12-22,Delivered,UPI,0,6568.0
1288,1524,13867,2025-01-06,Delivered,UPI,20,1066.4
1289,1525,13884,2025-03-17,Delivered,Credit Card,0,2922.0
1290,1527,13902,2025-04-17,Delivered,UPI,0,1875.0
1291,1529,13916,2025-06-06,Delivered,Credit Card,0,1216.0
1292,1529,13923,2025-08-04,Delivered,Net Banking,15,4757.45
1293,1530,13926,2025-05-25,Returned,UPI,0,2646.0
1294,1530,13927,2025-06-07,Delivered,UPI,20,1586.4
1295,1532,13943,2025-09-02,Delivered,Net Banking,0,6274.0
1296,1532,13946,2025-10-03,Delivered,Net Banking,0,3298.0
1297,1533,13955,2025-04-07,Delivered,UPI,15,2614.6
1298,1533,13966,2025-07-18,Cancelled,Credit Card,0,1582.0
1299,1534,13968,2025-09-08,Delivered,COD,0,4348.0
1300,1534,13971,2025-09-27,Delivered,Net Banking,5,3119.8
1301,1537,14000,2025-05-28,Delivered,COD,0,2172.0
1302,1538,14006,2025-02-17,Delivered,Credit Card,0,2396.0
1303,1538,14008,2025-02-20,Delivered,Credit Card,0,1851.0
1304,1539,14021,2025-03-23,Delivered,COD,5,1121.95
1305,1541,14049,2025-04-16,Delivered,Credit Card,5,7328.3
1306,1541,14053,2025-06-22,Delivered,UPI,5,328.7
1307,1541,14058,2025-09-06,Delivered,Credit Card,15,1943.95
1308,1546,14082,2025-02-28,Returned,COD,0,6030.0
1309,1546,14084,2025-03-20,Delivered,Debit Card,0,4760.0
1310,1546,14091,2025-07-25,Delivered,Debit Card,10,12031.2
1311,1546,14092,2025-08-16,Delivered,Debit Card,0,2508.0
1312,1549,14117,2025-07-03,Delivered,UPI,20,7339.2
1313,1551,14134,2025-04-05,Delivered,COD,30,2762.9
1314,1551,14139,2025-05-19,Delivered,UPI,0,2342.0
1315,1552,14148,2025-05-20,Delivered,Credit Card,5,1081.1
1316,1554,14169,2025-07-19,Delivered,Debit Card,20,2894.4
1317,1563,14217,2025-06-09,Delivered,UPI,0,3318.0
1318,1563,14225,2025-08-13,Delivered,Debit Card,10,1927.8
1319,1565,14231,2025-04-20,Delivered,Credit Card,10,3105.0
1320,1567,14249,2025-03-25,Delivered,UPI,30,1124.9
1321,1567,14251,2025-04-22,Delivered,COD,0,2982.0
1322,1567,14259,2025-05-28,Delivered,Credit Card,0,700.0
1323,1567,14263,2025-06-19,Delivered,Debit Card,10,1899.9
1324,1569,14279,2025-08-06,Delivered,UPI,10,1330.2
1325,1569,14282,2025-09-12,Delivered,UPI,0,2960.0
1326,1572,14295,2025-07-22,Delivered,COD,20,716.8
1327,1572,14298,2025-09-10,Delivered,UPI,0,1491.0
1328,1573,14308,2025-07-18,Cancelled,Debit Card,0,4035.0
1329,1573,14311,2025-09-22,Delivered,COD,10,5615.1
1330,1575,14322,2024-12-29,Delivered,Credit Card,30,3059.0
1331,1575,14324,2025-01-09,Delivered,UPI,5,3906.4
1332,1575,14327,2025-02-03,Delivered,Debit Card,15,3692.4
1333,1575,14329,2025-02-13,Delivered,Net Banking,0,2758.0
1334,1576,14342,2025-11-16,Delivered,COD,15,5304.0
1335,1577,14344,2025-04-18,Delivered,UPI,0,3072.0
1336,1580,14374,2025-01-17,Delivered,UPI,15,3098.25
1337,1580,14377,2025-02-05,Delivered,UPI,15,1063.35
1338,1580,14378,2025-02-25,Delivered,COD,0,3498.0
1339,1580,14382,2025-04-12,Delivered,UPI,0,3634.0
1340,1583,14406,2025-09-10,Delivered,Net Banking,5,1121.0
1341,1584,14408,2024-12-15,Delivered,Net Banking,5,3682.2
1342,1584,14418,2025-03-18,Delivered,UPI,10,940.5
1343,1585,14427,2025-10-06,Delivered,Net Banking,0,1808.0
1344,1586,14435,2025-07-28,Delivered,Net Banking,0,3084.0
1345,1587,14441,2024-12-15,Cancelled,Credit Card,30,1565.2
1346,1587,14452,2025-06-24,Delivered,UPI,5,1867.7
1347,1590,14464,2025-03-01,Delivered,COD,0,3020.0
1348,1593,14495,2025-07-11,Delivered,Debit Card,15,561.85
1349,1596,14524,2025-04-24,Returned,UPI,0,3358.0
1350,1596,14531,2025-06-25,Delivered,Credit Card,10,4425.3
1351,1597,14535,2025-03-01,Delivered,UPI,15,1520.65
1352,1597,14537,2025-03-31,Returned,UPI,30,1135.4
1353,1598,14554,2025-01-27,Delivered,Credit Card,0,1225.0
1354,1598,14563,2025-04-01,Delivered,UPI,0,791.0
1355,1602,14585,2024-11-20,Returned,UPI,5,3259.45
1356,1602,14587,2024-11-26,Delivered,UPI,30,2518.6
1357,1602,14588,2024-11-28,Delivered,Net Banking,30,6059.2
1358,1602,14603,2025-01-27,Delivered,Credit Card,30,2483.6
1359,1602,14604,2025-02-10,Delivered,COD,0,3344.0
1360,1602,14608,2025-02-19,Delivered,UPI,20,3081.6
1361,1603,14610,2025-01-06,Returned,COD,0,9931.0
1362,1603,14611,2025-01-25,Delivered,UPI,5,5207.9
1363,1603,14624,2025-06-10,Delivered,Net Banking,5,4484.95
1364,1605,14637,2025-11-17,Returned,Credit Card,20,5057.6
1365,1606,14642,2025-04-06,Delivered,Credit Card,15,4890.9
1366,1607,14656,2025-03-14,Delivered,Debit Card,15,7608.35
1367,1608,14663,2025-03-10,Delivered,UPI,0,8821.0
1368,1609,14677,2025-09-15,Delivered,COD,15,2507.5
1369,1610,14682,2025-07-31,Delivered,Credit Card,0,4608.0
1370,1611,14690,2025-01-02,Cancelled,Credit Card,5,4674.0
1371,1611,14701,2025-02-10,Delivered,UPI,0,4198.0
1372,1611,14708,2025-03-15,Delivered,Net Banking,0,4679.0
1373,1612,14718,2025-11-17,Delivered,Net Banking,0,2247.0
1374,1613,14725,2025-07-01,Delivered,Credit Card,20,1156.8
1375,1613,14731,2025-08-01,Delivered,Debit Card,30,1093.4
1376,1615,14739,2025-06-29,Delivered,UPI,10,3139.2
1377,1616,14747,2025-07-04,Delivered,Credit Card,15,2068.9
1378,1617,14750,2025-09-30,Delivered,Debit Card,0,5097.0
1379,1618,14768,2025-03-06,Delivered,UPI,10,3245.4
1380,1618,14773,2025-04-04,Delivered,Net Banking,0,3093.0
1381,1618,14776,2025-05-03,Returned,UPI,0,6235.0
1382,1619,14782,2025-03-22,Delivered,Debit Card,10,1321.2
1383,1619,14783,2025-03-27,Delivered,UPI,0,2185.0
1384,1619,14789,2025-06-09,Delivered,Credit Card,15,1344.7
1385,1620,14798,2025-03-05,Delivered,Debit Card,0,985.0
1386,1620,14805,2025-04-14,Delivered,COD,0,2709.0
1387,1623,14823,2025-01-12,Delivered,UPI,15,5012.45
1388,1623,14830,2025-06-06,Delivered,Debit Card,5,956.65
1389,1624,14834,2025-01-26,Delivered,UPI,15,4833.95
1390,1625,14839,2025-04-26,Delivered,UPI,20,5268.0
1391,1625,14840,2025-05-08,Delivered,COD,15,386.75
1392,1625,14846,2025-08-22,Delivered,Net Banking,30,703.5
1393,1626,14850,2024-12-07,Delivered,UPI,20,7470.4
1394,1626,14851,2025-01-28,Delivered,UPI,20,3755.2
1395,1630,14890,2024-11-19,Delivered,UPI,15,2882.35
1396,1630,14891,2025-02-24,Delivered,UPI,10,6866.1
1397,1630,14898,2025-07-31,Delivered,Credit Card,10,6435.0
1398,1630,14902,2025-09-25,Delivered,Debit Card,5,5739.9
1399,1631,14904,2025-06-26,Delivered,COD,0,1565.0
1400,1633,14918,2025-01-19,Delivered,Debit Card,10,8154.0
1401,1633,14923,2025-04-01,Delivered,COD,0,288.0
1402,1633,14930,2025-08-09,Delivered,UPI,5,5111.0
1403,1635,14942,2025-01-30,Delivered,Debit Card,15,2889.15
1404,1635,14943,2025-02-08,Delivered,COD,20,1480.8
1405,1635,14949,2025-02-27,Returned,Net Banking,10,3196.8
1406,1636,14958,2024-12-12,Delivered,UPI,0,768.0
1407,1636,14972,2025-05-11,Delivered,UPI,0,8038.0
1408,1636,14973,2025-05-21,Delivered,Credit Card,0,1606.0
1409,1646,15057,2025-08-19,Delivered,Net Banking,0,7231.0
1410,1652,15119,2025-06-03,Delivered,Debit Card,20,4416.8
1411,1653,15124,2025-09-13,Delivered,Debit Card,0,2536.0
1412,1655,15137,2025-01-26,Cancelled,UPI,15,6540.75
1413,1655,15145,2025-02-12,Delivered,Credit Card,15,6089.4
1414,1656,15157,2025-02-27,Returned,Net Banking,10,858.6
1415,1656,15158,2025-02-28,Delivered,Debit Card,0,1679.0
1416,1656,15163,2025-04-07,Delivered,Net Banking,30,703.5
1417,1656,15169,2025-05-02,Delivered,Debit Card,10,1423.8
1418,1659,15187,2024-12-19,Delivered,COD,15,2929.1
1419,1659,15194,2025-01-21,Delivered,UPI,15,906.1
1420,1659,15195,2025-01-22,Delivered,Credit Card,0,8049.0
1421,1659,15196,2025-01-28,Delivered,Debit Card,0,2742.0
1422,1660,15212,2025-04-04,Delivered,Credit Card,30,1175.3
1423,1662,15231,2025-06-07,Delivered,UPI,10,2089.8
1424,1663,15238,2025-09-28,Delivered,UPI,5,1599.8
1425,1665,15250,2025-07-09,Delivered,COD,20,4827.2
1426,1666,15257,2024-12-20,Delivered,UPI,0,2893.0
1427,1668,15283,2025-05-23,Delivered,UPI,15,2371.5
1428,1668,15286,2025-10-11,Returned,COD,0,4548.0
1429,1671,15321,2025-08-25,Delivered,COD,0,1828.0
1430,1673,15326,2025-11-05,Delivered,UPI,15,1513.0
1431,1674,15336,2025-02-06,Delivered,UPI,0,1458.0
1432,1674,15341,2025-03-28,Delivered,Credit Card,20,9197.6
1433,1675,15352,2025-10-26,Delivered,UPI,10,10285.2
1434,1675,15353,2025-11-03,Delivered,UPI,15,3495.2
1435,1677,15364,2025-04-06,Delivered,Debit Card,0,2774.0
1436,1678,15366,2024-12-25,Delivered,Credit Card,15,614.55
1437,1678,15367,2024-12-27,Delivered,Net Banking,0,4752.0
1438,1679,15384,2024-12-15,Delivered,COD,0,1983.0
1439,1682,15412,2025-01-28,Delivered,UPI,20,2122.4
1440,1682,15423,2025-02-15,Delivered,Debit Card,0,1045.0
1441,1683,15427,2025-05-16,Delivered,UPI,10,3022.2
1442,1684,15439,2025-06-29,Delivered,Credit Card,5,2747.4
1443,1684,15440,2025-07-06,Delivered,UPI,0,2070.0
1444,1686,15464,2025-02-21,Delivered,Credit Card,15,2073.15
1445,1686,15466,2025-03-15,Delivered,Debit Card,0,679.0
1446,1686,15473,2025-04-17,Delivered,UPI,15,2242.3
1447,1687,15477,2025-08-13,Returned,UPI,20,1404.0
1448,1690,15486,2025-07-16,Delivered,Credit Card,30,2250.5
1449,1693,15503,2025-02-08,Delivered,UPI,0,4121.0
1450,1693,15505,2025-03-11,Delivered,UPI,10,8164.8
1451,1694,15518,2024-12-08,Delivered,Debit Card,30,871.5
1452,1694,15519,2024-12-12,Delivered,Credit Card,10,259.2
1453,1696,15569,2025-05-07,Delivered,Debit Card,10,1587.6
1454,1698,15586,2025-04-29,Delivered,UPI,0,1210.0
1455,1699,15598,2024-11-30,Delivered,COD,0,3318.0
1456,1699,15602,2025-04-07,Delivered,UPI,20,916.8
1457,1700,15612,2025-03-24,Delivered,UPI,10,2485.8
1458,1704,15639,2025-07-17,Delivered,Credit Card,30,8316.7
1459,1704,15641,2025-08-01,Delivered,UPI,10,907.2
1460,1712,15680,2024-12-18,Cancelled,Net Banking,20,5640.0
1461,1713,15698,2025-09-01,Delivered,Credit Card,0,1872.0
1462,1713,15699,2025-09-03,Delivered,UPI,10,4981.5
1463,1716,15728,2025-05-20,Delivered,Net Banking,10,1125.9
1464,1716,15732,2025-06-13,Delivered,UPI,20,1486.4
1465,1716,15733,2025-06-14,Delivered,UPI,10,1710.9
1466,1716,15734,2025-07-31,Delivered,UPI,0,2144.0
1467,1716,15735,2025-08-09,Returned,Credit Card,30,6079.5
1468,1720,15748,2025-08-31,Delivered,UPI,0,4571.0
1469,1722,15758,2025-06-22,Delivered,Debit Card,0,4418.0
1470,1726,15807,2025-02-28,Delivered,UPI,10,1423.8
1471,1727,15815,2025-01-10,Delivered,Debit Card,5,6042.95
1472,1728,15829,2025-12-14,Cancelled,UPI,15,1620.1
1473,1730,15840,2025-11-24,Delivered,Credit Card,5,4964.7
1474,1731,15841,2025-03-10,Delivered,Credit Card,5,5984.05
1475,1731,15842,2025-03-24,Delivered,Debit Card,0,1491.0
1476,1732,15847,2025-06-28,Delivered,COD,5,7181.05
1477,1734,15867,2025-04-05,Delivered,UPI,0,1402.0
1478,1734,15868,2025-04-09,Delivered,UPI,20,2068.0
1479,1736,15889,2025-01-29,Delivered,UPI,15,6540.75
1480,1737,15903,2025-03-26,Delivered,Credit Card,0,4086.0
1481,1737,15910,2025-06-19,Delivered,Credit Card,0,1322.0
1482,1737,15916,2025-08-27,Delivered,COD,20,2252.0
1483,1738,15933,2025-03-21,Delivered,UPI,10,3356.1
1484,1738,15937,2025-04-05,Delivered,UPI,0,5070.0
1485,1740,15961,2025-05-17,Delivered,Credit Card,10,7753.5
1486,1744,15983,2025-10-17,Delivered,COD,5,3742.05
1487,1747,16019,2025-05-24,Delivered,COD,0,4754.0
1488,1751,16049,2025-02-07,Returned,Credit Card,10,829.8
1489,1751,16051,2025-02-22,Delivered,Debit Card,15,3925.3
1490,1751,16057,2025-04-10,Delivered,Credit Card,0,8108.0
1491,1751,16062,2025-05-08,Delivered,Net Banking,30,3360.0
1492,1754,16077,2025-04-14,Returned,Credit Card,0,3886.0
1493,1755,16087,2025-04-04,Delivered,COD,15,1094.8
1494,1757,16116,2025-08-08,Delivered,Credit Card,15,2058.7
1495,1757,16117,2025-08-14,Returned,Debit Card,10,1759.5
1496,1758,16126,2025-11-19,Delivered,UPI,15,1229.1
1497,1761,16150,2025-01-30,Delivered,UPI,5,2120.4
1498,1761,16158,2025-03-15,Delivered,Net Banking,10,235.8
1499,1761,16159,2025-04-19,Delivered,Debit Card,0,474.0
1500,1763,16176,2025-09-29,Returned,COD,10,1638.9
1501,1766,16189,2024-12-16,Delivered,Credit Card,10,688.5
1502,1766,16190,2024-12-18,Returned,COD,0,4538.0
1503,1767,16206,2024-11-21,Delivered,UPI,0,3069.0
1504,1767,16213,2025-02-07,Delivered,COD,30,488.6
1505,1767,16217,2025-02-27,Returned,Debit Card,15,4221.1
1506,1767,16219,2025-03-08,Delivered,UPI,0,2434.0
1507,1767,16223,2025-04-22,Delivered,UPI,10,2673.9
1508,1767,16225,2025-05-10,Delivered,UPI,5,2223.95
1509,1768,16233,2025-11-24,Delivered,Net Banking,5,1986.45
1510,1773,16249,2025-06-23,Delivered,UPI,30,2580.2
1511,1774,16260,2025-01-05,Delivered,UPI,0,1858.0
1512,1776,16285,2025-03-10,Delivered,Debit Card,10,1225.8
1513,1778,16300,2025-05-24,Returned,Credit Card,5,2506.1
1514,1778,16301,2025-05-31,Delivered,COD,0,2326.0
1515,1778,16303,2025-06-27,Delivered,Debit Card,15,5092.35
1516,1779,16307,2025-01-21,Delivered,UPI,0,2576.0
1517,1780,16323,2025-07-28,Delivered,UPI,0,3195.0
1518,1781,16338,2025-05-17,Delivered,Credit Card,5,2283.8
1519,1782,16358,2025-12-02,Delivered,UPI,15,2652.0
1520,1783,16366,2025-07-10,Delivered,UPI,0,2470.0
1521,1788,16400,2025-03-26,Delivered,UPI,0,1424.0
1522,1788,16401,2025-04-03,Returned,UPI,0,7573.0
1523,1789,16417,2025-07-13,Delivered,Credit Card,30,1806.0
1524,1790,16428,2025-04-02,Delivered,UPI,0,9190.0
1525,1791,16445,2025-06-28,Delivered,UPI,10,2008.8
1526,1793,16454,2024-12-12,Delivered,COD,15,3377.9
1527,1793,16470,2025-04-20,Delivered,UPI,20,3534.4
1528,1796,16481,2025-07-09,Delivered,Credit Card,0,953.0
1529,1796,16487,2025-11-11,Delivered,Debit Card,0,1614.0
1530,1798,16491,2024-11-28,Delivered,Credit Card,0,919.0
1531,1800,16516,2025-03-01,Delivered,COD,0,6363.0
1532,1803,16554,2025-03-19,Delivered,COD,15,2791.4
1533,1804,16560,2025-07-29,Delivered,UPI,5,2031.1
1534,1806,16583,2025-11-02,Delivered,COD,20,1335.2
1535,1808,16591,2025-02-03,Delivered,UPI,0,5220.0
1536,1809,16602,2025-09-17,Delivered,Credit Card,10,453.6
1537,1811,16612,2025-03-04,Delivered,UPI,15,1172.15
1538,1811,16619,2025-09-05,Delivered,COD,10,1795.5
1539,1813,16638,2025-07-26,Delivered,UPI,5,1227.4
1540,1815,16641,2025-04-03,Delivered,Credit Card,20,1738.4
1541,1815,16652,2025-06-12,Delivered,Debit Card,10,2853.0
1542,1815,16654,2025-06-18,Delivered,Credit Card,10,1938.6
1543,1815,16655,2025-06-20,Delivered,UPI,10,1611.9
1544,1816,16661,2025-01-18,Delivered,UPI,0,4019.0
1545,1817,16672,2024-12-24,Delivered,UPI,15,2060.4
1546,1820,16694,2025-11-10,Delivered,Credit Card,10,4665.6
1547,1821,16700,2025-05-04,Delivered,Debit Card,0,661.0
1548,1821,16704,2025-06-01,Delivered,COD,0,8044.0
1549,1821,16705,2025-06-13,Delivered,UPI,5,3649.9
1550,1821,16707,2025-06-20,Delivered,UPI,0,1838.0
1551,1821,16709,2025-07-02,Delivered,UPI,20,1564.0
1552,1822,16715,2025-04-18,Delivered,Debit Card,15,1819.85
1553,1822,16718,2025-07-01,Delivered,COD,5,10753.05
1554,1822,16721,2025-10-22,Delivered,Debit Card,10,4365.0
1555,1824,16728,2025-02-11,Delivered,Credit Card,20,7600.8
1556,1824,16730,2025-03-07,Delivered,COD,5,1909.5
1557,1824,16740,2025-06-07,Cancelled,COD,10,4633.2
1558,1824,16744,2025-06-23,Delivered,COD,0,4254.0
1559,1824,16746,2025-07-08,Delivered,Debit Card,20,988.0
1560,1826,16770,2025-05-07,Delivered,UPI,0,1180.0
1561,1826,16771,2025-05-08,Delivered,Debit Card,5,8072.15
1562,1830,16819,2025-04-01,Delivered,UPI,0,10450.0
1563,1832,16835,2024-12-30,Delivered,COD,20,1456.8
1564,1832,16838,2025-01-17,Delivered,Debit Card,0,11795.0
1565,1836,16877,2025-08-23,Delivered,Credit Card,10,1929.6
1566,1837,16884,2025-04-03,Delivered,COD,10,7803.0
1567,1837,16892,2025-05-31,Delivered,Debit Card,0,1808.0
1568,1838,16906,2025-09-09,Delivered,UPI,0,3550.0
1569,1840,16914,2025-02-10,Delivered,Debit Card,15,288.15
1570,1840,16922,2025-06-21,Delivered,Credit Card,15,4869.65
1571,1843,16942,2025-04-25,Delivered,UPI,0,337.0
1572,1846,16971,2025-08-03,Delivered,UPI,5,2674.25
1573,1847,16980,2025-06-28,Delivered,UPI,30,1310.4
1574,1847,16986,2025-08-06,Delivered,UPI,0,768.0
1575,1849,16997,2025-06-04,Delivered,UPI,5,2110.9
1576,1849,16999,2025-07-13,Delivered,Net Banking,0,3856.0
1577,1852,17007,2025-01-25,Delivered,Credit Card,5,652.65
1578,1852,17014,2025-02-11,Delivered,UPI,0,2394.0
1579,1855,17046,2025-09-26,Delivered,UPI,5,2455.75
1580,1856,17052,2025-03-07,Delivered,Debit Card,15,4693.7
1581,1856,17053,2025-03-11,Delivered,Credit Card,20,2252.0
1582,1856,17065,2025-05-14,Delivered,UPI,10,1089.0
1583,1858,17074,2025-03-03,Delivered,Credit Card,0,8012.0
1584,1859,17088,2024-11-20,Delivered,UPI,10,6961.5
1585,1859,17101,2025-01-26,Delivered,UPI,20,2301.6
1586,1859,17107,2025-03-05,Delivered,Credit Card,0,2171.0
1587,1862,17116,2025-08-15,Delivered,Net Banking,5,2071.0
1588,1863,17122,2025-05-19,Returned,COD,0,3076.0
1589,1863,17126,2025-06-06,Delivered,UPI,10,7299.0
1590,1865,17132,2025-03-08,Delivered,Credit Card,0,1789.0
1591,1869,17167,2025-07-10,Delivered,Credit Card,10,711.9
1592,1870,17169,2024-12-30,Delivered,Credit Card,0,2745.0
1593,1873,17218,2025-05-27,Delivered,UPI,0,9922.0
1594,1874,17229,2025-01-09,Delivered,UPI,0,3084.0
1595,1874,17235,2025-02-19,Delivered,Credit Card,30,2441.6
1596,1876,17246,2024-11-27,Delivered,Net Banking,15,2043.4
1597,1876,17257,2025-06-10,Delivered,Net Banking,15,3734.9
1598,1877,17261,2024-11-29,Delivered,COD,0,3160.0
1599,1877,17273,2025-09-28,Delivered,UPI,0,504.0
1600,1878,17274,2025-11-26,Delivered,UPI,0,2676.0
1601,1884,17320,2025-08-06,Delivered,Credit Card,0,5805.0
1602,1890,17352,2024-11-06,Delivered,UPI,10,2041.2
1603,1890,17365,2024-12-27,Delivered,Credit Card,10,904.5
1604,1890,17373,2025-02-04,Delivered,Credit Card,10,730.8
1605,1891,17378,2025-02-25,Delivered,UPI,0,3450.0
1606,1893,17397,2025-10-05,Delivered,Net Banking,30,716.8
1607,1896,17430,2025-04-02,Delivered,UPI,20,1332.8
1608,1896,17432,2025-04-26,Delivered,UPI,0,1562.0
1609,1899,17443,2024-11-03,Delivered,Net Banking,5,1579.85
1610,1900,17457,2024-11-30,Delivered,UPI,0,10075.0
1611,1900,17458,2024-12-01,Delivered,UPI,10,2223.0
1612,1900,17461,2025-01-19,Delivered,Net Banking,10,5873.4
1613,1900,17467,2025-04-08,Delivered,UPI,15,2024.7
1614,1902,17492,2025-08-10,Delivered,Credit Card,0,6639.0
1615,1905,17504,2025-06-12,Delivered,UPI,15,804.1
1616,1905,17507,2025-07-18,Delivered,COD,15,3085.5
1617,1906,17515,2025-02-02,Delivered,COD,0,1385.0
1618,1906,17524,2025-04-17,Delivered,Credit Card,10,6139.8
1619,1906,17526,2025-05-16,Delivered,UPI,0,9537.0
1620,1906,17531,2025-06-30,Delivered,COD,0,4987.0
1621,1912,17559,2025-05-03,Delivered,Net Banking,0,2220.0
1622,1912,17560,2025-05-18,Delivered,COD,20,6289.6
1623,1912,17564,2025-07-11,Delivered,Debit Card,0,1666.0
1624,1913,17571,2025-09-05,Delivered,UPI,30,5287.8
1625,1914,17574,2025-10-05,Delivered,Debit Card,10,5286.6
1626,1915,17595,2025-05-20,Delivered,UPI,0,5697.0
1627,1919,17623,2025-06-02,Delivered,UPI,0,1116.0
1628,1919,17629,2025-09-24,Delivered,Credit Card,0,4919.0
1629,1921,17646,2025-11-18,Delivered,COD,30,10798.2
1630,1923,17661,2025-04-05,Delivered,COD,10,1405.8
1631,1923,17664,2025-04-22,Delivered,UPI,0,985.0
1632,1924,17686,2025-09-10,Delivered,Credit Card,5,3691.7
1633,1924,17687,2025-09-13,Delivered,UPI,10,1764.9
1634,1925,17691,2025-01-25,Delivered,UPI,15,622.2
1635,1925,17693,2025-02-06,Delivered,UPI,15,923.95
1636,1925,17697,2025-02-17,Delivered,Credit Card,0,6750.0
1637,1925,17698,2025-02-21,Delivered,Credit Card,0,3638.0
1638,1926,17714,2024-12-28,Delivered,UPI,10,2936.7
1639,1926,17727,2025-03-13,Delivered,Credit Card,20,2040.8
1640,1926,17729,2025-03-19,Delivered,UPI,5,1691.0
1641,1928,17754,2025-01-25,Delivered,UPI,5,4086.9
1642,1930,17772,2025-10-22,Delivered,Debit Card,10,456.3
1643,1933,17781,2025-11-16,Delivered,Net Banking,10,971.1
1644,1934,17791,2025-05-15,Delivered,UPI,10,7214.4
1645,1934,17792,2025-06-28,Delivered,Net Banking,30,4690.0
1646,1936,17816,2025-01-03,Delivered,Debit Card,10,4354.2
1647,1939,17849,2024-12-03,Delivered,COD,5,3436.15
1648,1939,17854,2024-12-31,Delivered,UPI,0,3366.0
1649,1942,17881,2025-05-18,Delivered,Credit Card,0,2261.0
1650,1943,17898,2025-02-10,Delivered,Credit Card,20,5742.4
1651,1943,17899,2025-02-12,Delivered,Net Banking,0,4961.0
1652,1944,17914,2024-12-18,Delivered,Credit Card,0,4202.0
1653,1944,17916,2024-12-26,Delivered,Credit Card,20,1894.4
1654,1944,17918,2025-01-17,Delivered,Net Banking,0,1007.0
1655,1946,17947,2025-04-04,Delivered,UPI,0,3231.0
1656,1946,17955,2025-04-25,Delivered,COD,10,2310.3
1657,1947,17965,2025-07-11,Delivered,UPI,20,5470.4
1658,1948,17977,2025-08-28,Delivered,UPI,0,320.0
1659,1948,17979,2025-09-30,Delivered,COD,10,1445.4
1660,1950,17998,2025-01-20,Cancelled,Debit Card,30,5786.9
1661,1950,18000,2025-02-18,Delivered,UPI,0,568.0
1662,1950,18009,2025-05-04,Delivered,Credit Card,10,1062.0
1663,1952,18018,2025-01-09,Delivered,UPI,0,6619.0
1664,1952,18025,2025-03-16,Delivered,Debit Card,10,2194.2
1665,1952,18028,2025-05-16,Delivered,Credit Card,0,3195.0
1666,1952,18036,2025-06-23,Delivered,UPI,10,937.8
1667,1956,18066,2025-07-14,Delivered,COD,0,1127.0
1668,1960,18088,2025-09-02,Delivered,UPI,15,1482.4
1669,1961,18095,2024-12-18,Returned,UPI,10,1954.8
1670,1963,18109,2025-02-25,Delivered,Debit Card,15,1124.55
1671,1964,18125,2025-04-09,Delivered,COD,0,1087.0
1672,1964,18135,2025-05-10,Delivered,UPI,10,4419.0
1673,1965,18156,2025-01-24,Delivered,Debit Card,15,2715.75
1674,1967,18172,2025-01-31,Delivered,Debit Card,15,1006.4
1675,1967,18173,2025-02-11,Delivered,UPI,20,704.8
1676,1971,18189,2025-11-22,Delivered,Debit Card,0,6252.0
1677,1979,18223,2025-01-06,Delivered,Credit Card,5,2665.7
1678,1979,18231,2025-03-14,Delivered,UPI,0,436.0
1679,1979,18232,2025-03-15,Delivered,Debit Card,15,286.45
1680,1979,18234,2025-03-30,Delivered,UPI,20,1156.8
1681,1979,18236,2025-04-15,Delivered,UPI,15,8613.9
1682,1979,18238,2025-04-26,Delivered,UPI,0,802.0
1683,1980,18243,2025-05-02,Delivered,Net Banking,10,940.5
1684,1982,18262,2025-09-09,Delivered,COD,10,1193.4
1685,1982,18264,2025-10-23,Delivered,COD,10,5760.9
1686,1983,18269,2024-11-14,Delivered,COD,10,5628.6
1687,1983,18272,2024-12-03,Delivered,Net Banking,10,6822.0
1688,1983,18277,2025-04-19,Delivered,COD,0,4898.0
1689,1983,18280,2025-05-13,Delivered,COD,0,1926.0
1690,1985,18302,2025-04-11,Delivered,Credit Card,5,4295.9
1691,1985,18307,2025-07-07,Delivered,COD,10,1077.3
1692,1986,18312,2025-02-06,Delivered,Debit Card,0,6095.0
1693,1986,18318,2025-04-28,Delivered,UPI,20,1737.6
1694,1987,18331,2025-05-04,Delivered,UPI,20,1395.2
1695,1987,18338,2025-08-26,Delivered,UPI,0,2599.0
1696,1989,18344,2025-04-13,Delivered,Debit Card,5,432.25
1697,1990,18360,2025-08-13,Delivered,COD,10,6186.6
1698,1991,18363,2025-01-31,Delivered,UPI,20,1347.2
1699,1992,18367,2024-11-16,Delivered,Credit Card,5,836.0
1700,1994,18379,2025-01-11,Delivered,COD,10,3695.4
1701,1994,18380,2025-01-14,Delivered,UPI,10,1062.0
1702,1994,18387,2025-03-23,Delivered,Debit Card,0,1878.0
1703,1995,18401,2024-12-25,Delivered,UPI,5,3113.15
1704,1995,18407,2025-03-07,Delivered,Debit Card,5,1045.95
1705,1995,18409,2025-03-19,Delivered,Debit Card,5,1173.25
1706,1999,18439,2025-07-22,Delivered,Debit Card,10,2762.1
1707,2002,18449,2025-04-28,Delivered,Debit Card,10,4144.5
1708,2002,18455,2025-07-31,Delivered,UPI,15,1365.95
1709,2006,18471,2025-03-16,Returned,Net Banking,0,5718.0
1710,2008,18479,2025-02-04,Delivered,Debit Card,10,3647.7
1711,2010,18489,2025-08-23,Delivered,COD,30,4890.9
1712,2012,18492,2025-09-12,Delivered,COD,0,3391.0
1713,2012,18495,2025-11-23,Delivered,Debit Card,20,2276.0
1714,2013,18504,2025-03-26,Delivered,UPI,10,6480.0
1715,2014,18522,2025-12-07,Delivered,Debit Card,0,1216.0
1716,2015,18532,2025-07-31,Delivered,UPI,5,4636.0
1717,2016,18536,2025-01-09,Delivered,Credit Card,15,4630.8
1718,2017,18557,2025-06-07,Delivered,Debit Card,0,939.0
1719,2018,18563,2025-03-15,Delivered,COD,30,711.2
1720,2019,18592,2025-08-10,Delivered,Credit Card,15,2337.5
1721,2022,18600,2025-06-23,Delivered,Net Banking,0,520.0
1722,2022,18607,2025-07-22,Delivered,Credit Card,15,595.0
1723,2022,18608,2025-07-23,Delivered,Debit Card,15,1711.9
1724,2024,18629,2025-06-23,Delivered,COD,15,2680.9
1725,2027,18651,2025-04-24,Delivered,UPI,15,879.75
1726,2029,18684,2025-02-22,Delivered,COD,10,5642.1
1727,2031,18702,2025-07-12,Delivered,UPI,0,881.0
1728,2032,18703,2024-11-30,Delivered,COD,15,2793.95
1729,2032,18705,2024-12-14,Delivered,UPI,0,1791.0
1730,2032,18714,2025-08-17,Delivered,UPI,0,7062.0
1731,2034,18721,2025-01-08,Returned,UPI,30,1670.9
1732,2034,18729,2025-03-05,Delivered,Debit Card,15,6812.75
1733,2034,18733,2025-04-10,Delivered,UPI,0,4690.0
1734,2043,18808,2025-07-11,Delivered,UPI,10,3536.1
1735,2045,18831,2025-05-30,Delivered,Debit Card,0,1370.0
1736,2046,18842,2025-04-07,Delivered,COD,30,1891.4
1737,2047,18852,2025-01-18,Delivered,COD,30,2045.4
1738,2051,18910,2025-01-07,Delivered,Credit Card,5,11305.95
1739,2051,18911,2025-01-10,Delivered,COD,15,2874.7
1740,2051,18912,2025-01-12,Cancelled,Debit Card,0,4159.0
1741,2051,18915,2025-01-24,Delivered,COD,10,511.2
1742,2051,18919,2025-02-06,Delivered,Credit Card,0,905.0
1743,2052,18930,2024-12-08,Delivered,UPI,5,322.05
1744,2053,18944,2024-12-29,Delivered,UPI,10,4093.2
1745,2057,18985,2025-02-04,Delivered,UPI,15,1453.5
1746,2059,19002,2025-11-15,Delivered,Debit Card,20,3296.8
1747,2060,19008,2025-05-21,Delivered,Credit Card,10,6213.6
1748,2061,19011,2025-08-26,Delivered,UPI,5,1081.1
1749,2061,19015,2025-11-03,Delivered,Credit Card,0,4703.0
1750,2063,19030,2025-10-04,Delivered,Net Banking,20,2043.2
1751,2064,19034,2025-07-08,Delivered,Credit Card,10,2219.4
1752,2064,19037,2025-09-03,Delivered,Credit Card,0,5991.0
1753,2065,19046,2025-08-21,Delivered,UPI,5,4124.9
1754,2065,19047,2025-08-23,Delivered,Debit Card,0,1468.0
1755,2065,19049,2025-09-01,Delivered,COD,20,2536.0
1756,2070,19072,2025-05-12,Delivered,UPI,5,1061.15
1757,2070,19075,2025-06-15,Delivered,Credit Card,0,568.0
1758,2070,19077,2025-12-19,Delivered,UPI,5,4257.9
1759,2072,19088,2025-05-27,Delivered,COD,0,6694.0
1760,2073,19098,2025-06-11,Delivered,COD,0,2774.0
1761,2074,19101,2025-12-19,Cancelled,Credit Card,0,6106.0
1762,2076,19111,2025-10-30,Delivered,Credit Card,10,2512.8
1763,2079,19128,2025-07-22,Delivered,Net Banking,0,6873.0
1764,2079,19130,2025-08-21,Delivered,UPI,10,2340.0
1765,2079,19131,2025-10-03,Delivered,UPI,0,4903.0
1766,2080,19141,2025-02-06,Delivered,Debit Card,5,5977.4
1767,2081,19154,2025-03-05,Delivered,Credit Card,0,2922.0
1768,2083,19166,2025-12-11,Delivered,Debit Card,0,1607.0
1769,2085,19190,2025-04-20,Delivered,UPI,5,6981.55
1770,2087,19202,2024-11-22,Delivered,Debit Card,5,4767.1
1771,2087,19206,2025-02-27,Delivered,Credit Card,15,755.65
1772,2087,19208,2025-04-12,Delivered,COD,0,1106.0
1773,2088,19219,2025-01-06,Delivered,COD,5,726.75
1774,2088,19220,2025-01-11,Returned,Credit Card,15,8598.6
1775,2088,19225,2025-03-01,Delivered,UPI,0,2320.0
1776,2088,19226,2025-03-02,Delivered,UPI,0,6168.0
1777,2088,19228,2025-03-09,Returned,COD,5,1402.2
1778,2089,19244,2025-10-05,Delivered,COD,5,1140.95
1779,2089,19245,2025-10-22,Delivered,COD,5,2506.1
1780,2093,19305,2025-05-06,Delivered,Debit Card,15,1190.0
1781,2093,19306,2025-05-12,Returned,UPI,0,3702.0
1782,2094,19329,2025-06-29,Delivered,Debit Card,0,4891.0
1783,2096,19340,2025-08-29,Delivered,UPI,5,1032.65
1784,2097,19357,2025-04-26,Delivered,Debit Card,0,11552.0
1785,2103,19380,2025-01-10,Delivered,Credit Card,0,1197.0
1786,2103,19381,2025-01-11,Delivered,UPI,20,4274.4
1787,2103,19396,2025-05-07,Delivered,Net Banking,0,3606.0
1788,2104,19402,2025-01-23,Delivered,Credit Card,0,11906.0
1789,2104,19411,2025-04-19,Delivered,Net Banking,0,1235.0
1790,2105,19422,2025-10-06,Delivered,COD,5,5267.75
1791,2108,19440,2025-02-16,Delivered,COD,0,3195.0
1792,2108,19444,2025-03-06,Delivered,Debit Card,30,397.6
1793,2108,19453,2025-04-22,Delivered,Net Banking,10,3086.1
1794,2109,19473,2025-02-11,Delivered,Credit Card,0,6434.0
1795,2110,19483,2025-02-14,Delivered,UPI,10,4738.5
1796,2111,19491,2025-09-21,Delivered,UPI,0,954.0
1797,2114,19494,2024-12-27,Delivered,Net Banking,15,1776.5
1798,2116,19515,2024-11-06,Delivered,Debit Card,10,1261.8
1799,2116,19523,2024-12-01,Delivered,Net Banking,0,3306.0
1800,2116,19541,2025-02-26,Delivered,UPI,15,6788.1
1801,2117,19554,2025-08-02,Delivered,UPI,0,2394.0
1802,2118,19556,2025-02-18,Delivered,UPI,15,3383.0
1803,2118,19560,2025-06-26,Delivered,Credit Card,0,2387.0
1804,2118,19561,2025-09-07,Delivered,Debit Card,0,2200.0
1805,2119,19564,2025-10-07,Delivered,UPI,0,4178.0
1806,2122,19583,2025-05-19,Delivered,COD,5,10657.1
1807,2122,19587,2025-07-16,Delivered,UPI,15,2012.8
1808,2122,19588,2025-07-17,Delivered,Debit Card,15,2357.9
1809,2122,19590,2025-07-27,Delivered,Credit Card,0,2466.0
1810,2123,19596,2025-11-22,Returned,Credit Card,20,9261.6
1811,2128,19611,2024-12-06,Delivered,Credit Card,10,3538.8
1812,2128,19620,2025-07-21,Delivered,Net Banking,0,4747.0
1813,2129,19622,2025-01-19,Delivered,Debit Card,0,5589.0
1814,2129,19627,2025-05-10,Delivered,Net Banking,0,4418.0
1815,2133,19652,2025-05-12,Delivered,Debit Card,0,1370.0
1816,2134,19666,2024-12-01,Delivered,Credit Card,0,1090.0
1817,2134,19676,2025-02-16,Delivered,COD,15,1431.4
1818,2135,19688,2024-12-29,Returned,Debit Card,0,1478.0
1819,2135,19692,2025-04-24,Returned,Credit Card,0,1066.0
1820,2136,19701,2025-10-02,Delivered,COD,15,2703.0
1821,2136,19703,2025-10-13,Delivered,UPI,10,2485.8
1822,2141,19728,2025-04-03,Delivered,COD,0,1005.0
1823,2146,19754,2025-04-13,Delivered,UPI,0,1791.0
1824,2149,19776,2025-09-10,Delivered,Net Banking,5,5147.1
1825,2151,19787,2025-04-19,Delivered,UPI,10,2318.4
1826,2151,19791,2025-05-02,Delivered,COD,10,1833.3
1827,2153,19826,2024-11-21,Delivered,Net Banking,20,3487.2
1828,2154,19852,2025-11-24,Delivered,COD,10,471.6
1829,2156,19860,2025-02-10,Delivered,Credit Card,10,1312.2
1830,2156,19864,2025-04-05,Delivered,Debit Card,0,4931.0
1831,2159,19873,2024-12-22,Delivered,COD,10,6941.7
1832,2159,19883,2025-06-01,Delivered,COD,0,3540.0
1833,2159,19884,2025-06-12,Delivered,UPI,0,946.0
1834,2160,19890,2025-08-19,Delivered,UPI,30,4229.4
1835,2160,19896,2025-09-15,Delivered,Debit Card,15,2109.7
1836,2168,19972,2025-03-31,Delivered,Credit Card,0,2193.0
1837,2168,19973,2025-05-04,Delivered,Debit Card,10,5292.9
1838,2168,19978,2025-11-06,Cancelled,Debit Card,5,736.25
1839,2169,19981,2025-01-01,Delivered,UPI,5,5463.45
1840,2169,19984,2025-04-07,Delivered,UPI,10,3108.6
1841,2169,19985,2025-06-16,Delivered,COD,0,2466.0
1842,2171,20010,2025-02-14,Delivered,UPI,15,8358.9
1843,2171,20011,2025-02-23,Delivered,Credit Card,10,611.1
1844,2171,20012,2025-02-27,Delivered,UPI,15,863.6
1845,2172,20020,2025-04-12,Delivered,Credit Card,15,1384.65
1846,2172,20023,2025-08-11,Delivered,UPI,10,11980.8
1847,2174,20030,2025-05-25,Delivered,UPI,0,3597.0
1848,2174,20032,2025-08-07,Delivered,COD,0,1629.0
1849,2174,20033,2025-08-10,Delivered,Credit Card,15,1256.3
1850,2175,20045,2025-09-11,Delivered,Credit Card,5,1509.55
1851,2176,20052,2025-09-08,Delivered,Net Banking,5,5652.5
1852,2178,20063,2025-05-05,Delivered,UPI,5,1159.0
1853,2183,20116,2025-04-15,Delivered,UPI,15,4262.75
1854,2185,20128,2025-05-07,Delivered,COD,10,1502.1
1855,2186,20157,2025-05-08,Delivered,UPI,10,4890.6
1856,2186,20160,2025-05-22,Delivered,UPI,0,4866.0
1857,2187,20170,2025-09-02,Delivered,Credit Card,30,506.1
1858,2191,20207,2025-07-06,Delivered,UPI,10,3888.0
1859,2191,20209,2025-09-04,Delivered,UPI,0,2517.0
1860,2191,20211,2025-10-24,Delivered,UPI,15,2103.75
1861,2192,20221,2025-09-17,Delivered,UPI,10,4533.3
1862,2195,20239,2025-11-13,Delivered,UPI,0,2494.0
1863,2196,20244,2025-03-05,Delivered,UPI,0,2171.0
1864,2197,20257,2025-06-05,Delivered,COD,0,2982.0
1865,2201,20280,2025-06-17,Delivered,UPI,20,1265.6
1866,2201,20285,2025-09-27,Delivered,UPI,15,5034.55
1867,2201,20287,2025-09-29,Returned,COD,0,3281.0
1868,2202,20302,2025-06-24,Delivered,Debit Card,5,2447.2
1869,2203,20311,2025-03-15,Delivered,Net Banking,0,3483.0
1870,2203,20320,2025-04-28,Delivered,UPI,10,3105.0
1871,2204,20322,2025-08-31,Delivered,COD,5,4500.15
1872,2205,20329,2025-08-09,Delivered,UPI,0,4920.0
1873,2206,20336,2025-07-26,Delivered,UPI,20,3030.4
1874,2207,20343,2025-03-11,Delivered,Debit Card,0,3888.0
1875,2211,20360,2025-01-25,Delivered,UPI,30,2328.2
1876,2213,20377,2025-05-17,Delivered,UPI,10,4984.2
1877,2215,20391,2025-06-12,Delivered,UPI,15,1049.75
1878,2217,20407,2025-01-07,Delivered,Net Banking,10,6162.3
1879,2218,20415,2025-07-03,Delivered,Net Banking,10,1702.8
1880,2218,20417,2025-09-01,Delivered,Net Banking,10,4747.5
1881,2218,20418,2025-09-18,Delivered,UPI,15,3982.25
1882,2219,20424,2025-03-01,Delivered,UPI,0,2585.0
1883,2221,20432,2025-10-16,Delivered,COD,0,6464.0
1884,2222,20452,2025-01-31,Delivered,Credit Card,0,1744.0
1885,2223,20462,2025-09-05,Delivered,UPI,0,2225.0
1886,2225,20472,2025-03-05,Delivered,UPI,0,2279.0
1887,2225,20475,2025-04-04,Delivered,COD,10,2223.9
1888,2228,20484,2025-01-28,Delivered,UPI,15,926.5
1889,2229,20509,2025-03-20,Delivered,Debit Card,0,6144.0
1890,2234,20526,2025-09-27,Delivered,COD,10,5428.8
1891,2237,20573,2025-04-21,Delivered,Credit Card,0,1582.0
1892,2243,20611,2025-02-13,Returned,Credit Card,0,2069.0
1893,2243,20616,2025-02-24,Delivered,UPI,0,1294.0
1894,2243,20620,2025-03-14,Delivered,UPI,10,1065.6
1895,2245,20626,2025-01-12,Delivered,Debit Card,10,2353.5
1896,2245,20634,2025-05-15,Delivered,UPI,0,2834.0
1897,2246,20641,2025-10-29,Delivered,Debit Card,5,5057.8
1898,2247,20656,2025-04-01,Delivered,Debit Card,0,1687.0
1899,2247,20661,2025-05-09,Delivered,UPI,10,4653.0
1900,2250,20684,2025-10-04,Delivered,UPI,30,1254.4
1901,2254,20708,2024-11-30,Delivered,Debit Card,0,1024.0
1902,2256,20741,2025-03-09,Returned,UPI,0,1536.0
1903,2256,20742,2025-03-11,Delivered,Credit Card,20,1947.2
1904,2256,20748,2025-04-29,Delivered,UPI,15,5208.8
1905,2256,20751,2025-05-03,Delivered,COD,0,2844.0
1906,2258,20770,2025-12-29,Delivered,COD,0,1286.0
1907,2259,20777,2025-10-30,Delivered,Debit Card,15,5387.3
1908,2259,20779,2025-11-08,Delivered,Credit Card,0,3249.0
1909,2260,20783,2025-03-11,Delivered,COD,0,4418.0
1910,2260,20786,2025-03-15,Delivered,COD,10,1249.2
1911,2260,20796,2025-04-13,Delivered,UPI,10,2924.1
1912,2261,20811,2025-08-06,Returned,UPI,20,1835.2
1913,2264,20826,2025-07-10,Returned,Net Banking,0,1970.0
1914,2265,20837,2025-03-12,Delivered,Credit Card,0,8268.0
1915,2267,20872,2025-05-08,Delivered,UPI,15,5223.25
1916,2267,20873,2025-05-09,Delivered,Credit Card,5,1667.25
1917,2270,20891,2025-08-06,Delivered,UPI,0,4788.0
1918,2271,20901,2025-02-06,Cancelled,Debit Card,20,3705.6
1919,2271,20902,2025-02-08,Delivered,Net Banking,0,6259.0
1920,2271,20908,2025-04-01,Delivered,COD,30,1324.4
1921,2271,20912,2025-04-24,Delivered,Credit Card,10,10180.8
1922,2272,20920,2025-02-20,Delivered,UPI,5,4332.0
1923,2272,20921,2025-04-17,Delivered,Debit Card,10,845.1
1924,2272,20926,2025-06-27,Delivered,Credit Card,0,3084.0
1925,2272,20927,2025-08-10,Cancelled,Debit Card,10,4428.0
1926,2276,20935,2025-12-02,Delivered,COD,10,1900.8
1927,2277,20938,2025-02-07,Delivered,Credit Card,15,7888.85
1928,2277,20941,2025-02-28,Delivered,Debit Card,15,1177.25
1929,2278,20954,2025-09-15,Delivered,UPI,5,2274.3
1930,2279,20960,2025-04-27,Delivered,Net Banking,10,1081.8
1931,2283,20989,2025-08-02,Delivered,Debit Card,5,1032.65
1932,2283,20992,2025-08-22,Delivered,UPI,0,2401.0
1933,2284,21004,2025-02-11,Returned,UPI,0,6196.0
1934,2286,21020,2024-12-15,Delivered,UPI,0,386.0
1935,2287,21034,2025-06-01,Delivered,COD,0,2174.0
1936,2288,21044,2025-06-21,Delivered,UPI,0,7407.0
1937,2290,21046,2025-11-24,Delivered,UPI,0,1760.0
1938,2294,21058,2025-01-18,Delivered,COD,5,3221.45
1939,2294,21062,2025-02-04,Delivered,UPI,0,6286.0
1940,2294,21071,2025-04-12,Delivered,Debit Card,10,1423.8
1941,2295,21084,2024-12-26,Delivered,COD,30,305.2
1942,2295,21089,2025-04-12,Delivered,UPI,5,1174.2
1943,2296,21095,2025-10-04,Delivered,Credit Card,20,863.2
1944,2296,21098,2025-10-17,Delivered,Credit Card,15,1247.8
1945,2298,21107,2025-11-15,Delivered,COD,15,6640.2
1946,2302,21138,2025-12-06,Delivered,Credit Card,5,4423.2
1947,2302,21139,2025-12-30,Delivered,UPI,10,1255.5
1948,2304,21148,2025-09-15,Delivered,Credit Card,20,3545.6
1949,2304,21149,2025-09-22,Delivered,UPI,5,2317.05
1950,2304,21151,2025-10-09,Delivered,COD,15,7510.6
1951,2305,21152,2025-11-06,Delivered,UPI,20,3534.4
1952,2306,21159,2025-03-28,Delivered,Net Banking,5,1032.65
1953,2306,21163,2025-05-03,Delivered,Debit Card,10,4221.0
1954,2306,21167,2025-08-01,Delivered,UPI,15,6521.2
1955,2308,21195,2024-12-18,Delivered,COD,10,1080.9
1956,2308,21199,2025-03-22,Delivered,Credit Card,5,2283.8
1957,2310,21209,2024-12-14,Delivered,Net Banking,15,5633.8
1958,2310,21210,2024-12-21,Delivered,Credit Card,0,2394.0
1959,2311,21219,2025-10-18,Delivered,COD,15,1630.3
1960,2311,21220,2025-10-23,Delivered,Credit Card,15,2828.8
1961,2312,21226,2025-02-19,Cancelled,UPI,10,4445.1
1962,2312,21228,2025-03-09,Delivered,UPI,15,681.7
1963,2312,21231,2025-07-22,Delivered,Debit Card,30,5483.8
1964,2315,21244,2025-05-23,Delivered,Net Banking,5,5631.6
1965,2319,21268,2025-03-07,Delivered,COD,0,7561.0
1966,2319,21272,2025-08-19,Delivered,UPI,10,4220.1
1967,2319,21274,2025-09-15,Delivered,UPI,15,1127.1
1968,2321,21300,2025-04-06,Delivered,UPI,15,1547.85
1969,2322,21308,2025-04-08,Delivered,UPI,15,2237.2
1970,2323,21318,2025-01-31,Delivered,COD,20,910.4
1971,2326,21349,2025-04-16,Delivered,COD,20,1423.2
1972,2326,21350,2025-06-19,Delivered,COD,0,2070.0
1973,2326,21354,2025-08-29,Delivered,UPI,10,1497.6
1974,2327,21362,2024-12-21,Delivered,Net Banking,15,3226.6
1975,2327,21372,2025-02-06,Delivered,Credit Card,15,1512.15
1976,2329,21397,2024-12-05,Delivered,UPI,0,339.0
1977,2329,21407,2025-01-12,Delivered,Credit Card,0,9225.0
1978,2329,21408,2025-01-22,Delivered,UPI,20,558.4
1979,2329,21414,2025-02-07,Delivered,Credit Card,15,6042.65
1980,2329,21417,2025-02-14,Delivered,Credit Card,15,2438.65
1981,2330,21418,2025-05-03,Delivered,UPI,15,4992.9
1982,2330,21421,2025-09-07,Delivered,UPI,5,3972.9
1983,2331,21423,2025-03-28,Delivered,UPI,15,948.6
1984,2332,21443,2025-11-08,Cancelled,COD,0,3003.0
1985,2335,21477,2025-05-21,Delivered,Credit Card,5,2809.15
1986,2336,21484,2025-06-11,Delivered,UPI,20,454.4
1987,2337,21496,2025-07-06,Delivered,Credit Card,20,3894.4
1988,2344,21556,2025-05-22,Delivered,Net Banking,10,950.4
1989,2347,21576,2025-06-15,Delivered,UPI,15,4856.05
1990,2348,21590,2025-08-17,Delivered,UPI,0,3767.0
1991,2348,21591,2025-09-07,Delivered,Net Banking,0,1955.0
1992,2351,21606,2025-02-25,Delivered,Credit Card,5,4197.1
1993,2351,21608,2025-02-28,Delivered,COD,15,6052.85
1994,2352,21626,2025-09-03,Delivered,UPI,0,1251.0
1995,2352,21629,2025-09-22,Returned,UPI,20,952.8
1996,2353,21636,2025-04-24,Delivered,Debit Card,15,748.0
1997,2353,21637,2025-08-29,Delivered,UPI,15,2949.5
1998,2354,21647,2025-04-05,Delivered,UPI,0,1005.0
1999,2360,21678,2025-10-30,Delivered,COD,0,7610.0
2000,2363,21689,2025-11-10,Delivered,COD,20,758.4
2001,2364,21698,2025-04-27,Delivered,Net Banking,10,6159.6
2002,2368,21707,2025-07-22,Delivered,UPI,15,4794.0
2003,2368,21709,2025-08-13,Delivered,UPI,20,1556.8
2004,2373,21722,2024-12-19,Returned,Debit Card,30,1324.4
2005,2374,21746,2025-07-08,Delivered,Credit Card,5,749.55
2006,2376,21761,2025-08-04,Delivered,UPI,0,10346.0
2007,2376,21763,2025-08-18,Delivered,UPI,10,8281.8
2008,2381,21798,2025-08-30,Delivered,COD,5,3960.55
2009,2382,21802,2024-11-04,Delivered,Credit Card,20,2383.2
2010,2383,21825,2024-11-28,Returned,COD,15,2109.7
2011,2387,21881,2025-01-24,Delivered,Net Banking,20,9616.8
2012,2387,21885,2025-01-30,Delivered,COD,30,2878.4
2013,2388,21894,2025-01-16,Returned,Debit Card,5,4550.5
2014,2388,21895,2025-02-07,Delivered,UPI,0,5942.0
2015,2388,21898,2025-03-14,Delivered,UPI,0,2438.0
2016,2388,21904,2025-05-13,Delivered,Debit Card,15,1674.5
2017,2389,21911,2024-12-17,Delivered,COD,15,10982.85
2018,2389,21915,2025-01-06,Delivered,UPI,0,1961.0
2019,2389,21918,2025-01-16,Delivered,Credit Card,15,2315.4
2020,2391,21943,2025-03-09,Delivered,Debit Card,0,1666.0
2021,2391,21950,2025-04-10,Delivered,UPI,0,7398.0
2022,2391,21956,2025-05-04,Delivered,Debit Card,20,272.0
2023,2393,21979,2025-02-06,Delivered,Net Banking,10,1855.8
2024,2393,21991,2025-04-04,Delivered,Credit Card,0,4090.0
2025,2395,22005,2025-03-14,Delivered,Net Banking,20,6584.0
2026,2395,22011,2025-06-07,Delivered,COD,10,2762.1
2027,2396,22015,2025-04-02,Delivered,Credit Card,5,10949.7
2028,2396,22019,2025-05-06,Delivered,Credit Card,0,4844.0
2029,2397,22033,2025-08-19,Delivered,Credit Card,0,1844.0
2030,2399,22040,2025-11-02,Cancelled,UPI,10,4297.5
2031,2402,22048,2025-05-10,Delivered,Credit Card,10,8809.2
2032,2402,22049,2025-05-28,Delivered,Debit Card,0,545.0
2033,2404,22079,2025-03-28,Delivered,COD,10,1883.7
2034,2404,22082,2025-04-16,Delivered,Credit Card,20,833.6
2035,2405,22090,2025-10-21,Delivered,Debit Card,0,2815.0
2036,2406,22092,2025-03-20,Delivered,UPI,30,1196.3
2037,2407,22110,2025-08-27,Delivered,UPI,5,4290.2
2038,2407,22112,2025-11-21,Delivered,COD,10,6363.9
2039,2409,22118,2025-09-16,Delivered,UPI,10,3204.0
2040,2412,22155,2025-09-04,Delivered,Credit Card,0,4653.0
2041,2415,22182,2025-01-19,Delivered,COD,30,1336.3
2042,2415,22185,2025-01-30,Delivered,Net Banking,0,905.0
2043,2415,22191,2025-05-10,Cancelled,Debit Card,15,1191.7
2044,2417,22209,2025-07-02,Returned,UPI,0,2571.0
2045,2418,22222,2025-05-20,Delivered,UPI,30,4318.3
2046,2418,22225,2025-10-12,Delivered,Credit Card,0,3263.0
2047,2420,22236,2025-04-02,Delivered,UPI,15,2727.65
2048,2420,22245,2025-12-01,Delivered,Credit Card,10,1736.1
2049,2422,22257,2025-04-27,Delivered,UPI,5,2912.7
2050,2425,22281,2025-06-24,Delivered,UPI,0,2091.0
2051,2425,22290,2025-12-12,Delivered,Net Banking,10,1569.6
2052,2426,22298,2025-02-24,Delivered,Debit Card,5,2555.5
2053,2427,22309,2025-06-27,Delivered,Credit Card,0,3137.0
2054,2429,22317,2025-01-05,Delivered,UPI,5,627.95
2055,2429,22325,2025-04-02,Delivered,Credit Card,0,1395.0
2056,2430,22332,2025-10-01,Delivered,UPI,5,1293.9
2057,2431,22339,2025-06-24,Delivered,Credit Card,10,5435.1
2058,2431,22342,2025-08-16,Delivered,Debit Card,15,8233.1
2059,2436,22368,2024-12-01,Delivered,Credit Card,0,1860.0
2060,2436,22373,2024-12-17,Delivered,Debit Card,15,4371.55
2061,2436,22377,2025-01-08,Delivered,UPI,0,1045.0
2062,2439,22422,2025-04-01,Delivered,Debit Card,15,4140.35
2063,2439,22432,2025-05-26,Returned,UPI,10,1157.4
2064,2440,22439,2024-11-30,Delivered,Debit Card,0,4109.0
2065,2440,22446,2025-01-09,Delivered,Net Banking,5,3551.1
2066,2441,22462,2025-10-20,Delivered,Debit Card,5,6438.15
2067,2444,22495,2025-09-12,Delivered,Debit Card,20,1736.8
2068,2445,22498,2024-12-19,Returned,UPI,0,4037.0
2069,2446,22510,2025-01-02,Delivered,UPI,10,7417.8
2070,2448,22525,2025-08-25,Delivered,Debit Card,10,1502.1
2071,2450,22537,2025-01-12,Delivered,UPI,5,1088.7
2072,2453,22565,2025-02-21,Delivered,COD,20,7321.6
2073,2454,22583,2025-07-30,Delivered,UPI,15,1264.8
2074,2455,22595,2025-02-25,Delivered,UPI,20,5816.8
2075,2455,22598,2025-03-31,Delivered,COD,0,1235.0
2076,2456,22614,2025-03-01,Delivered,Debit Card,0,700.0
2077,2456,22619,2025-04-28,Delivered,UPI,0,3814.0
2078,2457,22628,2025-06-07,Delivered,Credit Card,0,6800.0
2079,2457,22632,2025-08-15,Delivered,UPI,5,3793.35
2080,2458,22636,2025-01-03,Delivered,Debit Card,0,698.0
2081,2458,22643,2025-03-05,Delivered,Debit Card,0,9175.0
2082,2459,22660,2025-08-21,Delivered,Net Banking,5,5509.05
2083,2459,22662,2025-09-07,Delivered,Credit Card,0,1929.0
2084,2459,22663,2025-09-12,Delivered,Debit Card,10,2787.3
2085,2460,22668,2025-04-29,Delivered,COD,10,490.5
2086,2460,22675,2025-07-27,Delivered,Credit Card,0,6329.0
2087,2461,22682,2025-02-18,Delivered,COD,15,810.9
2088,2461,22690,2025-10-04,Delivered,UPI,0,4883.0
2089,2462,22695,2025-01-04,Delivered,Credit Card,0,1955.0
2090,2464,22711,2025-08-23,Delivered,Credit Card,20,4883.2
2091,2465,22717,2025-02-15,Delivered,Credit Card,0,1615.0
2092,2465,22729,2025-07-21,Delivered,UPI,5,1913.3
2093,2466,22738,2025-04-15,Delivered,UPI,0,1348.0
2094,2466,22744,2025-04-29,Delivered,UPI,0,2438.0
2095,2466,22746,2025-05-22,Delivered,Net Banking,15,3218.1
2096,2470,22757,2025-12-10,Delivered,COD,5,5628.75
2097,2471,22765,2025-08-02,Delivered,UPI,0,1860.0
2098,2472,22769,2025-08-28,Cancelled,UPI,0,6321.0
2099,2473,22780,2025-03-19,Delivered,Net Banking,10,235.8
2100,2473,22788,2025-07-30,Returned,Net Banking,5,3056.15
2101,2474,22793,2025-03-06,Delivered,Net Banking,20,3766.4
2102,2476,22805,2025-01-29,Delivered,Debit Card,5,2455.75
2103,2479,22824,2025-05-07,Delivered,COD,20,6480.0
2104,2480,22836,2025-07-28,Delivered,COD,0,2922.0
2105,2480,22837,2025-07-29,Delivered,Credit Card,0,4359.0
2106,2484,22848,2025-06-15,Delivered,UPI,0,10442.0
2107,2487,22861,2025-02-05,Delivered,UPI,15,5584.5
2108,2487,22870,2025-04-08,Delivered,Debit Card,15,1859.8
2109,2487,22871,2025-04-13,Delivered,UPI,10,1795.5
2110,2488,22888,2025-04-18,Delivered,UPI,0,1370.0
2111,2488,22889,2025-04-20,Delivered,UPI,20,2652.8
2112,2492,22906,2025-03-27,Delivered,Debit Card,30,5817.7
2113,2492,22907,2025-04-01,Delivered,COD,20,2716.8
2114,2492,22921,2025-06-25,Delivered,UPI,20,1915.2
2115,2497,22936,2025-07-22,Delivered,UPI,5,7970.5
2116,2501,22975,2025-01-02,Delivered,UPI,10,6114.6
2117,2505,23024,2025-04-23,Delivered,COD,30,1274.7
2118,2506,23035,2024-12-15,Delivered,Debit Card,5,1025.05
2119,2506,23048,2025-03-01,Delivered,UPI,15,592.45
2120,2507,23056,2025-06-19,Delivered,Credit Card,5,1141.9
2121,2510,23094,2025-07-13,Delivered,Net Banking,5,4111.6
2122,2511,23104,2025-09-12,Delivered,Debit Card,15,15132.55
2123,2513,23110,2025-12-31,Delivered,Debit Card,10,3585.6
2124,2518,23160,2025-11-19,Delivered,COD,15,2096.1
2125,2519,23169,2025-08-13,Delivered,UPI,0,2404.0
2126,2521,23179,2025-04-24,Cancelled,UPI,10,347.4
2127,2525,23219,2024-12-28,Delivered,Credit Card,10,5593.5
2128,2526,23228,2024-12-13,Delivered,UPI,20,3933.6
2129,2526,23234,2025-04-24,Returned,Debit Card,20,2789.6
2130,2526,23236,2025-06-05,Delivered,COD,15,4057.05
2131,2527,23242,2025-03-02,Delivered,UPI,0,2010.0
2132,2528,23259,2025-07-02,Delivered,UPI,0,6248.0
2133,2530,23267,2025-04-25,Delivered,COD,15,3275.9
2134,2532,23289,2025-08-02,Delivered,Credit Card,0,4690.0
2135,2535,23309,2024-12-21,Delivered,Debit Card,20,416.0
2136,2536,23317,2025-05-25,Delivered,UPI,0,1197.0
2137,2537,23329,2025-11-20,Delivered,COD,0,3551.0
2138,2538,23330,2025-03-26,Returned,COD,0,4910.0
2139,2539,23346,2025-08-25,Delivered,UPI,0,2446.0
2140,2540,23360,2025-04-30,Delivered,UPI,15,888.25
2141,2541,23364,2025-07-19,Delivered,Debit Card,5,2929.8
2142,2541,23368,2025-11-18,Delivered,Credit Card,15,879.75
2143,2543,23371,2025-09-22,Cancelled,UPI,30,2443.0
2144,2546,23392,2025-02-09,Delivered,UPI,20,403.2
2145,2546,23398,2025-03-23,Cancelled,Credit Card,15,877.2
2146,2549,23420,2025-06-21,Delivered,UPI,20,549.6
2147,2549,23421,2025-06-26,Cancelled,Credit Card,10,4297.5
2148,2549,23422,2025-06-28,Delivered,UPI,0,1380.0
2149,2549,23427,2025-07-09,Delivered,Debit Card,15,1598.0
2150,2553,23452,2025-11-11,Delivered,UPI,0,5522.0
2151,2554,23463,2025-05-01,Returned,Credit Card,0,3454.0
2152,2554,23466,2025-06-03,Delivered,Credit Card,10,4273.2
2153,2555,23472,2025-04-12,Delivered,UPI,5,6936.9
2154,2555,23473,2025-04-19,Delivered,Debit Card,10,5347.8
2155,2558,23505,2025-08-14,Delivered,UPI,0,954.0
2156,2559,23520,2025-02-22,Delivered,UPI,0,2913.0
2157,2560,23534,2025-07-05,Delivered,COD,5,627.95
2158,2561,23548,2025-09-11,Delivered,Debit Card,10,7902.0
2159,2561,23550,2025-09-28,Delivered,Debit Card,15,2043.4
2160,2562,23554,2025-10-22,Delivered,UPI,15,3429.75
2161,2565,23557,2025-03-27,Delivered,UPI,20,1103.2
2162,2565,23561,2025-06-03,Delivered,UPI,30,788.9
2163,2566,23570,2025-06-18,Delivered,UPI,0,5637.0
2164,2566,23573,2025-07-05,Delivered,UPI,5,1322.4
2165,2568,23600,2025-01-11,Delivered,Net Banking,20,3644.8
2166,2568,23602,2025-03-16,Delivered,Credit Card,0,946.0
2167,2569,23622,2025-03-07,Delivered,COD,10,2340.0
2168,2569,23631,2025-05-14,Delivered,UPI,10,2602.8
2169,2570,23645,2025-03-27,Delivered,Credit Card,20,486.4
2170,2570,23650,2025-05-16,Delivered,Credit Card,10,2199.6
2171,2574,23677,2025-10-15,Delivered,Net Banking,10,6871.5
2172,2575,23678,2025-12-18,Delivered,COD,20,2219.2
2173,2577,23691,2025-04-26,Delivered,UPI,5,1035.5
2174,2582,23768,2025-07-29,Delivered,UPI,0,2223.0
2175,2582,23770,2025-08-21,Delivered,COD,10,8449.2
2176,2586,23814,2025-01-09,Delivered,UPI,0,2492.0
2177,2586,23821,2025-03-05,Delivered,UPI,10,2282.4
2178,2586,23829,2025-05-10,Delivered,UPI,20,1271.2
2179,2589,23839,2025-02-05,Delivered,Debit Card,5,6416.3
2180,2589,23846,2025-06-23,Delivered,Credit Card,15,2741.25
2181,2589,23850,2025-09-05,Delivered,UPI,0,889.0
2182,2589,23851,2025-09-18,Delivered,Credit Card,30,2819.6
2183,2590,23862,2025-06-12,Delivered,Credit Card,20,788.0
2184,2591,23872,2025-10-16,Delivered,Credit Card,15,1834.3
2185,2592,23875,2025-10-01,Delivered,UPI,10,2738.7
2186,2594,23895,2025-01-08,Delivered,COD,5,2170.75
2187,2595,23922,2025-02-05,Returned,UPI,15,8499.15
2188,2596,23934,2025-03-18,Delivered,Debit Card,5,2005.45
2189,2597,23944,2025-06-11,Delivered,UPI,0,7710.0
2190,2598,23959,2025-05-16,Delivered,Credit Card,15,3458.65
2191,2598,23968,2025-11-12,Delivered,UPI,10,5835.6
2192,2599,23974,2025-01-07,Returned,UPI,10,7715.7
2193,2599,23980,2025-03-06,Delivered,COD,10,1031.4
2194,2599,23985,2025-04-14,Delivered,UPI,20,4888.0
2195,2605,24027,2025-02-10,Delivered,COD,10,1062.0
2196,2606,24036,2025-06-04,Delivered,COD,20,2328.8
2197,2607,24055,2025-04-23,Delivered,COD,5,4847.85
2198,2608,24067,2025-04-07,Delivered,Debit Card,15,2586.55
2199,2608,24070,2025-04-24,Delivered,Credit Card,0,2856.0
2200,2610,24084,2025-10-22,Delivered,UPI,0,674.0
2201,2613,24104,2025-07-16,Delivered,UPI,10,4820.4
2202,2614,24108,2025-02-21,Delivered,Credit Card,30,1178.8
2203,2615,24113,2025-08-14,Delivered,UPI,20,8204.8
2204,2620,24163,2025-10-11,Delivered,UPI,15,2438.65
2205,2621,24171,2025-01-18,Delivered,Net Banking,10,4382.1
2206,2622,24192,2025-03-23,Returned,Debit Card,5,1137.15
2207,2624,24210,2025-02-28,Delivered,Debit Card,0,7666.0
2208,2624,24215,2025-03-16,Delivered,UPI,5,1469.65
2209,2628,24240,2025-09-12,Delivered,UPI,15,1378.7
2210,2630,24245,2025-07-24,Delivered,Debit Card,15,3391.5
2211,2631,24261,2025-03-21,Delivered,Debit Card,20,2684.0
2212,2632,24284,2025-04-19,Delivered,COD,5,1373.7
2213,2632,24288,2025-06-09,Returned,Debit Card,0,4595.0
2214,2641,24356,2025-04-08,Delivered,Credit Card,0,2739.0
2215,2642,24366,2024-11-30,Delivered,UPI,0,4595.0
2216,2644,24380,2025-04-20,Delivered,UPI,0,2540.0
2217,2646,24414,2025-01-03,Delivered,Credit Card,0,1589.0
2218,2647,24431,2025-11-12,Delivered,Net Banking,15,1229.1
2219,2648,24432,2025-04-15,Delivered,COD,10,7929.9
2220,2648,24436,2025-07-21,Delivered,UPI,0,2904.0
2221,2648,24437,2025-08-31,Delivered,UPI,0,1573.0
2222,2650,24450,2025-05-03,Delivered,Debit Card,10,6408.0
2223,2650,24454,2025-08-02,Delivered,UPI,15,2614.6
2224,2651,24461,2025-08-17,Delivered,COD,30,3011.4
2225,2651,24462,2025-09-04,Delivered,Net Banking,30,2745.4
2226,2653,24470,2025-01-02,Delivered,Credit Card,10,4101.3
2227,2653,24475,2025-02-11,Delivered,Debit Card,0,2326.0
2228,2653,24480,2025-03-18,Delivered,UPI,0,455.0
2229,2657,24509,2025-02-28,Delivered,Credit Card,10,1843.2
2230,2657,24520,2025-08-06,Delivered,COD,0,1056.0
2231,2659,24532,2025-03-27,Delivered,UPI,10,5935.5
2232,2659,24533,2025-05-04,Delivered,Net Banking,5,4141.05
2233,2664,24564,2025-05-04,Delivered,Credit Card,20,2124.8
2234,2666,24578,2025-03-16,Delivered,UPI,0,1042.0
2235,2667,24592,2025-02-14,Delivered,UPI,0,1982.0
2236,2667,24600,2025-04-26,Delivered,UPI,20,2348.8
2237,2667,24602,2025-05-02,Delivered,UPI,0,1502.0
2238,2667,24605,2025-05-18,Delivered,UPI,5,2348.4
2239,2668,24609,2025-01-09,Delivered,Debit Card,10,4327.2
2240,2668,24618,2025-04-26,Returned,UPI,10,2085.3
2241,2671,24631,2024-12-20,Delivered,UPI,0,10027.0
2242,2671,24647,2025-06-12,Cancelled,Credit Card,10,3808.8
2243,2672,24660,2025-03-31,Delivered,Debit Card,0,11857.0
2244,2672,24661,2025-04-09,Delivered,Debit Card,0,13240.0
2245,2674,24673,2025-07-25,Delivered,Credit Card,10,13358.7
2246,2674,24680,2025-09-26,Delivered,Net Banking,30,1265.6
2247,2675,24681,2024-12-06,Delivered,UPI,0,5207.0
2248,2677,24687,2025-03-28,Delivered,Credit Card,30,5246.5
2249,2677,24698,2025-06-01,Delivered,Debit Card,0,3857.0
2250,2677,24699,2025-06-02,Delivered,Credit Card,15,2012.8
2251,2680,24716,2025-04-09,Delivered,UPI,30,7282.8
2252,2684,24759,2025-04-29,Delivered,Credit Card,10,3249.9
2253,2684,24761,2025-05-30,Delivered,UPI,15,2007.7
2254,2685,24766,2025-11-27,Delivered,Credit Card,5,4712.95
2255,2690,24803,2025-08-14,Delivered,Net Banking,0,3257.0
2256,2691,24807,2025-08-16,Delivered,UPI,15,2569.55
2257,2691,24810,2025-09-30,Delivered,UPI,5,1810.7
2258,2696,24840,2025-07-31,Delivered,UPI,15,940.1
2259,2698,24870,2025-06-17,Delivered,Credit Card,5,3878.85
2260,2701,24909,2025-10-02,Delivered,COD,15,4122.5
2261,2703,24919,2025-03-24,Delivered,UPI,0,4127.0
2262,2707,24941,2025-10-21,Delivered,Credit Card,0,3173.0
2263,2708,24949,2025-09-17,Delivered,Net Banking,15,1598.0
2264,2709,24951,2025-12-15,Delivered,Debit Card,0,455.0
2265,2710,24952,2025-05-27,Delivered,UPI,0,6067.0
2266,2715,24992,2025-05-16,Delivered,COD,20,1902.4
2267,2715,24998,2025-07-18,Delivered,Debit Card,0,4560.0
2268,2715,25001,2025-08-09,Delivered,Credit Card,5,2984.9
2269,2718,25034,2024-12-08,Delivered,UPI,20,1265.6
2270,2721,25053,2025-07-16,Delivered,UPI,5,2081.45
2271,2728,25090,2025-02-17,Delivered,Credit Card,0,10360.0
2272,2728,25099,2025-07-28,Delivered,UPI,10,1234.8
2273,2736,25140,2025-06-18,Delivered,COD,5,2147.95
2274,2737,25150,2025-11-17,Delivered,COD,5,1523.8
2275,2740,25163,2025-03-04,Delivered,UPI,5,1290.1
2276,2740,25169,2025-03-17,Delivered,Credit Card,15,6596.0
2277,2742,25183,2025-03-29,Delivered,Net Banking,5,2062.45
2278,2743,25193,2025-04-01,Returned,COD,20,308.8
2279,2748,25228,2025-02-08,Delivered,COD,10,2144.7
2280,2749,25238,2025-07-10,Delivered,UPI,10,959.4
2281,2752,25268,2025-04-08,Delivered,COD,20,5150.4
2282,2757,25320,2025-03-13,Delivered,Credit Card,0,1684.0
2283,2757,25327,2025-07-18,Delivered,UPI,15,4069.8
2284,2760,25350,2025-02-18,Delivered,Debit Card,10,2163.6
2285,2760,25356,2025-05-11,Delivered,Credit Card,0,8192.0
2286,2761,25363,2025-07-02,Delivered,UPI,15,1547.85
2287,2762,25379,2025-02-21,Delivered,Credit Card,0,802.0
2288,2762,25382,2025-03-20,Delivered,COD,15,2932.5
2289,2763,25402,2025-11-10,Delivered,UPI,20,2828.0
2290,2764,25407,2025-07-06,Delivered,UPI,20,3487.2
2291,2765,25417,2025-07-19,Delivered,Debit Card,0,4806.0
2292,2765,25418,2025-07-23,Delivered,COD,30,6283.2
2293,2766,25425,2025-03-10,Delivered,UPI,5,1088.7
2294,2766,25432,2025-05-04,Delivered,UPI,10,1159.2
2295,2766,25433,2025-05-11,Delivered,Net Banking,5,9272.0
2296,2768,25442,2025-06-02,Delivered,COD,10,1225.8
2297,2770,25463,2025-03-20,Delivered,UPI,0,4581.0
2298,2770,25469,2025-07-03,Delivered,Credit Card,15,4057.05
2299,2772,25489,2025-03-15,Delivered,COD,0,5438.0
2300,2772,25490,2025-03-20,Delivered,COD,0,6447.0
2301,2772,25493,2025-05-25,Returned,Credit Card,0,504.0
2302,2773,25499,2025-07-02,Delivered,UPI,0,1035.0
2303,2773,25505,2025-09-04,Delivered,UPI,0,2502.0
2304,2775,25517,2025-04-18,Delivered,COD,15,2012.8
2305,2775,25518,2025-05-01,Delivered,Credit Card,0,2471.0
2306,2777,25537,2025-05-19,Delivered,Credit Card,0,4880.0
2307,2777,25539,2025-06-08,Delivered,Net Banking,20,269.6
2308,2778,25543,2024-11-03,Delivered,Credit Card,5,4126.8
2309,2778,25550,2024-12-11,Delivered,Debit Card,0,3990.0
2310,2778,25553,2024-12-22,Delivered,Credit Card,5,4783.25
2311,2778,25566,2025-02-28,Delivered,COD,0,4404.0
2312,2778,25569,2025-03-07,Cancelled,UPI,20,3192.8
2313,2780,25579,2025-07-09,Delivered,Credit Card,0,507.0
2314,2783,25599,2024-12-15,Delivered,UPI,0,2482.0
2315,2783,25600,2025-01-15,Delivered,UPI,0,3177.0
2316,2783,25602,2025-05-24,Delivered,Credit Card,10,1803.6
2317,2784,25607,2025-11-17,Delivered,Credit Card,10,306.0
2318,2785,25618,2025-07-19,Delivered,COD,15,4131.0
2319,2785,25619,2025-07-24,Delivered,COD,0,2026.0
2320,2785,25620,2025-07-25,Delivered,UPI,0,946.0
2321,2786,25624,2025-08-17,Delivered,Credit Card,5,2147.95
2322,2787,25627,2024-12-08,Delivered,UPI,15,595.0
2323,2787,25630,2024-12-26,Delivered,COD,15,6618.95
2324,2787,25632,2025-01-08,Delivered,Debit Card,0,3913.0
2325,2791,25662,2025-02-23,Delivered,Debit Card,0,4237.0
2326,2792,25679,2024-12-04,Delivered,UPI,10,5983.2
2327,2794,25723,2025-06-17,Delivered,COD,30,2298.8
2328,2795,25733,2025-04-07,Delivered,UPI,30,3420.2
2329,2796,25736,2025-05-29,Delivered,Credit Card,0,8192.0
2330,2796,25741,2025-11-29,Cancelled,UPI,15,4395.35
2331,2796,25742,2025-12-06,Delivered,UPI,15,7291.3
2332,2797,25744,2024-12-18,Delivered,UPI,10,792.9
2333,2797,25751,2025-02-01,Delivered,Net Banking,0,2091.0
2334,2797,25756,2025-03-31,Cancelled,UPI,0,2394.0
2335,2800,25797,2025-03-14,Delivered,UPI,20,5287.2
2336,2801,25805,2025-07-12,Delivered,UPI,15,5966.15
2337,2801,25808,2025-07-26,Delivered,Credit Card,15,5812.3
2338,2802,25814,2025-02-27,Cancelled,Net Banking,0,2510.0
2339,2803,25836,2025-04-06,Delivered,UPI,20,3234.4
2340,2803,25846,2025-06-05,Delivered,UPI,0,8707.0
2341,2805,25858,2025-10-23,Delivered,Net Banking,30,643.3
2342,2807,25872,2024-11-07,Delivered,COD,0,2439.0
2343,2807,25874,2025-02-24,Delivered,Credit Card,0,4878.0
2344,2807,25875,2025-03-30,Cancelled,UPI,10,1062.9
2345,2807,25881,2025-09-04,Delivered,COD,5,729.6
2346,2807,25882,2025-10-06,Delivered,Credit Card,15,4420.0
2347,2812,25919,2025-01-27,Delivered,COD,5,1883.85
2348,2812,25930,2025-03-14,Delivered,Credit Card,0,7554.0
2349,2814,25952,2025-06-02,Delivered,UPI,15,1871.7
2350,2815,25959,2025-08-05,Delivered,Credit Card,0,8546.0
2351,2816,25976,2025-01-17,Delivered,Net Banking,20,996.0
2352,2816,25978,2025-02-02,Delivered,UPI,0,2600.0
2353,2816,25984,2025-02-20,Delivered,UPI,15,5190.95
2354,2817,25986,2025-06-23,Delivered,UPI,0,12047.0
2355,2818,25997,2025-10-14,Delivered,COD,5,3624.25
2356,2819,26006,2025-03-29,Delivered,Credit Card,5,663.1
2357,2820,26013,2025-05-19,Delivered,COD,0,8787.0
2358,2821,26024,2025-01-16,Delivered,UPI,10,4757.4
2359,2821,26027,2025-02-02,Delivered,Net Banking,0,2603.0
2360,2821,26028,2025-03-07,Delivered,Debit Card,15,1817.3
2361,2824,26052,2025-07-19,Delivered,UPI,0,4558.0
2362,2828,26090,2025-02-14,Delivered,Debit Card,10,857.7
2363,2828,26096,2025-04-06,Delivered,Credit Card,5,4242.7
2364,2828,26099,2025-04-28,Returned,Credit Card,0,2823.0
2365,2829,26102,2025-01-26,Delivered,UPI,10,6730.2
2366,2829,26108,2025-02-27,Delivered,Debit Card,0,2638.0
2367,2829,26112,2025-04-15,Delivered,UPI,15,1847.9
2368,2829,26113,2025-04-23,Delivered,Net Banking,20,13836.0
2369,2829,26114,2025-04-27,Delivered,UPI,0,4421.0
2370,2830,26129,2025-04-14,Delivered,Credit Card,10,2421.0
2371,2830,26138,2025-09-11,Delivered,Credit Card,0,4704.0
2372,2833,26156,2025-05-03,Delivered,UPI,10,4686.3
2373,2836,26185,2025-10-03,Delivered,UPI,15,386.75
2374,2837,26188,2025-08-09,Delivered,Debit Card,0,5171.0
2375,2837,26190,2025-08-24,Delivered,UPI,0,1606.0
2376,2837,26191,2025-09-07,Delivered,Credit Card,20,1156.8
2377,2839,26200,2025-05-21,Delivered,Debit Card,5,3906.4
2378,2839,26204,2025-06-24,Delivered,Credit Card,10,306.0
2379,2840,26211,2025-01-15,Returned,Credit Card,30,1554.0
2380,2840,26221,2025-06-08,Delivered,UPI,5,3040.0
2381,2840,26222,2025-06-21,Delivered,UPI,0,661.0
2382,2840,26223,2025-06-22,Delivered,Credit Card,5,1060.2
2383,2842,26238,2025-11-03,Delivered,Debit Card,10,3412.8
2384,2844,26253,2025-04-11,Delivered,Credit Card,20,2167.2
2385,2844,26258,2025-06-16,Delivered,UPI,0,1872.0
2386,2845,26264,2025-07-10,Delivered,Debit Card,30,4492.6
2387,2846,26271,2025-06-30,Delivered,Debit Card,5,642.2
2388,2846,26274,2025-07-25,Delivered,COD,10,792.9
2389,2854,26310,2025-04-11,Delivered,Credit Card,0,2036.0
2390,2854,26316,2025-06-01,Delivered,Debit Card,15,4515.2
2391,2857,26331,2024-12-11,Delivered,Credit Card,0,812.0
2392,2862,26363,2025-05-21,Delivered,Credit Card,0,11079.0
2393,2866,26397,2025-03-22,Delivered,Debit Card,15,7799.6
2394,2866,26405,2025-07-21,Returned,Debit Card,10,3824.1
2395,2867,26411,2024-12-05,Delivered,COD,20,4113.6
2396,2869,26428,2025-02-16,Delivered,COD,15,2119.9
2397,2869,26432,2025-02-28,Returned,COD,5,898.7
2398,2869,26438,2025-04-16,Delivered,UPI,15,5360.95
2399,2870,26448,2025-03-30,Delivered,Credit Card,10,1610.1
2400,2870,26450,2025-04-01,Delivered,COD,20,4446.4
2401,2870,26451,2025-04-17,Delivered,Net Banking,20,1882.4
2402,2872,26477,2025-07-30,Delivered,Debit Card,10,7657.2
2403,2875,26501,2025-09-09,Delivered,Credit Card,5,1385.1
2404,2877,26511,2025-02-12,Delivered,COD,20,5898.4
2405,2878,26529,2024-12-11,Delivered,UPI,5,2929.8
2406,2878,26532,2025-03-24,Delivered,Debit Card,0,4690.0
2407,2878,26537,2025-05-05,Delivered,Net Banking,15,897.6
2408,2884,26570,2025-02-23,Delivered,UPI,20,1738.4
2409,2884,26574,2025-05-19,Delivered,Debit Card,15,1003.85
2410,2886,26590,2025-06-17,Delivered,Debit Card,10,3331.8
2411,2887,26594,2025-05-10,Delivered,Debit Card,30,1595.3
2412,2888,26608,2025-11-12,Delivered,Credit Card,10,3541.5
2413,2891,26641,2025-08-06,Delivered,UPI,0,5438.0
2414,2894,26654,2025-06-23,Delivered,COD,0,3039.0
2415,2894,26656,2025-07-06,Delivered,Credit Card,0,4972.0
2416,2897,26663,2025-01-26,Cancelled,COD,5,5747.5
2417,2897,26669,2025-05-10,Delivered,Debit Card,5,8867.3
2418,2898,26684,2025-06-06,Delivered,COD,10,2388.6
2419,2898,26691,2025-07-26,Delivered,UPI,20,1497.6
2420,2903,26711,2025-06-08,Delivered,Net Banking,10,2242.8
2421,2904,26726,2025-02-02,Delivered,Credit Card,0,919.0
2422,2904,26738,2025-03-30,Delivered,COD,0,1468.0
2423,2906,26756,2025-05-09,Delivered,Credit Card,10,1330.2
2424,2907,26765,2025-06-26,Delivered,UPI,0,4422.0
2425,2907,26767,2025-06-29,Delivered,Credit Card,20,8592.8
2426,2910,26817,2025-04-21,Delivered,UPI,10,971.1
2427,2911,26820,2024-11-26,Delivered,UPI,10,5412.6
2428,2911,26823,2024-12-11,Delivered,UPI,5,1173.25
2429,2912,26836,2025-03-17,Delivered,UPI,0,5813.0
2430,2912,26842,2025-04-29,Delivered,UPI,0,8829.0
2431,2915,26868,2025-11-14,Returned,Debit Card,0,1362.0
2432,2916,26877,2025-06-20,Delivered,Credit Card,15,1687.25
2433,2917,26893,2025-10-12,Delivered,Debit Card,30,1515.5
2434,2918,26894,2024-11-08,Delivered,Credit Card,0,3691.0
2435,2921,26914,2025-03-04,Delivered,UPI,10,1301.4
2436,2923,26931,2025-07-24,Delivered,Credit Card,10,2768.4
2437,2924,26938,2025-04-30,Delivered,UPI,5,5453.0
2438,2929,26999,2025-01-09,Delivered,UPI,10,3974.4
2439,2930,27025,2025-06-13,Delivered,Net Banking,5,2922.2
2440,2931,27028,2025-06-21,Delivered,Net Banking,5,5138.55
2441,2933,27042,2025-11-26,Delivered,Debit Card,0,6473.0
2442,2933,27043,2025-11-28,Delivered,COD,15,1413.55
2443,2936,27069,2025-03-12,Delivered,UPI,15,2715.75
2444,2938,27087,2025-03-21,Delivered,UPI,5,6711.75
2445,2942,27128,2025-04-04,Delivered,Credit Card,10,1987.2
2446,2942,27129,2025-04-08,Delivered,UPI,0,1013.0
2447,2942,27134,2025-04-23,Delivered,COD,5,478.8
2448,2945,27162,2024-12-10,Delivered,Credit Card,20,384.0
2449,2945,27165,2025-01-11,Delivered,COD,15,3470.55
2450,2945,27167,2025-04-10,Delivered,Debit Card,10,9463.5
2451,2948,27194,2025-03-13,Delivered,Credit Card,0,6064.0
2452,2948,27205,2025-05-09,Delivered,UPI,0,1551.0
2453,2948,27207,2025-05-17,Delivered,UPI,0,2279.0
2454,2949,27209,2024-11-19,Delivered,UPI,0,4028.0
2455,2951,27235,2024-12-29,Returned,Debit Card,15,3356.65
2456,2952,27241,2025-11-30,Delivered,Credit Card,0,1210.0
2457,2953,27245,2025-09-21,Returned,Net Banking,0,2776.0
2458,2955,27249,2025-06-09,Delivered,COD,0,2062.0
2459,2955,27257,2025-08-21,Delivered,UPI,30,3966.9
2460,2955,27258,2025-08-22,Delivered,Credit Card,10,4362.3
2461,2958,27266,2024-12-11,Delivered,Debit Card,10,1330.2
2462,2958,27270,2024-12-22,Delivered,UPI,10,4135.5
2463,2958,27278,2025-03-06,Delivered,COD,0,3043.0
2464,2958,27281,2025-04-06,Delivered,COD,0,1821.0
2465,2960,27296,2025-08-18,Returned,Debit Card,0,1930.0
2466,2962,27303,2025-10-19,Returned,UPI,5,3667.0
2467,2963,27315,2025-05-06,Delivered,Debit Card,5,320.15
2468,2964,27332,2025-05-20,Delivered,UPI,15,3521.55
2469,2966,27344,2025-10-22,Delivered,UPI,0,6451.0
2470,2967,27345,2025-07-09,Delivered,Credit Card,5,935.75
2471,2967,27347,2025-09-10,Delivered,Credit Card,0,9234.0
2472,2968,27351,2025-08-14,Delivered,UPI,0,2982.0
2473,2969,27357,2025-06-10,Delivered,Credit Card,5,4365.25
2474,2973,27390,2025-06-23,Delivered,Debit Card,20,1331.2
2475,2978,27425,2025-02-21,Delivered,Credit Card,0,6362.0
2476,2978,27437,2025-07-15,Delivered,Credit Card,20,3167.2
2477,2978,27439,2025-09-05,Delivered,Net Banking,0,2394.0
2478,2979,27445,2025-05-16,Delivered,Credit Card,0,676.0
2479,2979,27447,2025-06-25,Delivered,UPI,10,806.4
2480,2980,27459,2025-06-05,Returned,Credit Card,20,2385.6
2481,2980,27466,2025-07-10,Delivered,COD,0,3796.0
2482,2982,27469,2025-04-21,Delivered,COD,0,4431.0
2483,2983,27481,2025-05-29,Delivered,COD,5,2369.3
2484,2984,27498,2025-03-03,Delivered,Net Banking,0,608.0
2485,2984,27501,2025-03-08,Delivered,Debit Card,0,1789.0
2486,2984,27502,2025-03-09,Delivered,UPI,0,10116.0
2487,2986,27516,2025-05-10,Delivered,UPI,30,1649.2
2488,2987,27519,2024-12-29,Delivered,UPI,5,3035.25
2489,2989,27541,2025-01-21,Delivered,UPI,5,3625.2
2490,2989,27547,2025-06-01,Delivered,UPI,0,2111.0
2491,2989,27549,2025-06-25,Returned,Credit Card,15,1210.4
2492,2994,27580,2025-01-29,Delivered,Credit Card,20,3246.4
2493,2997,27615,2025-03-31,Delivered,Credit Card,0,6500.0
2494,2997,27624,2025-07-22,Delivered,Credit Card,30,2734.9
2495,2998,27627,2025-03-01,Delivered,COD,0,2975.0
2496,2998,27635,2025-06-21,Delivered,COD,0,2197.0
2497,2998,27638,2025-09-19,Delivered,UPI,20,2599.2
2498,2999,27641,2025-09-11,Delivered,Credit Card,20,5124.8
2499,3000,27647,2025-02-02,Delivered,UPI,20,838.4
2500,3000,27649,2025-03-18,Delivered,UPI,30,2322.6
2501,3000,27653,2025-04-17,Delivered,UPI,10,1956.6
2502,3002,27664,2025-08-24,Delivered,Debit Card,30,1703.8
2503,3003,27673,2025-06-19,Delivered,UPI,10,3717.9
2504,3006,27691,2025-06-13,Delivered,Debit Card,0,880.0
2505,3006,27693,2025-06-15,Delivered,UPI,0,1385.0
2506,3007,27699,2025-07-26,Delivered,Debit Card,5,6823.85
2507,3008,27706,2025-11-11,Delivered,UPI,15,1846.2
2508,3009,27709,2025-01-20,Delivered,UPI,10,2907.0
2509,3011,27726,2025-04-04,Delivered,UPI,0,4182.0
2510,3011,27728,2025-04-26,Delivered,Debit Card,10,2244.6
2511,3014,27744,2024-12-13,Delivered,Credit Card,10,3106.8
2512,3014,27745,2025-01-28,Delivered,Net Banking,0,7308.0
2513,3014,27748,2025-08-29,Delivered,UPI,5,432.25
2514,3020,27787,2025-04-11,Delivered,COD,15,5961.05
2515,3022,27795,2025-01-28,Delivered,COD,0,1582.0
2516,3023,27807,2025-04-07,Returned,UPI,15,5677.15
2517,3026,27852,2025-02-27,Delivered,Credit Card,5,8122.5
2518,3026,27857,2025-04-04,Delivered,Net Banking,20,884.8
2519,3026,27861,2025-05-29,Delivered,UPI,5,9707.1
2520,3026,27867,2025-07-14,Returned,Debit Card,5,1691.95
2521,3027,27870,2024-11-09,Delivered,UPI,0,2780.0
2522,3027,27872,2024-11-22,Delivered,Credit Card,20,3636.0
2523,3028,27884,2025-07-16,Delivered,UPI,10,2564.1
2524,3028,27889,2025-08-08,Delivered,COD,10,1579.5
2525,3029,27905,2025-07-19,Delivered,Credit Card,0,1424.0
2526,3031,27914,2025-05-21,Delivered,Credit Card,15,1167.9
2527,3034,27936,2025-03-14,Delivered,UPI,5,5796.9
2528,3040,27981,2025-01-10,Delivered,Credit Card,15,2392.75
2529,3040,27994,2025-03-21,Delivered,Net Banking,10,4212.0
2530,3040,27998,2025-04-10,Delivered,Credit Card,0,8204.0
2531,3041,28009,2025-06-03,Delivered,Credit Card,0,1235.0
2532,3042,28013,2025-07-22,Delivered,Credit Card,0,4234.0
2533,3042,28014,2025-07-30,Delivered,Debit Card,15,854.25
2534,3042,28017,2025-08-16,Delivered,UPI,0,3195.0
2535,3043,28023,2024-12-05,Delivered,Credit Card,5,4621.75
2536,3044,28039,2025-04-10,Delivered,Credit Card,5,4432.7
2537,3044,28040,2025-04-19,Delivered,Debit Card,10,827.1
2538,3044,28045,2025-05-21,Returned,UPI,0,922.0
2539,3046,28055,2025-07-22,Delivered,Net Banking,0,17795.0
2540,3046,28056,2025-07-23,Delivered,Net Banking,10,5200.2
2541,3046,28058,2025-11-18,Delivered,Debit Card,15,8241.6
2542,3047,28063,2025-06-27,Delivered,Credit Card,10,1094.4
2543,3047,28065,2025-07-15,Delivered,Credit Card,10,1602.0
2544,3052,28118,2025-06-22,Delivered,UPI,0,339.0
2545,3053,28135,2025-02-06,Delivered,UPI,10,1610.1
2546,3053,28143,2025-03-11,Delivered,Net Banking,15,2805.85
2547,3055,28156,2025-08-15,Delivered,COD,30,4198.6
2548,3055,28159,2025-08-31,Delivered,Debit Card,20,1909.6
2549,3056,28165,2025-07-08,Returned,UPI,0,6178.0
2550,3059,28191,2025-06-06,Delivered,Debit Card,0,3326.0
2551,3059,28196,2025-10-19,Delivered,Credit Card,10,1420.2
2552,3062,28219,2025-01-09,Delivered,Credit Card,10,6069.6
2553,3064,28242,2025-06-13,Delivered,Debit Card,0,4820.0
2554,3064,28250,2025-09-15,Delivered,COD,15,1835.15
2555,3065,28265,2025-03-17,Delivered,Debit Card,0,8021.0
2556,3065,28270,2025-03-28,Delivered,Credit Card,0,864.0
2557,3067,28278,2025-06-13,Delivered,UPI,0,1983.0
2558,3069,28305,2025-03-20,Delivered,Debit Card,10,3619.8
2559,3074,28328,2025-09-06,Delivered,Credit Card,0,5370.0
2560,3075,28338,2025-03-13,Delivered,UPI,30,1800.4
2561,3075,28339,2025-03-15,Delivered,UPI,20,1446.4
2562,3075,28345,2025-06-03,Delivered,UPI,0,9806.0
2563,3076,28351,2025-01-05,Delivered,UPI,20,2733.6
2564,3076,28355,2025-02-14,Delivered,UPI,0,14253.0
2565,3076,28361,2025-03-27,Delivered,UPI,20,1882.4
2566,3076,28367,2025-07-04,Delivered,UPI,0,4871.0
2567,3079,28377,2025-11-07,Delivered,Net Banking,0,1385.0
2568,3081,28383,2025-03-08,Delivered,UPI,10,1602.0
2569,3081,28390,2025-09-18,Delivered,UPI,5,2223.0
2570,3082,28393,2025-03-13,Delivered,COD,20,2627.2
2571,3082,28395,2025-04-07,Delivered,Credit Card,0,1679.0
2572,3082,28402,2025-05-31,Delivered,UPI,10,1133.1
2573,3082,28404,2025-06-06,Delivered,Debit Card,20,3228.0
2574,3083,28416,2025-05-16,Delivered,Debit Card,0,1983.0
2575,3084,28430,2025-04-26,Cancelled,UPI,10,6406.2
2576,3085,28439,2025-01-04,Delivered,Credit Card,10,1601.1
2577,3085,28440,2025-01-10,Delivered,UPI,0,4506.0
2578,3085,28443,2025-01-17,Delivered,UPI,0,8960.0
2579,3085,28449,2025-02-10,Delivered,Debit Card,5,695.4
2580,3086,28454,2025-02-07,Delivered,COD,10,2165.4
2581,3086,28461,2025-07-18,Delivered,Credit Card,0,5565.0
2582,3087,28472,2025-06-02,Delivered,UPI,0,4114.0
2583,3087,28477,2025-07-22,Delivered,UPI,15,7300.65
2584,3088,28482,2025-09-24,Delivered,Credit Card,0,7123.0
2585,3089,28488,2025-03-06,Returned,Net Banking,0,6180.0
2586,3090,28501,2025-04-02,Delivered,UPI,30,3404.1
2587,3091,28523,2025-05-27,Delivered,UPI,5,1373.7
2588,3093,28539,2025-10-14,Delivered,UPI,10,4938.3
2589,3094,28542,2025-03-21,Delivered,Net Banking,15,2689.4
2590,3094,28546,2025-07-27,Returned,COD,10,8732.7
2591,3094,28548,2025-09-24,Delivered,COD,20,1932.8
2592,3094,28549,2025-10-13,Delivered,COD,5,2109.0
2593,3097,28561,2024-11-27,Cancelled,Net Banking,15,2503.25
2594,3097,28573,2025-01-19,Delivered,Credit Card,5,6993.9
2595,3097,28574,2025-01-21,Returned,UPI,5,751.45
2596,3098,28587,2024-11-23,Delivered,Credit Card,5,3789.55
2597,3098,28595,2025-03-04,Delivered,Credit Card,0,4109.0
2598,3099,28606,2025-09-10,Delivered,UPI,0,1236.0
2599,3103,28640,2024-12-18,Delivered,UPI,0,1604.0
2600,3103,28642,2025-03-21,Delivered,UPI,30,2457.0
2601,3104,28658,2025-08-01,Delivered,Debit Card,30,354.9
2602,3106,28662,2024-12-23,Returned,Debit Card,10,1100.7
2603,3108,28672,2025-06-24,Delivered,COD,0,9982.0
2604,3109,28677,2025-09-06,Delivered,COD,5,1502.9
2605,3111,28685,2025-05-16,Delivered,Debit Card,0,4404.0
2606,3111,28686,2025-06-13,Delivered,Debit Card,10,1089.0
2607,3111,28689,2025-07-31,Delivered,Debit Card,5,5230.7
2608,3111,28690,2025-08-27,Delivered,UPI,20,844.8
2609,3117,28723,2025-07-17,Delivered,UPI,15,3557.25
2610,3117,28725,2025-08-23,Delivered,Debit Card,5,1408.85
2611,3117,28728,2025-09-17,Delivered,UPI,0,2892.0
2612,3119,28738,2025-03-23,Delivered,COD,0,2368.0
2613,3119,28739,2025-04-12,Delivered,Debit Card,30,2569.0
2614,3120,28748,2025-01-25,Delivered,COD,15,5584.5
2615,3122,28771,2025-07-09,Delivered,Credit Card,10,1005.3
2616,3123,28778,2024-12-11,Delivered,UPI,5,11014.3
2617,3125,28810,2025-04-25,Delivered,COD,5,1717.6
2618,3127,28832,2025-06-03,Delivered,Debit Card,10,691.2
2619,3130,28849,2025-08-14,Delivered,Credit Card,10,844.2
2620,3138,28921,2025-02-02,Returned,COD,0,5988.0
2621,3138,28929,2025-12-30,Delivered,UPI,0,2200.0
2622,3142,28961,2025-02-01,Returned,UPI,0,1961.0
2623,3142,28969,2025-04-09,Delivered,Debit Card,20,880.8
2624,3145,28990,2025-04-26,Cancelled,Debit Card,5,1857.25
2625,3146,28998,2025-03-22,Delivered,Debit Card,0,5020.0
2626,3146,28999,2025-04-03,Delivered,Credit Card,20,1488.0
2627,3148,29020,2025-05-17,Delivered,Debit Card,5,3935.85
2628,3148,29023,2025-07-23,Delivered,UPI,0,480.0
2629,3148,29024,2025-08-15,Delivered,UPI,10,2189.7
2630,3148,29027,2025-10-05,Delivered,UPI,10,3211.2
2631,3149,29032,2025-07-25,Cancelled,UPI,5,3690.75
2632,3150,29037,2025-08-13,Delivered,Credit Card,30,1232.0
2633,3151,29050,2025-04-22,Cancelled,Credit Card,0,4418.0
2634,3151,29054,2025-05-04,Delivered,Net Banking,10,1330.2
2635,3151,29056,2025-05-14,Delivered,COD,0,2220.0
2636,3151,29058,2025-06-05,Delivered,UPI,30,1703.8
2637,3152,29060,2024-11-13,Returned,UPI,0,6145.0
2638,3152,29068,2024-12-07,Delivered,Debit Card,5,3808.55
2639,3152,29074,2024-12-31,Delivered,Credit Card,0,3553.0
2640,3155,29093,2025-05-01,Delivered,UPI,0,2892.0
2641,3155,29096,2025-05-15,Delivered,Net Banking,10,2131.2
2642,3158,29108,2025-03-02,Returned,UPI,10,6222.6
2643,3158,29109,2025-03-06,Delivered,UPI,0,2172.0
2644,3158,29112,2025-06-01,Delivered,Credit Card,15,3168.8
2645,3159,29118,2025-05-05,Delivered,Credit Card,10,2643.3
2646,3159,29120,2025-06-18,Delivered,Debit Card,0,1106.0
2647,3162,29131,2025-01-06,Delivered,Credit Card,0,2804.0
2648,3162,29145,2025-06-23,Delivered,COD,0,524.0
2649,3164,29151,2025-05-20,Delivered,Credit Card,15,1124.55
2650,3165,29157,2025-07-08,Delivered,Credit Card,0,1117.0
2651,3166,29159,2024-12-24,Cancelled,Credit Card,10,426.6
2652,3166,29170,2025-02-12,Delivered,UPI,0,10119.0
2653,3166,29171,2025-02-25,Delivered,COD,5,9614.95
2654,3167,29181,2025-10-24,Delivered,UPI,15,3266.55
2655,3168,29188,2025-05-12,Delivered,UPI,10,2655.0
2656,3168,29189,2025-05-13,Delivered,Credit Card,10,6571.8
2657,3170,29201,2025-04-22,Delivered,Credit Card,10,6114.6
2658,3170,29204,2025-05-24,Delivered,UPI,10,914.4
2659,3170,29207,2025-06-24,Delivered,Net Banking,10,3580.2
2660,3170,29208,2025-07-06,Delivered,UPI,0,2794.0
2661,3172,29229,2025-01-16,Delivered,Credit Card,30,4782.4
2662,3172,29235,2025-06-16,Delivered,Credit Card,0,7884.0
2663,3172,29241,2025-08-30,Returned,UPI,5,2267.65
2664,3174,29255,2025-05-25,Delivered,Debit Card,20,5208.0
2665,3174,29256,2025-05-28,Delivered,UPI,0,4967.0
2666,3174,29257,2025-05-31,Delivered,UPI,10,8858.7
2667,3175,29267,2025-08-06,Delivered,Debit Card,0,2185.0
2668,3175,29270,2025-09-05,Delivered,UPI,5,4941.9
2669,3175,29273,2025-09-21,Delivered,UPI,0,3510.0
2670,3178,29308,2025-01-18,Delivered,COD,20,1182.4
2671,3178,29311,2025-04-02,Delivered,Debit Card,20,2724.8
2672,3178,29314,2025-06-22,Delivered,Debit Card,20,641.6
2673,3180,29328,2025-09-05,Delivered,UPI,0,1424.0
2674,3183,29344,2024-12-23,Delivered,UPI,10,2148.3
2675,3183,29346,2025-01-11,Delivered,UPI,10,4517.1
2676,3183,29350,2025-03-06,Delivered,UPI,5,2348.4
2677,3185,29374,2025-02-01,Delivered,UPI,0,1245.0
2678,3185,29382,2025-03-09,Delivered,Credit Card,15,289.0
2679,3185,29384,2025-03-25,Delivered,UPI,30,1012.2
2680,3186,29396,2025-09-23,Delivered,UPI,10,4148.1
2681,3187,29407,2025-01-28,Delivered,Debit Card,0,5193.0
2682,3190,29447,2024-11-30,Delivered,Debit Card,0,7706.0
2683,3191,29456,2025-04-01,Delivered,Credit Card,0,6071.0
2684,3191,29465,2025-07-11,Delivered,COD,0,1776.0
2685,3195,29483,2025-08-28,Delivered,UPI,0,1892.0
2686,3198,29511,2024-11-26,Delivered,Debit Card,30,3613.4
2687,3198,29514,2024-12-10,Delivered,UPI,5,1986.45
2688,3198,29530,2025-03-27,Delivered,UPI,5,3895.95
2689,3204,29557,2025-09-26,Delivered,COD,10,1692.0
2690,3205,29564,2025-05-14,Delivered,Debit Card,20,3322.4
2691,3206,29574,2025-01-20,Delivered,Credit Card,20,4179.2
2692,3206,29581,2025-04-23,Delivered,UPI,0,3886.0
2693,3206,29585,2025-07-10,Delivered,Credit Card,0,1955.0
2694,3206,29586,2025-07-24,Delivered,Debit Card,5,1656.8
2695,3208,29589,2025-12-03,Delivered,Debit Card,0,5143.0
2696,3210,29601,2024-12-22,Delivered,UPI,0,4519.0
2697,3211,29617,2025-02-19,Delivered,Net Banking,0,1567.0
2698,3211,29620,2025-05-19,Delivered,UPI,10,3767.4
2699,3211,29627,2025-11-30,Delivered,UPI,0,3294.0
2700,3214,29648,2025-11-17,Delivered,Net Banking,20,2152.0
2701,3216,29659,2025-02-01,Delivered,COD,0,4318.0
2702,3216,29662,2025-02-22,Delivered,UPI,0,7580.0
2703,3216,29670,2025-07-09,Delivered,UPI,0,1007.0
2704,3217,29672,2025-07-24,Delivered,UPI,0,8992.0
2705,3220,29698,2025-11-14,Delivered,UPI,15,5847.15
2706,3227,29756,2025-05-13,Delivered,Debit Card,5,1352.8
2707,3227,29760,2025-06-07,Delivered,Net Banking,10,1453.5
2708,3229,29781,2025-05-12,Delivered,UPI,30,755.3
2709,3230,29789,2025-04-20,Delivered,COD,0,2173.0
2710,3230,29797,2025-08-11,Delivered,COD,0,6133.0
2711,3232,29811,2025-02-02,Delivered,UPI,5,1847.75
2712,3232,29820,2025-03-09,Delivered,COD,5,6418.2
2713,3235,29869,2025-01-08,Delivered,Debit Card,5,6508.45
2714,3235,29874,2025-01-19,Delivered,Credit Card,10,1353.6
2715,3235,29877,2025-02-01,Returned,Debit Card,15,5149.3
2716,3235,29879,2025-02-09,Delivered,Credit Card,0,9661.0
2717,3235,29881,2025-02-11,Delivered,Net Banking,0,507.0
2718,3236,29891,2025-04-11,Delivered,UPI,20,872.0
2719,3239,29911,2025-04-30,Delivered,UPI,0,6980.0
2720,3240,29918,2025-09-25,Delivered,UPI,0,1184.0
2721,3244,29943,2025-11-24,Delivered,Debit Card,10,2754.0
2722,3245,29947,2024-12-01,Delivered,UPI,0,4703.0
2723,3247,29968,2025-02-20,Delivered,COD,0,3488.0
2724,3248,29972,2025-01-17,Delivered,Credit Card,0,1955.0
2725,3248,29978,2025-04-21,Delivered,COD,15,2431.0
2726,3248,29982,2025-06-11,Delivered,Credit Card,0,1251.0
2727,3248,29983,2025-07-30,Delivered,Credit Card,0,6959.0
2728,3253,30010,2025-05-21,Delivered,Credit Card,20,2761.6
2729,3256,30042,2025-01-05,Delivered,UPI,5,3429.5
2730,3256,30054,2025-03-21,Delivered,UPI,15,3785.05
2731,3259,30063,2025-09-05,Cancelled,Credit Card,0,4035.0
2732,3260,30071,2025-05-18,Delivered,UPI,5,3023.85
2733,3260,30076,2025-06-01,Delivered,Credit Card,0,507.0
2734,3260,30079,2025-07-25,Delivered,Net Banking,0,1116.0
2735,3262,30081,2025-12-25,Delivered,Credit Card,5,6972.05
2736,3263,30084,2025-02-28,Delivered,UPI,0,1098.0
2737,3263,30090,2025-03-22,Delivered,Debit Card,0,4112.0
2738,3264,30108,2025-07-01,Delivered,Net Banking,10,3780.0
2739,3266,30121,2025-06-23,Delivered,UPI,5,1060.2
2740,3267,30123,2025-06-12,Delivered,COD,0,1789.0
2741,3269,30147,2025-06-16,Delivered,UPI,5,5129.05
2742,3269,30148,2025-06-30,Delivered,UPI,0,4880.0
2743,3270,30153,2025-03-03,Delivered,COD,10,627.3
2744,3270,30157,2025-07-20,Delivered,UPI,15,935.85
2745,3271,30162,2025-04-17,Delivered,COD,0,2601.0
2746,3271,30163,2025-05-05,Delivered,COD,10,2377.8
2747,3273,30174,2025-05-06,Delivered,Credit Card,10,1702.8
2748,3280,30219,2025-02-19,Delivered,COD,0,7049.0
2749,3285,30261,2025-06-07,Delivered,UPI,20,2474.4
2750,3285,30262,2025-06-14,Delivered,Debit Card,10,4109.4
2751,3285,30265,2025-10-07,Delivered,Debit Card,0,2954.0
2752,3286,30274,2025-04-17,Delivered,COD,0,5881.0
2753,3287,30285,2025-11-26,Delivered,COD,5,992.75
2754,3288,30287,2025-03-01,Delivered,Debit Card,10,4603.5
2755,3288,30294,2025-05-08,Delivered,Debit Card,0,1764.0
2756,3289,30303,2025-01-25,Delivered,UPI,0,3984.0
2757,3291,30319,2025-03-29,Delivered,UPI,10,3076.2
2758,3295,30374,2025-06-27,Delivered,Credit Card,15,2118.2
2759,3298,30404,2025-02-18,Delivered,UPI,15,3593.8
2760,3301,30419,2025-10-18,Delivered,UPI,0,1316.0
2761,3302,30423,2025-08-02,Delivered,UPI,15,2782.05
2762,3302,30428,2025-09-05,Delivered,UPI,15,4720.05
2763,3304,30446,2025-02-27,Delivered,Credit Card,10,1031.4
2764,3304,30450,2025-05-17,Cancelled,Credit Card,0,3847.0
2765,3305,30472,2025-04-26,Delivered,Debit Card,10,6474.6
2766,3307,30492,2025-03-12,Returned,UPI,15,4891.75
2767,3309,30508,2025-01-08,Returned,COD,10,1246.5
2768,3312,30520,2025-03-02,Delivered,Debit Card,10,11637.0
2769,3312,30522,2025-03-21,Delivered,UPI,30,2498.3
2770,3313,30545,2025-02-21,Delivered,UPI,10,4428.0
2771,3313,30550,2025-03-30,Delivered,Credit Card,0,1370.0
2772,3318,30574,2025-08-01,Delivered,UPI,0,4452.0
2773,3319,30578,2025-04-02,Delivered,Net Banking,0,1872.0
2774,3320,30585,2025-01-05,Delivered,Credit Card,30,3805.9
2775,3322,30606,2025-04-27,Delivered,UPI,0,4121.0
2776,3322,30611,2025-06-01,Delivered,Credit Card,5,2090.0
2777,3322,30615,2025-06-28,Delivered,Debit Card,0,5295.0
2778,3323,30622,2025-11-03,Delivered,Net Banking,10,17856.0
2779,3325,30631,2024-12-02,Delivered,COD,0,1828.0
2780,3325,30635,2024-12-22,Delivered,Debit Card,15,6130.2
2781,3325,30649,2025-02-12,Delivered,Net Banking,0,644.0
2782,3326,30655,2024-11-09,Delivered,Credit Card,30,3216.5
2783,3326,30668,2025-03-13,Returned,Debit Card,15,1095.65
2784,3328,30682,2025-07-06,Delivered,COD,10,1829.7
2785,3328,30689,2025-10-27,Delivered,UPI,5,1833.5
2786,3329,30692,2025-06-12,Delivered,Credit Card,0,1679.0
2787,3331,30716,2025-06-08,Delivered,UPI,5,4092.6
2788,3331,30717,2025-06-09,Delivered,UPI,15,7979.8
2789,3331,30719,2025-06-25,Delivered,Net Banking,10,7401.6
2790,3334,30734,2025-05-03,Delivered,COD,5,3796.2
2791,3336,30738,2025-09-07,Delivered,UPI,0,1873.0
2792,3337,30750,2025-09-02,Delivered,COD,10,4464.9
2793,3339,30770,2025-03-01,Delivered,Credit Card,20,988.0
2794,3341,30793,2024-11-11,Delivered,UPI,10,7672.5
2795,3341,30796,2024-11-28,Delivered,UPI,20,711.2
2796,3341,30798,2025-01-01,Delivered,Debit Card,5,2357.9
2797,3347,30850,2025-02-24,Delivered,Credit Card,0,4342.0
2798,3347,30852,2025-03-11,Delivered,COD,5,5492.9
2799,3349,30860,2025-08-24,Delivered,UPI,10,6664.5
2800,3351,30881,2024-11-16,Delivered,Debit Card,15,2507.5
2801,3351,30885,2024-12-09,Delivered,Credit Card,10,9412.2
2802,3351,30890,2025-01-11,Cancelled,UPI,0,8121.0
2803,3351,30892,2025-02-11,Delivered,COD,0,4783.0
2804,3352,30924,2025-05-21,Delivered,UPI,20,2808.0
2805,3355,30949,2025-08-04,Delivered,Credit Card,0,2261.0
2806,3356,30961,2025-02-22,Delivered,COD,10,1094.4
2807,3357,30977,2024-12-26,Delivered,UPI,10,468.9
2808,3357,30983,2025-05-13,Returned,UPI,10,829.8
2809,3360,31007,2025-01-03,Delivered,Credit Card,5,2940.25
2810,3360,31009,2025-02-09,Delivered,Net Banking,10,1241.1
2811,3362,31029,2025-08-02,Delivered,Net Banking,20,3051.2
2812,3364,31053,2025-03-03,Returned,UPI,15,769.25
2813,3365,31068,2025-03-13,Delivered,Credit Card,0,4644.0
2814,3365,31070,2025-08-10,Delivered,COD,5,354.35
2815,3366,31086,2025-06-02,Returned,Credit Card,30,3538.5
2816,3368,31090,2025-11-24,Delivered,COD,0,1362.0
2817,3369,31094,2025-01-25,Delivered,COD,15,2914.65
2818,3371,31128,2025-06-15,Delivered,Credit Card,20,2396.8
2819,3372,31135,2025-08-02,Returned,Credit Card,0,1323.0
2820,3374,31149,2025-05-03,Delivered,Net Banking,0,2780.0
2821,3374,31155,2025-05-26,Delivered,Credit Card,5,1322.4
2822,3376,31175,2025-05-24,Delivered,Debit Card,0,1953.0
2823,3378,31186,2025-01-18,Delivered,Credit Card,30,2024.4
2824,3378,31190,2025-03-22,Delivered,UPI,0,4955.0
2825,3378,31192,2025-04-23,Delivered,COD,0,3851.0
2826,3378,31193,2025-04-24,Delivered,Credit Card,0,4906.0
2827,3378,31194,2025-04-25,Delivered,UPI,10,3547.8
2828,3378,31195,2025-06-01,Delivered,Credit Card,0,6058.0
2829,3381,31211,2025-04-26,Returned,Credit Card,20,724.0
2830,3381,31213,2025-05-23,Delivered,Debit Card,0,455.0
2831,3383,31227,2025-07-03,Delivered,UPI,15,4573.85
2832,3384,31234,2025-10-20,Delivered,UPI,0,3909.0
2833,3385,31241,2025-04-04,Delivered,Credit Card,10,4025.7
2834,3386,31248,2025-12-07,Delivered,Credit Card,20,9430.4
2835,3387,31252,2025-01-19,Delivered,UPI,0,545.0
2836,3387,31253,2025-02-01,Returned,Net Banking,0,2424.0
2837,3387,31261,2025-11-07,Delivered,UPI,10,3254.4
2838,3391,31283,2025-03-14,Delivered,COD,30,512.4
2839,3391,31284,2025-03-17,Delivered,UPI,15,6494.85
2840,3391,31288,2025-04-01,Delivered,COD,5,6952.1
2841,3392,31302,2025-02-04,Delivered,Credit Card,5,2747.4
2842,3394,31314,2025-07-20,Delivered,UPI,0,6603.0
2843,3395,31325,2025-06-24,Delivered,UPI,5,322.05
2844,3396,31336,2025-04-08,Delivered,UPI,0,768.0
2845,3396,31338,2025-05-20,Delivered,COD,10,2511.0
2846,3398,31350,2025-02-17,Delivered,UPI,0,339.0
2847,3398,31359,2025-04-25,Delivered,Debit Card,20,4295.2
2848,3398,31360,2025-05-15,Delivered,COD,20,2756.8
2849,3399,31376,2025-02-11,Delivered,Credit Card,0,524.0
2850,3399,31383,2025-04-12,Delivered,Credit Card,20,1456.8
2851,3399,31386,2025-04-16,Delivered,Debit Card,0,1127.0
2852,3401,31398,2025-03-30,Delivered,UPI,5,7809.95
2853,3402,31413,2025-11-02,Delivered,UPI,15,5080.45
2854,3403,31419,2025-04-03,Delivered,UPI,10,618.3
2855,3403,31421,2025-05-13,Delivered,UPI,0,1446.0
2856,3403,31423,2025-06-20,Delivered,UPI,5,1767.0
2857,3403,31427,2025-08-27,Delivered,COD,10,1511.1
2858,3405,31434,2025-02-10,Delivered,Debit Card,0,844.0
2859,3408,31466,2024-12-23,Delivered,Credit Card,0,3023.0
2860,3408,31479,2025-02-13,Delivered,UPI,0,2279.0
2861,3409,31488,2025-02-03,Delivered,COD,0,1606.0
2862,3409,31493,2025-03-30,Delivered,Net Banking,20,3001.6
2863,3409,31495,2025-05-05,Delivered,Credit Card,0,4991.0
2864,3410,31500,2025-06-11,Delivered,UPI,15,561.85
2865,3411,31504,2024-12-25,Delivered,UPI,0,1625.0
2866,3411,31515,2025-08-16,Delivered,UPI,10,4919.4
2867,3412,31516,2025-04-07,Delivered,UPI,5,1582.7
2868,3413,31538,2025-10-20,Delivered,COD,0,1684.0
2869,3414,31539,2025-11-03,Delivered,UPI,0,2394.0
2870,3414,31540,2025-11-11,Delivered,COD,5,8992.7
2871,3417,31552,2025-11-06,Delivered,Net Banking,5,1934.2
2872,3418,31557,2025-06-26,Delivered,Credit Card,10,1769.4
2873,3419,31561,2024-11-10,Delivered,COD,0,4592.0
2874,3419,31568,2024-11-27,Returned,COD,0,4344.0
2875,3419,31579,2024-12-27,Delivered,COD,0,11539.0
2876,3419,31580,2024-12-28,Delivered,UPI,5,323.0
2877,3419,31581,2025-01-01,Delivered,Net Banking,20,1656.0
2878,3419,31584,2025-01-16,Delivered,COD,10,2077.2
2879,3419,31585,2025-01-22,Delivered,Debit Card,5,4671.15
2880,3424,31617,2025-03-15,Delivered,Credit Card,15,3905.75
2881,3424,31620,2025-03-26,Delivered,Debit Card,0,2342.0
2882,3427,31637,2024-12-16,Delivered,Net Banking,0,7290.0
2883,3428,31660,2025-06-01,Delivered,Credit Card,0,6565.0
2884,3428,31661,2025-06-02,Delivered,Credit Card,0,1184.0
2885,3430,31680,2025-03-20,Delivered,Credit Card,5,1729.95
2886,3430,31684,2025-04-28,Delivered,Debit Card,10,2179.8
2887,3430,31686,2025-06-08,Delivered,UPI,30,5671.4
2888,3432,31699,2025-03-05,Delivered,COD,15,1021.7
2889,3435,31735,2025-08-06,Delivered,UPI,15,748.0
2890,3435,31736,2025-08-26,Delivered,Debit Card,15,2716.6
2891,3436,31748,2025-09-04,Delivered,Credit Card,20,4690.4
2892,3438,31760,2024-11-13,Delivered,Debit Card,10,2845.8
2893,3438,31762,2024-12-12,Delivered,UPI,0,2340.0
2894,3438,31782,2025-04-09,Delivered,UPI,0,2326.0
2895,3448,31853,2024-12-02,Delivered,UPI,0,2585.0
2896,3450,31862,2025-11-23,Delivered,Debit Card,15,6595.15
2897,3451,31863,2024-11-17,Delivered,Debit Card,20,649.6
2898,3451,31869,2025-05-11,Delivered,Net Banking,15,4967.4
2899,3453,31884,2025-09-07,Delivered,Credit Card,10,1998.0
2900,3455,31898,2025-06-14,Delivered,UPI,0,2014.0
2901,3455,31899,2025-07-11,Delivered,Net Banking,0,2439.0
2902,3455,31903,2025-08-01,Delivered,UPI,0,4308.0
2903,3455,31905,2025-08-25,Delivered,Credit Card,5,5938.45
2904,3456,31910,2025-04-20,Delivered,Credit Card,5,4446.0
2905,3457,31921,2024-12-07,Delivered,COD,10,2438.1
2906,3457,31931,2025-02-12,Delivered,Credit Card,5,1501.95
2907,3457,31935,2025-03-04,Delivered,UPI,15,3383.85
2908,3457,31936,2025-03-05,Delivered,UPI,15,670.65
2909,3457,31939,2025-03-22,Delivered,UPI,20,2380.0
2910,3458,31943,2025-09-28,Delivered,Debit Card,10,1452.6
2911,3460,31949,2024-12-03,Delivered,Net Banking,0,3021.0
2912,3460,31953,2025-04-22,Delivered,COD,5,1883.85
2913,3461,31960,2025-01-05,Delivered,Credit Card,0,2904.0
2914,3462,31977,2025-04-14,Delivered,UPI,5,3107.45
2915,3464,31999,2025-06-28,Delivered,Debit Card,10,7938.9
2916,3468,32023,2024-11-27,Delivered,UPI,0,1582.0
2917,3470,32047,2025-08-22,Delivered,Credit Card,30,2236.5
2918,3472,32059,2025-08-27,Delivered,UPI,10,844.2
2919,3473,32066,2025-05-02,Delivered,Credit Card,10,7085.7
2920,3474,32072,2025-08-05,Delivered,UPI,20,3323.2
2921,3475,32073,2025-08-31,Delivered,UPI,5,726.75
2922,3479,32088,2025-12-01,Delivered,UPI,5,686.85
2923,3481,32099,2025-07-01,Delivered,Credit Card,0,5889.0
2924,3482,32104,2025-02-13,Delivered,Credit Card,10,3923.1
2925,3482,32106,2025-03-02,Delivered,Debit Card,30,3294.2
2926,3482,32110,2025-04-07,Delivered,UPI,0,4642.0
2927,3482,32112,2025-04-17,Delivered,UPI,15,1482.4
2928,3482,32114,2025-05-01,Delivered,UPI,0,9658.0
2929,3484,32126,2025-01-10,Delivered,Debit Card,0,1821.0
2930,3484,32130,2025-02-25,Delivered,COD,0,262.0
2931,3486,32145,2025-02-12,Delivered,Debit Card,10,1769.4
2932,3486,32148,2025-02-26,Delivered,UPI,15,6301.05
2933,3486,32152,2025-04-17,Delivered,UPI,0,2466.0
2934,3487,32159,2025-01-24,Delivered,UPI,10,959.4
2935,3487,32173,2025-04-07,Returned,Credit Card,10,4725.9
2936,3489,32188,2025-06-10,Delivered,Net Banking,20,2975.2
2937,3489,32195,2025-09-11,Delivered,Credit Card,0,954.0
2938,3490,32197,2025-04-13,Delivered,UPI,5,354.35
2939,3491,32210,2025-07-20,Delivered,Net Banking,10,3237.3
2940,3492,32213,2025-01-26,Delivered,UPI,15,957.95
2941,3493,32229,2024-12-02,Delivered,Credit Card,10,4941.9
2942,3493,32239,2025-02-24,Delivered,Debit Card,10,2176.2
2943,3493,32248,2025-04-10,Delivered,UPI,10,4680.9
2944,3494,32253,2025-06-09,Returned,UPI,30,5215.0
2945,3495,32272,2025-03-30,Delivered,UPI,15,8433.7
2946,3495,32277,2025-05-21,Delivered,Debit Card,10,1784.7
2947,3498,32290,2025-01-30,Delivered,UPI,0,2869.0
2948,3501,32323,2025-07-02,Delivered,Net Banking,15,2823.7
2949,3501,32324,2025-07-15,Delivered,UPI,30,3565.8
2950,3504,32350,2025-04-29,Delivered,Debit Card,10,2936.7
2951,3505,32358,2024-12-21,Delivered,COD,20,1058.4
2952,3505,32363,2025-03-20,Delivered,Credit Card,10,1818.9
2953,3505,32365,2025-05-05,Delivered,UPI,0,2157.0
2954,3508,32399,2025-05-16,Delivered,UPI,15,5757.9
2955,3508,32406,2025-07-13,Delivered,COD,0,2208.0
2956,3510,32429,2025-03-05,Delivered,COD,5,5198.4
2957,3510,32440,2025-05-12,Delivered,COD,30,6749.4
2958,3510,32441,2025-05-19,Delivered,Credit Card,10,1737.9
2959,3510,32442,2025-05-20,Delivered,Credit Card,20,1297.6
2960,3512,32451,2025-07-04,Delivered,Credit Card,10,8308.8
2961,3513,32458,2024-11-04,Delivered,UPI,10,3004.2
2962,3513,32465,2025-03-24,Delivered,UPI,15,2322.2
2963,3513,32473,2025-07-02,Delivered,Credit Card,10,2482.2
2964,3514,32476,2024-12-05,Delivered,Debit Card,0,262.0
2965,3514,32477,2024-12-12,Delivered,Credit Card,0,1045.0
2966,3514,32486,2025-02-20,Delivered,UPI,0,881.0
2967,3514,32492,2025-03-27,Delivered,UPI,0,549.0
2968,3515,32505,2025-06-25,Delivered,UPI,20,2692.8
2969,3518,32538,2025-10-08,Delivered,UPI,0,4820.0
2970,3521,32558,2025-06-02,Delivered,UPI,20,750.4
2971,3525,32578,2025-10-12,Delivered,Credit Card,15,1331.1
2972,3526,32584,2025-06-02,Delivered,Credit Card,5,2523.2
2973,3527,32586,2025-10-19,Delivered,COD,20,1564.0
2974,3528,32590,2024-12-18,Delivered,COD,5,5481.5
2975,3529,32615,2025-07-06,Delivered,COD,10,1812.6
2976,3529,32616,2025-07-08,Delivered,Debit Card,10,2844.0
2977,3529,32619,2025-07-13,Delivered,Net Banking,0,1446.0
2978,3530,32621,2024-11-12,Delivered,Debit Card,0,8184.0
2979,3531,32631,2025-03-22,Delivered,Credit Card,10,3475.8
2980,3531,32632,2025-05-05,Delivered,UPI,10,1956.6
2981,3532,32633,2025-03-18,Delivered,UPI,5,4400.4
2982,3532,32636,2025-05-23,Delivered,Credit Card,15,2386.8
2983,3533,32648,2025-01-01,Delivered,UPI,30,2416.4
2984,3533,32649,2025-01-03,Delivered,Credit Card,15,1210.4
2985,3533,32654,2025-03-06,Delivered,UPI,10,3280.5
2986,3535,32683,2025-07-01,Delivered,Credit Card,0,1589.0
2987,3536,32690,2025-03-12,Delivered,Debit Card,5,10252.4
2988,3536,32693,2025-04-20,Delivered,Credit Card,0,1983.0
2989,3536,32695,2025-05-24,Delivered,UPI,0,919.0
2990,3539,32704,2025-10-02,Cancelled,UPI,10,6450.3
2991,3541,32729,2025-12-24,Delivered,COD,5,4341.5
2992,3544,32742,2025-02-02,Delivered,Credit Card,10,2154.6
2993,3544,32743,2025-02-13,Delivered,Credit Card,0,2666.0
2994,3545,32750,2024-12-21,Delivered,Credit Card,10,2117.7
2995,3546,32770,2025-02-06,Returned,UPI,15,4122.5
2996,3547,32778,2024-12-06,Delivered,UPI,10,4554.9
2997,3547,32782,2024-12-19,Delivered,UPI,10,4780.8
2998,3547,32787,2025-01-26,Returned,Net Banking,5,4141.05
2999,3547,32798,2025-04-03,Delivered,UPI,10,2491.2
3000,3549,32808,2025-03-29,Delivered,UPI,0,3488.0
3001,3549,32810,2025-04-05,Delivered,UPI,0,2185.0
3002,3550,32837,2025-07-03,Delivered,Credit Card,10,3986.1
3003,3551,32844,2025-08-04,Delivered,UPI,0,6133.0
3004,3552,32853,2025-09-07,Delivered,UPI,10,6282.0
3005,3557,32899,2025-02-01,Delivered,UPI,20,750.4
3006,3559,32917,2025-06-03,Delivered,Credit Card,10,1452.6
3007,3559,32922,2025-08-29,Delivered,COD,15,4977.6
3008,3564,32945,2025-01-25,Delivered,Debit Card,0,6667.0
3009,3566,32979,2025-03-21,Returned,Credit Card,0,1223.0
3010,3566,32980,2025-03-27,Delivered,UPI,5,10587.75
3011,3566,32984,2025-04-21,Delivered,COD,10,1112.4
3012,3567,32987,2024-11-24,Delivered,UPI,5,1373.7
3013,3567,32993,2025-03-06,Delivered,Net Banking,5,6749.75
3014,3568,32998,2025-01-14,Delivered,UPI,5,4627.45
3015,3568,33002,2025-04-03,Delivered,Debit Card,10,3874.5
3016,3568,33008,2025-08-08,Delivered,Debit Card,15,3661.8
3017,3569,33015,2025-02-10,Delivered,UPI,0,1679.0
3018,3569,33018,2025-02-22,Delivered,Credit Card,5,5566.05
3019,3569,33019,2025-02-23,Delivered,UPI,20,3289.6
3020,3569,33022,2025-03-18,Delivered,UPI,20,4910.4
3021,3569,33026,2025-03-25,Delivered,UPI,0,2202.0
3022,3569,33029,2025-04-20,Returned,COD,0,6226.0
3023,3574,33046,2025-08-05,Delivered,COD,0,2932.0
3024,3577,33089,2025-03-11,Delivered,UPI,0,2871.0
3025,3579,33108,2025-08-26,Delivered,Net Banking,5,4566.65
3026,3579,33110,2025-09-15,Cancelled,Debit Card,5,3855.1
3027,3584,33137,2025-05-07,Delivered,Debit Card,10,579.6
3028,3590,33174,2025-10-04,Delivered,COD,0,2173.0
3029,3591,33183,2025-10-24,Delivered,UPI,5,1857.25
3030,3593,33196,2025-05-08,Returned,Credit Card,20,1404.0
3031,3596,33231,2025-03-05,Delivered,UPI,5,14459.95
3032,3596,33241,2025-05-12,Delivered,COD,15,3113.55
3033,3596,33243,2025-05-24,Delivered,Credit Card,0,4117.0
3034,3599,33271,2025-04-09,Delivered,UPI,10,1005.3
3035,3599,33272,2025-04-10,Delivered,UPI,0,4812.0
3036,3599,33279,2025-05-20,Delivered,UPI,15,2286.5
3037,3600,33287,2025-01-14,Cancelled,UPI,0,3284.0
3038,3600,33290,2025-01-30,Delivered,Debit Card,15,854.25
3039,3600,33304,2025-05-23,Delivered,Credit Card,10,3245.4
3040,3602,33319,2025-09-19,Delivered,Credit Card,5,859.75
3041,3602,33320,2025-09-25,Delivered,UPI,0,12686.0
3042,3603,33321,2024-12-20,Delivered,Debit Card,0,4035.0
3043,3603,33331,2025-05-07,Delivered,COD,10,981.0
3044,3604,33341,2025-02-03,Delivered,Debit Card,0,5072.0
3045,3604,33344,2025-03-17,Delivered,UPI,0,1789.0
3046,3606,33362,2025-02-25,Delivered,UPI,0,674.0
3047,3606,33366,2025-05-15,Delivered,Credit Card,0,3702.0
3048,3606,33370,2025-07-01,Delivered,Net Banking,20,1060.8
3049,3607,33378,2025-08-04,Delivered,COD,5,2117.55
3050,3609,33394,2025-09-15,Delivered,Debit Card,0,8133.0
3051,3609,33395,2025-10-02,Delivered,UPI,0,1013.0
3052,3610,33414,2025-02-14,Delivered,COD,0,938.0
3053,3615,33439,2025-03-04,Delivered,Debit Card,15,1937.15
3054,3615,33440,2025-03-08,Returned,UPI,15,5956.8
3055,3615,33444,2025-05-05,Delivered,Credit Card,15,2034.9
3056,3615,33449,2025-08-09,Delivered,UPI,5,2267.65
3057,3616,33456,2025-07-31,Delivered,UPI,0,1808.0
3058,3617,33471,2025-04-19,Delivered,Debit Card,0,6385.0
3059,3617,33478,2025-11-02,Delivered,COD,0,2815.0
3060,3618,33482,2025-08-05,Delivered,COD,5,1985.5
3061,3618,33483,2025-08-07,Delivered,COD,0,2702.0
3062,3621,33496,2024-12-22,Delivered,UPI,0,4112.0
3063,3624,33526,2025-09-06,Returned,UPI,0,3711.0
3064,3625,33533,2025-01-27,Delivered,Credit Card,15,592.45
3065,3625,33536,2025-02-12,Delivered,Credit Card,15,3364.3
3066,3626,33546,2025-09-12,Delivered,COD,20,6697.6
3067,3626,33547,2025-09-14,Delivered,UPI,15,3986.5
3068,3628,33577,2025-02-02,Delivered,COD,0,2774.0
3069,3629,33582,2025-07-15,Delivered,Net Banking,15,8496.6
3070,3629,33586,2025-08-26,Returned,UPI,20,3401.6
3071,3630,33599,2025-11-16,Delivered,UPI,10,5483.7
3072,3631,33602,2024-11-29,Delivered,UPI,10,827.1
3073,3631,33615,2025-03-05,Returned,UPI,30,6041.7
3074,3638,33664,2025-02-04,Delivered,Debit Card,15,2956.3
3075,3638,33667,2025-04-05,Delivered,UPI,10,3911.4
3076,3640,33690,2024-12-31,Delivered,UPI,0,5029.0
3077,3640,33701,2025-07-12,Delivered,Debit Card,0,2422.0
3078,3642,33709,2025-05-09,Delivered,UPI,15,2701.3
3079,3644,33726,2025-05-06,Delivered,UPI,20,1110.4
3080,3645,33743,2025-04-20,Delivered,UPI,20,1576.0
3081,3645,33750,2025-05-24,Returned,UPI,0,2656.0
3082,3645,33752,2025-06-07,Delivered,UPI,15,442.0
3083,3647,33766,2025-01-28,Delivered,Credit Card,10,5496.3
3084,3647,33770,2025-06-11,Delivered,Debit Card,20,737.6
3085,3648,33777,2025-02-16,Delivered,UPI,20,1174.4
3086,3651,33799,2025-04-20,Delivered,COD,0,3450.0
3087,3651,33804,2025-07-02,Delivered,Debit Card,0,765.0
3088,3653,33812,2025-02-03,Delivered,UPI,0,4143.0
3089,3653,33821,2025-04-23,Delivered,Debit Card,0,676.0
3090,3653,33823,2025-04-27,Delivered,Debit Card,30,6031.2
3091,3657,33858,2025-08-12,Returned,UPI,15,949.45
3092,3657,33859,2025-08-29,Delivered,COD,20,828.0
3093,3658,33871,2025-08-16,Delivered,COD,10,1809.0
3094,3659,33874,2025-02-27,Delivered,Credit Card,5,6164.55
3095,3660,33891,2025-05-26,Delivered,Net Banking,15,861.9
3096,3660,33894,2025-07-04,Returned,UPI,0,2492.0
3097,3661,33902,2025-06-25,Delivered,COD,10,1301.4
3098,3663,33917,2024-12-03,Delivered,UPI,20,379.2
3099,3664,33934,2024-12-17,Delivered,Debit Card,10,3976.2
3100,3664,33943,2025-01-28,Delivered,COD,15,5666.95
3101,3664,33950,2025-02-28,Delivered,UPI,0,3952.0
3102,3669,33986,2025-05-16,Delivered,COD,10,2210.4
3103,3671,34001,2025-02-26,Delivered,UPI,30,1130.5
3104,3671,34009,2025-04-30,Delivered,UPI,0,6636.0
3105,3671,34012,2025-07-02,Delivered,UPI,0,1664.0
3106,3677,34067,2025-04-16,Delivered,Debit Card,20,1748.0
3107,3678,34070,2025-02-24,Delivered,Net Banking,10,1598.4
3108,3678,34073,2025-04-27,Delivered,UPI,5,1373.7
3109,3680,34085,2025-04-01,Returned,UPI,0,11387.0
3110,3681,34094,2025-07-08,Delivered,Debit Card,20,4244.8
3111,3683,34112,2024-11-12,Delivered,UPI,0,3606.0
3112,3683,34115,2025-02-25,Delivered,COD,0,6046.0
3113,3683,34121,2025-11-03,Delivered,COD,0,3799.0
3114,3684,34131,2024-12-08,Returned,UPI,5,1533.3
3115,3686,34157,2025-10-20,Delivered,UPI,15,11679.0
3116,3690,34196,2025-05-29,Delivered,UPI,10,3884.4
3117,3690,34197,2025-07-13,Delivered,COD,15,1977.1
3118,3690,34198,2025-07-17,Delivered,Debit Card,0,812.0
3119,3695,34229,2024-12-30,Delivered,Debit Card,15,1166.2
3120,3695,34247,2025-05-13,Delivered,Debit Card,20,2028.8
3121,3696,34251,2025-07-06,Delivered,UPI,0,1458.0
3122,3699,34275,2025-03-14,Delivered,Credit Card,10,12002.4
3123,3699,34278,2025-04-14,Delivered,UPI,10,1249.2
3124,3700,34285,2025-07-20,Delivered,UPI,0,3457.0
3125,3700,34287,2025-08-25,Delivered,COD,20,4422.4
3126,3701,34293,2024-12-14,Delivered,Credit Card,5,4499.2
3127,3702,34314,2025-03-28,Delivered,UPI,30,201.6
3128,3702,34317,2025-05-13,Delivered,UPI,30,2416.4
3129,3703,34321,2025-06-12,Cancelled,COD,15,4029.85
3130,3705,34335,2025-08-09,Delivered,COD,0,455.0
3131,3705,34337,2025-09-01,Delivered,COD,0,2492.0
3132,3706,34339,2025-01-08,Returned,UPI,15,5343.1
3133,3706,34341,2025-03-04,Delivered,UPI,0,1663.0
3134,3707,34361,2025-03-21,Delivered,COD,0,3645.0
3135,3708,34374,2025-01-13,Delivered,COD,10,827.1
3136,3712,34412,2025-02-26,Delivered,UPI,5,6413.45
3137,3712,34417,2025-04-13,Delivered,UPI,5,4420.35
3138,3712,34426,2025-05-29,Delivered,UPI,10,2683.8
3139,3715,34432,2025-09-05,Delivered,Debit Card,20,4521.6
3140,3716,34441,2025-05-26,Delivered,COD,0,8882.0
3141,3716,34443,2025-06-22,Returned,Credit Card,0,3284.0
3142,3717,34448,2025-02-25,Delivered,Credit Card,0,3910.0
3143,3717,34451,2025-05-12,Delivered,UPI,10,1812.6
3144,3717,34456,2025-07-18,Delivered,Debit Card,0,3857.0
3145,3717,34457,2025-07-25,Delivered,COD,15,3041.3
3146,3720,34471,2024-12-01,Delivered,Credit Card,10,4372.2
3147,3721,34488,2024-12-24,Returned,Debit Card,10,995.4
3148,3721,34502,2025-04-08,Delivered,Credit Card,0,2440.0
3149,3722,34513,2025-09-09,Delivered,UPI,5,3006.75
3150,3723,34523,2025-07-19,Delivered,UPI,10,1769.4
3151,3726,34549,2025-07-18,Delivered,Credit Card,10,1531.8
3152,3726,34553,2025-07-30,Delivered,Credit Card,15,3972.05
3153,3730,34587,2025-06-10,Delivered,COD,0,12057.0
3154,3733,34605,2025-08-04,Delivered,UPI,20,3255.2
3155,3734,34614,2025-01-15,Delivered,UPI,15,402.9
3156,3735,34616,2025-09-10,Delivered,UPI,5,2274.3
3157,3735,34619,2025-09-24,Delivered,Net Banking,15,3440.8
3158,3740,34634,2025-08-03,Delivered,Net Banking,0,880.0
3159,3741,34642,2025-07-30,Delivered,COD,0,2815.0
3160,3744,34657,2025-08-08,Delivered,UPI,15,1118.6
3161,3746,34665,2024-11-23,Delivered,UPI,15,592.45
3162,3746,34672,2025-05-28,Delivered,COD,10,1998.0
3163,3750,34686,2024-11-21,Delivered,Credit Card,10,3643.2
3164,3751,34694,2025-04-26,Delivered,Debit Card,0,436.0
3165,3751,34696,2025-05-02,Delivered,UPI,10,2233.8
3166,3751,34700,2025-08-27,Returned,COD,0,1202.0
3167,3753,34707,2025-03-04,Delivered,Credit Card,20,2209.6
3168,3753,34714,2025-05-10,Delivered,UPI,0,2642.0
3169,3754,34722,2025-07-15,Delivered,COD,5,7688.35
3170,3754,34725,2025-09-08,Delivered,Credit Card,10,2099.7
3171,3755,34736,2025-01-06,Delivered,Debit Card,5,328.7
3172,3757,34756,2025-01-23,Delivered,UPI,5,5679.1
3173,3757,34770,2025-03-28,Delivered,UPI,10,1759.5
3174,3758,34771,2024-12-13,Delivered,UPI,10,2485.8
3175,3760,34816,2025-07-22,Delivered,Debit Card,15,2118.2
3176,3761,34821,2024-12-09,Delivered,UPI,0,9493.0
3177,3761,34831,2025-06-01,Cancelled,COD,20,3152.0
3178,3761,34832,2025-07-09,Delivered,UPI,0,5145.0
3179,3762,34844,2025-05-28,Delivered,UPI,10,8629.2
3180,3762,34848,2025-08-11,Cancelled,COD,30,616.7
3181,3765,34873,2025-07-28,Delivered,UPI,0,8116.0
3182,3768,34887,2025-04-15,Returned,UPI,0,8776.0
3183,3768,34894,2025-05-20,Delivered,Credit Card,15,1127.1
3184,3769,34903,2025-10-09,Delivered,Net Banking,0,3043.0
3185,3771,34914,2025-05-12,Delivered,Debit Card,0,3021.0
3186,3773,34933,2024-12-26,Delivered,Credit Card,0,1779.0
3187,3773,34936,2025-01-10,Delivered,UPI,5,1012.7
3188,3773,34941,2025-01-29,Delivered,Debit Card,15,2109.7
3189,3774,34971,2025-02-27,Delivered,UPI,0,4469.0
3190,3775,34973,2025-12-26,Delivered,Credit Card,20,1937.6
3191,3776,34975,2025-09-15,Returned,UPI,10,6436.8
3192,3776,34978,2025-10-18,Delivered,Debit Card,0,5152.0
3193,3777,34988,2025-08-22,Returned,UPI,0,2232.0
3194,3779,35000,2025-04-26,Delivered,UPI,5,2036.8
3195,3779,35002,2025-05-08,Delivered,Net Banking,5,1525.7
3196,3781,35014,2025-08-10,Delivered,Net Banking,0,2340.0
3197,3782,35022,2025-09-28,Delivered,Debit Card,0,2670.0
3198,3782,35023,2025-10-07,Delivered,UPI,5,5306.7
3199,3786,35046,2025-07-16,Delivered,Net Banking,5,2090.0
3200,3787,35055,2025-05-13,Delivered,Debit Card,5,1829.7
3201,3788,35068,2025-12-06,Delivered,Debit Card,0,2792.0
3202,3789,35072,2025-09-06,Delivered,Credit Card,15,1989.0
3203,3795,35120,2025-03-10,Returned,COD,0,4595.0
3204,3795,35135,2025-06-01,Delivered,Credit Card,0,2174.0
3205,3795,35136,2025-06-06,Delivered,Net Banking,15,2315.4
3206,3796,35137,2024-11-06,Delivered,Net Banking,20,3752.0
3207,3796,35153,2025-02-15,Delivered,Credit Card,0,1180.0
3208,3797,35178,2025-07-18,Delivered,UPI,15,10698.1
3209,3799,35187,2024-12-28,Delivered,Debit Card,20,4057.6
3210,3799,35190,2025-01-17,Delivered,UPI,20,3296.8
3211,3799,35197,2025-02-13,Delivered,Debit Card,5,1786.0
3212,3801,35210,2025-08-15,Delivered,COD,0,8194.0
3213,3802,35215,2024-12-29,Delivered,COD,10,3911.4
3214,3802,35218,2025-01-15,Delivered,Debit Card,10,3013.2
3215,3804,35233,2025-02-13,Delivered,Credit Card,30,2065.0
3216,3804,35237,2025-04-01,Cancelled,COD,0,3576.0
3217,3805,35242,2024-11-18,Delivered,COD,20,5523.2
3218,3805,35246,2025-02-19,Delivered,UPI,30,3369.1
3219,3808,35264,2024-12-11,Delivered,Credit Card,0,2642.0
3220,3809,35282,2025-12-11,Delivered,UPI,20,1540.8
3221,3810,35285,2024-12-08,Delivered,Credit Card,30,1672.3
3222,3810,35289,2025-11-16,Returned,Credit Card,0,7492.0
3223,3810,35290,2025-11-21,Cancelled,COD,10,11278.8
3224,3811,35306,2025-04-29,Delivered,UPI,5,2509.9
3225,3812,35316,2025-02-01,Delivered,UPI,0,2563.0
3226,3812,35317,2025-03-19,Delivered,COD,5,2560.25
3227,3813,35325,2025-08-07,Cancelled,COD,0,4507.0
3228,3816,35358,2025-02-20,Delivered,Credit Card,5,323.0
3229,3817,35370,2025-08-22,Delivered,Debit Card,5,6895.1
3230,3818,35375,2025-04-27,Delivered,UPI,10,1112.4
3231,3818,35379,2025-07-01,Delivered,Debit Card,0,3673.0
3232,3818,35381,2025-07-03,Delivered,UPI,10,3917.7
3233,3819,35391,2025-05-05,Delivered,UPI,30,2517.9
3234,3819,35397,2025-06-29,Delivered,UPI,10,2390.4
3235,3821,35409,2025-06-10,Delivered,UPI,0,10124.0
3236,3822,35415,2025-05-04,Delivered,UPI,20,5174.4
3237,3823,35425,2024-11-21,Delivered,UPI,20,2418.4
3238,3823,35426,2024-11-22,Delivered,COD,5,5831.1
3239,3826,35457,2025-02-19,Delivered,Credit Card,5,7246.6
3240,3826,35458,2025-02-28,Delivered,Credit Card,10,1784.7
3241,3826,35467,2025-06-01,Delivered,COD,0,4818.0
3242,3826,35468,2025-06-02,Delivered,UPI,10,4464.9
3243,3827,35476,2025-04-05,Delivered,UPI,15,2414.0
3244,3830,35512,2025-03-05,Delivered,Debit Card,5,1325.25
3245,3830,35519,2025-03-29,Delivered,UPI,15,1341.3
3246,3835,35549,2025-05-23,Delivered,COD,0,14425.0
3247,3839,35580,2025-09-24,Delivered,Debit Card,5,5102.45
3248,3842,35592,2025-01-28,Delivered,Credit Card,0,366.0
3249,3842,35596,2025-03-14,Delivered,UPI,0,1530.0
3250,3842,35598,2025-05-22,Delivered,UPI,20,4036.8
3251,3843,35603,2025-03-04,Delivered,Net Banking,0,791.0
3252,3844,35621,2025-05-02,Returned,Debit Card,10,2340.0
3253,3844,35629,2025-12-07,Delivered,UPI,20,1139.2
3254,3845,35640,2025-03-13,Delivered,Credit Card,15,861.05
3255,3847,35652,2025-08-25,Delivered,UPI,10,4287.6
3256,3847,35655,2025-09-16,Returned,Debit Card,20,4304.0
3257,3850,35676,2025-01-01,Delivered,Debit Card,5,5624.0
3258,3850,35681,2025-07-06,Delivered,Credit Card,5,3281.3
3259,3850,35687,2025-12-03,Delivered,Credit Card,10,3976.2
3260,3851,35702,2025-05-31,Delivered,COD,0,5116.0
3261,3853,35723,2025-08-20,Delivered,Debit Card,0,3176.0
3262,3855,35757,2025-05-26,Delivered,UPI,30,1178.8
3263,3860,35786,2025-10-10,Returned,Net Banking,0,6801.0
3264,3860,35787,2025-10-24,Delivered,Credit Card,15,1661.75
3265,3862,35800,2024-12-20,Delivered,Debit Card,10,1242.0
3266,3862,35802,2024-12-30,Delivered,Credit Card,15,4169.25
3267,3862,35807,2025-02-05,Delivered,Net Banking,0,1779.0
3268,3862,35814,2025-03-26,Delivered,Net Banking,15,8073.3
3269,3864,35838,2025-03-27,Returned,UPI,15,690.2
3270,3866,35850,2025-06-10,Delivered,Debit Card,0,8262.0
3271,3866,35854,2025-08-15,Cancelled,COD,0,2865.0
3272,3866,35855,2025-08-16,Delivered,Credit Card,10,8133.3
3273,3868,35861,2025-05-07,Delivered,COD,30,4148.9
3274,3870,35878,2025-03-01,Delivered,UPI,10,2093.4
3275,3872,35898,2025-03-26,Delivered,Credit Card,0,5900.0
3276,3872,35901,2025-05-03,Delivered,COD,20,3660.8
3277,3872,35905,2025-05-29,Delivered,Credit Card,10,7357.5
3278,3873,35909,2025-05-24,Delivered,Net Banking,5,13452.0
3279,3873,35915,2025-07-01,Delivered,Credit Card,5,1812.6
3280,3874,35922,2024-12-12,Delivered,COD,0,1079.0
3281,3874,35924,2024-12-21,Delivered,UPI,0,2200.0
3282,3874,35929,2025-01-14,Delivered,UPI,0,13882.0
3283,3874,35940,2025-03-02,Returned,UPI,15,482.8
3284,3874,35943,2025-03-07,Delivered,UPI,15,1491.75
3285,3876,35953,2025-07-09,Delivered,UPI,20,3364.0
3286,3877,35958,2025-03-11,Delivered,Credit Card,20,3427.2
3287,3877,35972,2025-07-01,Delivered,UPI,30,1227.1
3288,3878,35981,2025-01-02,Delivered,UPI,15,2507.5
3289,3880,36019,2025-02-25,Delivered,UPI,5,3152.1
3290,3881,36026,2025-02-18,Delivered,Net Banking,15,1166.2
3291,3881,36030,2025-05-18,Returned,COD,0,4567.0
3292,3881,36040,2025-09-18,Delivered,COD,0,8072.0
3293,3883,36045,2025-06-29,Delivered,UPI,0,2142.0
3294,3884,36052,2025-01-25,Delivered,Credit Card,20,960.8
3295,3884,36059,2025-04-16,Delivered,Debit Card,0,13046.0
3296,3886,36069,2025-03-05,Delivered,UPI,30,4220.3
3297,3886,36070,2025-03-12,Delivered,Debit Card,5,4525.8
3298,3892,36142,2025-04-20,Delivered,UPI,5,1141.9
3299,3892,36151,2025-05-29,Returned,UPI,30,5317.9
3300,3893,36152,2025-11-16,Delivered,UPI,5,10651.4
3301,3896,36155,2025-03-20,Delivered,UPI,15,776.9
3302,3900,36180,2025-01-31,Delivered,Debit Card,20,1456.8
3303,3900,36182,2025-03-22,Delivered,UPI,0,5213.0
3304,3901,36195,2025-06-08,Delivered,Debit Card,0,2167.0
3305,3907,36244,2025-01-18,Delivered,Debit Card,0,5210.0
3306,3907,36248,2025-02-01,Delivered,COD,20,1576.8
3307,3908,36262,2025-05-20,Cancelled,Debit Card,0,698.0
3308,3908,36270,2025-09-22,Delivered,UPI,15,5305.7
3309,3909,36272,2025-04-06,Delivered,COD,10,792.0
3310,3909,36275,2025-05-05,Delivered,Credit Card,30,1166.2
3311,3909,36282,2025-07-02,Delivered,UPI,15,3182.4
3312,3913,36295,2025-01-12,Delivered,UPI,5,898.7
3313,3914,36307,2025-09-27,Delivered,Credit Card,10,1281.6
3314,3914,36308,2025-09-28,Delivered,Credit Card,15,3391.5
3315,3915,36315,2025-03-21,Delivered,UPI,5,2177.4
3316,3916,36332,2025-02-13,Delivered,Credit Card,10,1701.0
3317,3919,36394,2025-03-05,Delivered,UPI,0,6141.0
3318,3919,36398,2025-03-16,Delivered,UPI,5,2447.2
3319,3920,36409,2025-09-21,Delivered,Debit Card,5,3665.1
3320,3924,36423,2024-12-09,Returned,Credit Card,20,2533.6
3321,3925,36439,2025-09-20,Delivered,Debit Card,0,6063.0
3322,3925,36440,2025-09-23,Delivered,COD,15,1921.0
3323,3926,36448,2025-01-21,Delivered,COD,10,4836.6
3324,3926,36457,2025-05-15,Delivered,Credit Card,10,6582.6
3325,3926,36460,2025-06-10,Delivered,UPI,0,6885.0
3326,3927,36464,2025-08-22,Delivered,Credit Card,5,2558.35
3327,3928,36467,2025-05-17,Delivered,Credit Card,20,1285.6
3328,3928,36468,2025-06-07,Delivered,Debit Card,20,2895.2
3329,3930,36483,2025-07-01,Returned,UPI,10,1423.8
3330,3933,36498,2025-06-22,Delivered,COD,0,521.0
3331,3936,36514,2025-11-12,Delivered,COD,0,1664.0
3332,3936,36515,2025-11-15,Delivered,Net Banking,0,6879.0
3333,3939,36525,2025-03-06,Delivered,Credit Card,20,6637.6
3334,3939,36532,2025-03-25,Delivered,Debit Card,20,1995.2
3335,3942,36558,2025-03-24,Delivered,UPI,30,2684.5
3336,3942,36560,2025-03-28,Delivered,COD,10,1377.0
3337,3942,36565,2025-05-03,Delivered,UPI,0,3083.0
3338,3943,36574,2025-08-18,Delivered,Debit Card,10,4576.5
3339,3944,36581,2025-07-26,Returned,COD,0,1926.0
3340,3945,36596,2025-03-07,Delivered,COD,20,5118.4
3341,3945,36601,2025-04-03,Delivered,Credit Card,5,4295.9
3342,3947,36621,2025-11-04,Delivered,Credit Card,10,2765.7
3343,3948,36626,2025-08-23,Delivered,Debit Card,0,2036.0
3344,3948,36627,2025-09-20,Delivered,UPI,0,1985.0
3345,3949,36631,2025-05-04,Returned,UPI,0,1821.0
3346,3950,36642,2025-07-21,Delivered,UPI,0,520.0
3347,3950,36644,2025-07-28,Delivered,Credit Card,10,2875.5
3348,3950,36646,2025-08-02,Returned,Credit Card,0,3932.0
3349,3952,36663,2025-10-08,Cancelled,COD,10,4333.5
3350,3954,36675,2025-01-05,Delivered,Credit Card,15,572.9
3351,3954,36678,2025-01-18,Delivered,Debit Card,0,1779.0
3352,3960,36731,2025-04-01,Delivered,Credit Card,0,4076.0
3353,3962,36753,2025-09-28,Delivered,COD,10,1737.0
3354,3963,36755,2024-11-12,Delivered,UPI,5,962.35
3355,3963,36756,2024-11-15,Delivered,COD,15,2245.7
3356,3965,36766,2025-02-25,Delivered,COD,15,2359.6
3357,3967,36787,2025-08-02,Delivered,Debit Card,10,4464.9
3358,3970,36800,2025-06-12,Delivered,COD,30,2298.8
3359,3970,36801,2025-08-11,Delivered,Debit Card,10,2683.8
3360,3970,36803,2025-11-28,Delivered,Credit Card,0,2093.0
3361,3978,36841,2025-07-30,Delivered,COD,15,9740.15
3362,3979,36852,2025-09-07,Delivered,Credit Card,0,1955.0
3363,3981,36867,2025-06-23,Delivered,UPI,5,3279.4
3364,3982,36878,2025-09-14,Delivered,UPI,10,335.7
3365,3985,36915,2025-05-08,Delivered,UPI,15,1244.4
3366,3987,36926,2025-03-28,Delivered,UPI,5,2336.05
3367,3989,36940,2025-08-06,Delivered,Credit Card,20,5526.4
3368,3990,36945,2025-08-01,Delivered,Net Banking,30,3069.5
3369,3991,36951,2025-03-17,Delivered,Debit Card,10,4309.2
3370,3991,36952,2025-03-18,Delivered,Credit Card,20,649.6
3371,3991,36958,2025-04-15,Delivered,UPI,0,6064.0
3372,3993,36974,2024-11-18,Delivered,Debit Card,5,1656.8
3373,3994,36988,2024-11-25,Returned,Net Banking,0,2171.0
3374,3994,36993,2024-12-14,Delivered,Net Banking,10,7019.1
3375,3994,36995,2024-12-26,Delivered,COD,10,13103.1
3376,3995,37019,2025-02-17,Delivered,UPI,5,4288.3
3377,3995,37027,2025-04-01,Delivered,Credit Card,10,3237.3
3378,3996,37035,2025-01-04,Cancelled,UPI,0,5560.0
3379,3998,37068,2025-03-02,Delivered,UPI,0,3332.0
3380,4002,37098,2025-04-09,Delivered,UPI,0,919.0
3381,4002,37100,2025-05-03,Delivered,UPI,0,789.0
3382,4002,37102,2025-05-24,Delivered,Net Banking,0,4988.0
3383,4005,37117,2025-10-06,Delivered,Debit Card,10,2313.0
3384,4006,37120,2025-12-28,Delivered,UPI,0,3499.0
3385,4007,37123,2025-06-18,Delivered,UPI,10,2313.9
3386,4007,37131,2025-11-08,Delivered,UPI,20,4477.6
3387,4009,37143,2024-12-31,Delivered,Credit Card,15,4570.45
3388,4009,37157,2025-05-18,Delivered,UPI,10,8484.3
3389,4009,37158,2025-05-21,Delivered,COD,5,2090.0
3390,4011,37179,2024-11-30,Delivered,COD,15,1171.3
3391,4011,37183,2025-01-03,Delivered,COD,10,3497.4
3392,4011,37188,2025-02-03,Delivered,COD,30,2139.2
3393,4011,37191,2025-02-12,Delivered,Debit Card,0,5639.0
3394,4012,37203,2025-07-05,Delivered,COD,15,755.65
3395,4016,37238,2024-11-08,Returned,COD,5,5489.1
3396,4016,37240,2025-01-18,Delivered,COD,15,5201.15
3397,4016,37243,2025-07-06,Cancelled,Debit Card,0,1491.0
3398,4017,37258,2025-02-11,Delivered,COD,0,8379.0
3399,4020,37301,2025-09-25,Delivered,Credit Card,0,953.0
3400,4021,37303,2025-08-18,Delivered,COD,5,2109.0
3401,4021,37305,2025-10-23,Delivered,COD,15,974.1
3402,4023,37316,2024-12-31,Delivered,UPI,0,3669.0
3403,4024,37334,2024-11-03,Delivered,COD,20,1860.8
3404,4024,37338,2024-11-17,Delivered,COD,10,5196.6
3405,4024,37341,2024-11-21,Delivered,Debit Card,0,700.0
3406,4026,37366,2025-01-08,Delivered,Credit Card,15,1256.3
3407,4026,37380,2025-07-10,Delivered,UPI,0,339.0
3408,4026,37381,2025-07-13,Delivered,Net Banking,15,4840.75
3409,4027,37400,2025-06-27,Cancelled,UPI,5,1786.0
3410,4030,37414,2025-02-13,Delivered,Credit Card,0,2627.0
3411,4030,37425,2025-04-17,Delivered,Debit Card,0,3236.0
3412,4030,37427,2025-04-23,Delivered,COD,5,3623.3
3413,4031,37430,2025-01-04,Delivered,COD,30,3472.7
3414,4031,37436,2025-02-10,Delivered,UPI,10,3960.0
3415,4031,37439,2025-03-20,Delivered,Net Banking,10,2194.2
3416,4032,37448,2024-12-11,Delivered,Credit Card,30,2688.0
3417,4033,37470,2025-03-05,Delivered,COD,10,2340.0
3418,4033,37471,2025-03-06,Delivered,UPI,20,1596.0
3419,4033,37474,2025-03-31,Delivered,Credit Card,10,995.4
3420,4034,37483,2025-08-24,Delivered,COD,15,652.8
3421,4036,37489,2025-01-21,Delivered,Credit Card,5,3585.3
3422,4038,37506,2025-06-18,Delivered,UPI,15,1212.1
3423,4039,37524,2025-08-23,Cancelled,Credit Card,0,953.0
3424,4042,37551,2025-05-06,Delivered,Credit Card,0,5258.0
3425,4044,37558,2025-03-01,Returned,Debit Card,10,1496.7
3426,4044,37564,2025-06-04,Cancelled,UPI,15,3029.4
3427,4045,37575,2025-02-06,Delivered,UPI,30,921.2
3428,4045,37580,2025-03-16,Delivered,UPI,0,1286.0
3429,4045,37583,2025-07-14,Returned,Credit Card,0,4964.0
3430,4045,37585,2025-08-09,Delivered,Net Banking,10,305.1
3431,4045,37586,2025-08-15,Returned,UPI,10,1065.6
3432,4047,37597,2025-01-24,Delivered,UPI,15,4938.5
3433,4050,37622,2025-01-12,Delivered,UPI,0,2174.0
3434,4050,37641,2025-07-04,Delivered,UPI,0,1468.0
3435,4050,37643,2025-07-11,Delivered,UPI,20,2884.8
3436,4052,37651,2025-07-28,Delivered,UPI,15,4782.1
3437,4054,37667,2025-04-09,Delivered,UPI,15,6672.5
3438,4056,37682,2025-03-08,Delivered,COD,10,2762.1
3439,4056,37687,2025-04-03,Delivered,UPI,15,5792.75
3440,4061,37722,2024-12-20,Delivered,Debit Card,0,5614.0
3441,4061,37726,2025-05-13,Delivered,COD,20,972.8
3442,4062,37730,2025-06-03,Returned,COD,0,1872.0
3443,4062,37731,2025-07-09,Delivered,Net Banking,0,6006.0
3444,4063,37736,2025-04-08,Delivered,Debit Card,15,1818.15
3445,4063,37739,2025-08-03,Delivered,COD,10,806.4
3446,4065,37742,2024-11-28,Delivered,UPI,5,1188.45
3447,4065,37747,2025-01-01,Cancelled,COD,15,1513.0
3448,4065,37750,2025-02-17,Delivered,UPI,5,645.05
3449,4065,37759,2025-04-17,Delivered,Credit Card,0,2020.0
3450,4069,37785,2024-12-07,Returned,Net Banking,0,2434.0
3451,4071,37811,2025-06-15,Delivered,COD,0,4058.0
3452,4072,37828,2025-05-02,Delivered,Credit Card,10,688.5
3453,4077,37872,2025-03-15,Returned,UPI,5,1394.6
3454,4078,37881,2025-03-10,Cancelled,Credit Card,15,5114.45
3455,4080,37900,2025-03-22,Delivered,Credit Card,15,2197.25
3456,4081,37910,2025-11-05,Delivered,Net Banking,0,524.0
3457,4081,37912,2025-11-07,Delivered,UPI,10,1242.0
3458,4083,37918,2024-11-25,Delivered,Debit Card,10,1360.8
3459,4084,37932,2025-08-13,Delivered,UPI,15,1906.55
3460,4086,37942,2025-05-20,Delivered,Net Banking,15,2586.55
3461,4087,37948,2025-07-16,Returned,Debit Card,30,3879.4
3462,4087,37951,2025-08-03,Delivered,UPI,0,1014.0
3463,4089,37968,2025-03-14,Delivered,UPI,0,3195.0
3464,4092,37980,2025-08-30,Delivered,UPI,15,7848.05
3465,4095,37994,2025-09-21,Delivered,COD,20,1684.8
3466,4096,38000,2025-01-19,Delivered,COD,0,6710.0
3467,4096,38003,2025-02-01,Delivered,Credit Card,30,2130.1
3468,4096,38006,2025-04-06,Delivered,Net Banking,15,1239.3
3469,4096,38010,2025-05-07,Delivered,UPI,10,409.5
3470,4098,38026,2025-01-28,Returned,COD,0,2638.0
3471,4099,38039,2025-05-17,Delivered,Net Banking,0,9952.0
3472,4099,38046,2025-08-09,Delivered,UPI,20,4214.4
3473,4099,38047,2025-09-20,Returned,COD,15,3049.8
3474,4100,38050,2024-12-05,Delivered,UPI,15,1166.2
3475,4100,38051,2024-12-07,Delivered,COD,0,1045.0
3476,4101,38075,2025-03-27,Delivered,Credit Card,5,1585.55
3477,4101,38086,2025-10-01,Delivered,UPI,20,3984.0
3478,4102,38090,2025-01-09,Returned,UPI,0,1961.0
3479,4102,38098,2025-02-28,Delivered,Net Banking,30,1020.6
3480,4102,38104,2025-04-27,Delivered,Debit Card,10,822.6
3481,4103,38112,2024-11-08,Delivered,Credit Card,0,1946.0
3482,4105,38149,2025-04-08,Delivered,Credit Card,0,10970.0
3483,4106,38150,2025-09-25,Delivered,UPI,0,4829.0
3484,4107,38162,2025-02-25,Delivered,Credit Card,5,6137.0
3485,4107,38163,2025-04-17,Delivered,COD,10,3245.4
3486,4107,38170,2025-06-30,Returned,Debit Card,0,2200.0
3487,4109,38182,2025-09-08,Cancelled,Net Banking,0,2111.0
3488,4109,38184,2025-11-09,Delivered,UPI,0,2261.0
3489,4110,38188,2025-04-24,Delivered,UPI,15,4341.8
3490,4110,38192,2025-05-02,Delivered,COD,0,3645.0
3491,4111,38200,2025-10-23,Delivered,Debit Card,5,5217.4
3492,4113,38213,2025-02-18,Delivered,Debit Card,20,1744.0
3493,4113,38216,2025-02-26,Delivered,Credit Card,10,1497.6
3494,4113,38224,2025-04-10,Delivered,UPI,0,339.0
3495,4116,38263,2024-12-01,Delivered,COD,10,1733.4
3496,4117,38280,2025-06-22,Cancelled,UPI,5,5831.1
3497,4120,38321,2025-02-28,Delivered,UPI,0,2353.0
3498,4124,38347,2025-05-29,Cancelled,Debit Card,0,1629.0
3499,4125,38362,2025-05-11,Returned,UPI,0,5625.0
3500,4125,38367,2025-08-06,Delivered,Net Banking,10,2369.7
3501,4130,38398,2025-01-26,Delivered,Net Banking,0,5485.0
3502,4130,38416,2025-06-04,Delivered,UPI,15,317.05
3503,4132,38430,2025-03-12,Delivered,COD,20,910.4
3504,4134,38449,2025-11-03,Delivered,Debit Card,10,2514.6
3505,4134,38450,2025-12-19,Delivered,COD,5,6334.6
3506,4138,38473,2025-10-14,Delivered,COD,10,5770.8
3507,4142,38495,2025-06-21,Delivered,COD,10,3385.8
3508,4142,38497,2025-07-11,Delivered,Debit Card,5,10215.35
3509,4143,38499,2024-11-16,Delivered,Debit Card,0,2482.0
3510,4143,38502,2025-05-28,Delivered,UPI,10,3792.6
3511,4147,38520,2025-07-25,Delivered,UPI,20,2654.4
3512,4150,38542,2024-12-01,Delivered,COD,20,3131.2
3513,4150,38543,2024-12-07,Delivered,Debit Card,5,2249.6
3514,4153,38570,2025-03-05,Delivered,UPI,10,6286.5
3515,4154,38580,2024-11-04,Delivered,Debit Card,0,2368.0
3516,4154,38583,2024-11-23,Delivered,Net Banking,0,6130.0
3517,4154,38586,2024-12-06,Delivered,UPI,10,311.4
3518,4154,38594,2025-01-24,Returned,Credit Card,10,3245.4
3519,4154,38598,2025-02-07,Delivered,Credit Card,0,1490.0
3520,4156,38611,2025-04-20,Delivered,Credit Card,20,3819.2
3521,4160,38646,2025-03-12,Delivered,COD,15,2986.9
3522,4160,38648,2025-04-03,Delivered,Credit Card,0,2814.0
3523,4160,38652,2025-05-04,Delivered,Credit Card,0,1181.0
3524,4160,38653,2025-05-16,Delivered,UPI,15,3740.0
3525,4161,38656,2025-10-25,Delivered,UPI,10,3767.4
3526,4162,38658,2025-10-05,Returned,UPI,15,1608.2
3527,4163,38661,2025-04-30,Delivered,Net Banking,20,731.2
3528,4165,38703,2025-03-25,Delivered,COD,0,6821.0
3529,4166,38709,2025-01-21,Delivered,Credit Card,0,5050.0
3530,4166,38712,2025-06-05,Delivered,Net Banking,15,7289.6
3531,4168,38738,2025-02-02,Delivered,UPI,0,1755.0
3532,4169,38746,2025-03-21,Delivered,Credit Card,0,6289.0
3533,4169,38751,2025-11-09,Delivered,COD,20,5650.4
3534,4170,38764,2025-08-05,Delivered,Net Banking,15,12109.95
3535,4175,38820,2025-04-11,Delivered,Credit Card,0,5539.0
3536,4179,38834,2024-11-25,Delivered,Net Banking,15,3349.0
3537,4179,38837,2024-12-30,Delivered,UPI,10,3101.4
3538,4179,38844,2025-03-15,Delivered,Debit Card,0,4871.0
3539,4179,38850,2025-06-07,Delivered,COD,10,904.5
3540,4180,38854,2025-07-14,Delivered,Net Banking,0,1316.0
3541,4180,38858,2025-10-16,Delivered,Credit Card,0,373.0
3542,4183,38869,2025-05-18,Delivered,Credit Card,5,4632.2
3543,4183,38873,2025-08-10,Delivered,UPI,5,4044.15
3544,4186,38890,2025-05-01,Delivered,UPI,10,3564.9
3545,4186,38896,2025-07-23,Delivered,COD,0,7432.0
3546,4187,38914,2025-11-25,Delivered,Credit Card,15,4379.2
3547,4188,38922,2025-03-24,Delivered,Credit Card,5,5734.2
3548,4188,38929,2025-05-24,Delivered,UPI,0,1385.0
3549,4189,38942,2025-07-23,Delivered,UPI,10,2143.8
3550,4190,38953,2025-04-07,Delivered,COD,10,3923.1
3551,4190,38954,2025-04-24,Cancelled,UPI,0,1245.0
3552,4197,39013,2025-07-20,Delivered,Net Banking,5,13875.7
3553,4197,39014,2025-07-26,Delivered,UPI,5,2580.2
3554,4199,39030,2025-08-27,Delivered,UPI,0,3195.0
3555,4200,39034,2025-07-17,Delivered,Debit Card,0,3021.0
3556,4200,39039,2025-08-14,Delivered,Debit Card,0,1106.0
3557,4201,39048,2025-06-29,Delivered,Debit Card,0,4812.0
3558,4204,39066,2025-02-02,Delivered,UPI,10,4135.5
3559,4204,39075,2025-04-26,Delivered,UPI,0,1746.0
3560,4210,39105,2024-11-10,Delivered,Credit Card,20,5819.2
3561,4211,39148,2025-05-19,Delivered,UPI,10,1980.0
3562,4214,39168,2025-06-04,Delivered,UPI,5,4873.5
3563,4216,39180,2025-01-07,Delivered,UPI,5,1137.15
3564,4216,39189,2025-03-09,Returned,UPI,20,560.0
3565,4216,39192,2025-03-22,Delivered,UPI,5,1369.9
3566,4217,39197,2024-11-23,Delivered,Debit Card,20,1951.2
3567,4217,39211,2025-01-11,Delivered,UPI,0,4571.0
3568,4217,39217,2025-01-31,Returned,UPI,15,3761.25
3569,4217,39220,2025-02-04,Delivered,Debit Card,5,6498.0
3570,4217,39221,2025-02-19,Delivered,Debit Card,0,3135.0
3571,4219,39236,2025-05-15,Delivered,Debit Card,0,7134.0
3572,4221,39260,2025-01-16,Returned,Debit Card,0,2014.0
3573,4221,39261,2025-01-20,Delivered,COD,10,6035.4
3574,4221,39264,2025-02-10,Delivered,UPI,10,4446.9
3575,4221,39267,2025-02-16,Delivered,Credit Card,0,8535.0
3576,4223,39292,2025-06-07,Delivered,COD,10,2466.0
3577,4225,39303,2025-09-02,Returned,UPI,5,3000.1
3578,4227,39314,2025-02-11,Delivered,Debit Card,15,1229.1
3579,4227,39318,2025-03-09,Delivered,Credit Card,5,2879.45
3580,4227,39319,2025-03-10,Returned,COD,10,3907.8
3581,4229,39332,2025-09-24,Returned,COD,0,4363.0
3582,4233,39371,2025-09-03,Delivered,UPI,5,2470.0
3583,4234,39380,2025-09-17,Delivered,Credit Card,10,7474.5
3584,4235,39387,2025-06-26,Delivered,COD,10,3245.4
3585,4235,39391,2025-09-17,Delivered,Debit Card,15,2007.7
3586,4237,39407,2025-02-28,Delivered,COD,15,837.25
3587,4238,39424,2025-04-08,Delivered,COD,15,1247.8
3588,4239,39430,2025-12-14,Delivered,Credit Card,10,904.5
3589,4240,39431,2025-05-30,Delivered,Net Banking,0,3386.0
3590,4240,39437,2025-10-10,Delivered,UPI,5,4508.7
3591,4241,39450,2025-01-23,Delivered,COD,10,4805.1
3592,4244,39478,2025-02-25,Returned,Debit Card,20,2679.2
3593,4244,39489,2025-04-13,Delivered,COD,20,3862.4
3594,4245,39495,2025-06-20,Delivered,COD,15,1937.15
3595,4246,39500,2025-09-09,Cancelled,UPI,10,8442.0
3596,4249,39508,2025-10-23,Delivered,COD,20,5674.4
3597,4250,39510,2025-09-27,Delivered,UPI,15,4459.1
3598,4252,39534,2025-05-12,Delivered,UPI,0,5147.0
3599,4252,39536,2025-06-13,Delivered,Debit Card,0,8527.0
3600,4253,39547,2025-05-19,Delivered,COD,0,687.0
3601,4254,39556,2024-12-13,Delivered,Net Banking,0,6519.0
3602,4255,39576,2025-03-26,Delivered,UPI,5,4153.4
3603,4258,39605,2025-01-13,Delivered,UPI,0,6559.0
3604,4258,39607,2025-01-26,Delivered,Credit Card,0,7749.0
3605,4261,39626,2024-12-24,Delivered,UPI,15,1671.1
3606,4261,39634,2025-01-22,Cancelled,UPI,0,1808.0
3607,4261,39635,2025-02-03,Delivered,UPI,0,5942.0
3608,4261,39637,2025-03-07,Returned,Net Banking,0,6086.0
3609,4261,39640,2025-03-20,Delivered,COD,0,3069.0
3610,4261,39642,2025-04-08,Delivered,COD,5,1913.3
3611,4261,39644,2025-04-14,Delivered,COD,0,2418.0
3612,4262,39650,2025-02-12,Delivered,Credit Card,10,1759.5
3613,4264,39673,2024-11-29,Delivered,Debit Card,15,1077.8
3614,4264,39674,2024-12-13,Delivered,Debit Card,15,7527.6
3615,4264,39677,2025-02-16,Delivered,UPI,0,3990.0
3616,4264,39688,2025-05-24,Delivered,COD,0,1079.0
3617,4264,39689,2025-05-31,Delivered,Debit Card,10,347.4
3618,4264,39690,2025-06-16,Delivered,Net Banking,0,4036.0
3619,4266,39703,2025-02-13,Delivered,UPI,5,4344.35
3620,4266,39708,2025-03-06,Delivered,UPI,15,317.05
3621,4266,39711,2025-04-05,Delivered,Credit Card,15,1608.2
3622,4266,39715,2025-05-03,Delivered,Net Banking,30,1368.5
3623,4267,39725,2025-06-30,Delivered,UPI,10,5209.2
3624,4268,39730,2024-11-13,Delivered,UPI,30,4839.8
3625,4268,39741,2025-02-28,Delivered,COD,10,2459.7
3626,4268,39742,2025-03-06,Delivered,Credit Card,0,3777.0
3627,4269,39751,2024-11-24,Delivered,COD,10,4171.5
3628,4269,39756,2025-05-20,Delivered,UPI,15,2829.65
3629,4269,39761,2025-08-02,Delivered,UPI,20,3314.4
3630,4270,39768,2025-11-17,Returned,Credit Card,5,2267.65
3631,4272,39776,2025-03-09,Delivered,Net Banking,15,3330.3
3632,4272,39777,2025-03-13,Delivered,UPI,10,2770.2
3633,4273,39789,2025-09-19,Delivered,UPI,0,4374.0
3634,4278,39815,2025-04-19,Delivered,Credit Card,0,4359.0
3635,4278,39816,2025-04-29,Delivered,Credit Card,20,2124.8
3636,4278,39817,2025-04-30,Delivered,UPI,0,3224.0
3637,4278,39820,2025-05-13,Delivered,UPI,15,2286.5
3638,4279,39830,2025-02-14,Delivered,Debit Card,10,2374.2
3639,4279,39834,2025-02-20,Delivered,Debit Card,0,10534.0
3640,4281,39867,2025-07-13,Delivered,COD,5,3573.9
3641,4282,39872,2025-03-09,Delivered,COD,15,7250.5
3642,4282,39873,2025-03-10,Delivered,UPI,0,6136.0
3643,4282,39875,2025-03-20,Delivered,COD,20,1836.0
3644,4282,39878,2025-04-16,Delivered,COD,0,2382.0
3645,4282,39881,2025-05-01,Delivered,Credit Card,0,4442.0
3646,4283,39888,2024-12-10,Delivered,Debit Card,15,1674.5
3647,4285,39908,2025-09-14,Delivered,Net Banking,0,1789.0
3648,4286,39921,2025-03-15,Delivered,UPI,0,1005.0
3649,4286,39922,2025-04-14,Delivered,UPI,15,4148.0
3650,4288,39940,2025-01-27,Delivered,Debit Card,0,1184.0
3651,4288,39943,2025-02-02,Delivered,COD,30,1694.0
3652,4288,39946,2025-02-20,Delivered,Debit Card,0,1709.0
3653,4288,39949,2025-03-08,Delivered,Net Banking,15,4179.45
3654,4288,39950,2025-03-12,Delivered,Debit Card,5,2747.4
3655,4288,39954,2025-04-26,Delivered,UPI,0,6945.0
3656,4288,39955,2025-04-28,Delivered,UPI,5,3008.65
3657,4289,39956,2025-01-08,Delivered,Debit Card,20,1513.6
3658,4289,39962,2025-03-26,Delivered,Net Banking,30,1012.2
3659,4290,39979,2025-05-27,Delivered,UPI,0,661.0
3660,4291,39984,2025-05-04,Delivered,UPI,15,1017.45
3661,4291,39992,2025-07-24,Delivered,Credit Card,20,750.4
3662,4295,40007,2025-03-14,Delivered,COD,0,13474.0
3663,4295,40016,2025-05-24,Delivered,UPI,0,2630.0
3664,4298,40043,2025-06-09,Delivered,COD,10,4522.5
3665,4299,40057,2025-09-19,Delivered,Credit Card,0,3751.0
3666,4301,40065,2025-09-02,Delivered,UPI,5,8509.15
3667,4301,40067,2025-09-10,Delivered,COD,10,2836.8
3668,4302,40078,2025-09-15,Delivered,UPI,10,2131.2
3669,4304,40099,2025-04-18,Delivered,Credit Card,5,726.75
3670,4305,40113,2025-10-05,Delivered,UPI,5,1656.8
3671,4309,40145,2025-07-16,Delivered,Debit Card,0,2877.0
3672,4309,40146,2025-08-06,Delivered,Credit Card,5,733.4
3673,4310,40164,2025-07-17,Delivered,UPI,10,1312.2
3674,4310,40167,2025-09-10,Delivered,COD,0,5888.0
3675,4311,40170,2024-12-02,Cancelled,UPI,0,3043.0
3676,4311,40171,2024-12-05,Delivered,Debit Card,10,6989.4
3677,4314,40181,2025-10-28,Delivered,Debit Card,15,10286.7
3678,4315,40187,2025-03-14,Delivered,Credit Card,10,2993.4
3679,4316,40201,2025-03-08,Delivered,UPI,15,2934.2
3680,4316,40204,2025-03-27,Delivered,Debit Card,0,2812.0
3681,4316,40210,2025-08-26,Delivered,UPI,0,3328.0
3682,4317,40219,2025-02-21,Delivered,UPI,5,1149.5
3683,4317,40225,2025-08-31,Delivered,Credit Card,5,8297.3
3684,4317,40227,2025-11-03,Cancelled,Credit Card,0,6847.0
3685,4318,40229,2025-12-10,Delivered,UPI,15,2268.65
3686,4320,40234,2025-12-31,Delivered,UPI,0,5156.0
3687,4323,40238,2025-11-15,Delivered,Credit Card,10,1960.2
3688,4324,40245,2025-05-27,Delivered,Credit Card,15,1695.75
3689,4328,40268,2025-03-21,Delivered,Net Banking,15,2436.95
3690,4328,40271,2025-03-31,Delivered,Net Banking,15,2559.35
3691,4329,40284,2025-02-18,Delivered,Credit Card,30,3143.7
3692,4329,40288,2025-05-06,Returned,UPI,0,13304.0
3693,4333,40320,2025-04-26,Cancelled,Credit Card,0,2553.0
3694,4334,40338,2025-02-12,Delivered,UPI,10,1312.2
3695,4336,40351,2025-01-20,Delivered,UPI,0,5092.0
3696,4336,40365,2025-07-20,Delivered,UPI,20,2856.0
3697,4338,40387,2025-05-29,Delivered,Debit Card,10,1260.0
3698,4338,40388,2025-07-07,Delivered,UPI,10,11214.9
3699,4340,40409,2024-11-14,Delivered,UPI,0,2774.0
3700,4340,40410,2024-11-18,Delivered,Credit Card,0,3069.0
3701,4340,40425,2025-06-05,Delivered,UPI,0,3038.0
3702,4341,40437,2025-09-02,Delivered,Credit Card,30,1295.7
3703,4342,40439,2025-02-09,Delivered,UPI,0,4240.0
3704,4342,40440,2025-02-27,Delivered,Credit Card,5,2045.35
3705,4342,40443,2025-05-27,Delivered,Debit Card,5,5769.35
3706,4346,40479,2025-06-03,Delivered,COD,0,1087.0
3707,4346,40480,2025-06-05,Cancelled,UPI,0,6193.0
3708,4346,40485,2025-07-29,Delivered,COD,30,1970.5
3709,4347,40491,2025-04-02,Delivered,UPI,20,7041.6
3710,4348,40510,2025-01-17,Delivered,Net Banking,0,7905.0
3711,4348,40511,2025-03-02,Returned,Debit Card,0,1087.0
3712,4354,40570,2025-09-03,Delivered,Net Banking,15,1179.8
3713,4356,40575,2025-01-29,Delivered,UPI,10,8878.5
3714,4357,40588,2025-07-05,Delivered,Net Banking,5,1385.1
3715,4357,40589,2025-07-06,Delivered,UPI,10,3397.5
3716,4358,40600,2025-07-29,Delivered,Debit Card,0,5410.0
3717,4360,40610,2025-03-26,Delivered,COD,0,4971.0
3718,4361,40622,2024-11-30,Delivered,COD,15,1414.4
3719,4361,40641,2025-03-24,Returned,Credit Card,10,1252.8
3720,4362,40647,2025-01-29,Delivered,UPI,0,1955.0
3721,4365,40689,2025-01-05,Delivered,Net Banking,5,640.3
3722,4367,40718,2025-03-14,Delivered,Net Banking,0,5992.0
3723,4367,40721,2025-03-31,Delivered,Net Banking,10,2152.8
3724,4372,40753,2025-08-23,Returned,COD,15,8049.5
3725,4374,40761,2025-02-21,Delivered,Debit Card,20,4698.4
3726,4376,40774,2024-12-03,Delivered,Debit Card,0,985.0
3727,4376,40776,2024-12-16,Delivered,Debit Card,15,288.15
3728,4378,40804,2025-01-11,Delivered,Credit Card,20,256.0
3729,4379,40827,2025-09-10,Delivered,UPI,5,4989.4
3730,4380,40837,2025-06-16,Delivered,UPI,15,1999.2
3731,4381,40855,2025-08-10,Delivered,UPI,5,4674.0
3732,4381,40857,2025-08-16,Delivered,UPI,0,2332.0
3733,4382,40863,2025-08-24,Delivered,COD,0,6662.0
3734,4383,40876,2025-03-27,Delivered,COD,0,1607.0
3735,4383,40880,2025-04-24,Delivered,Credit Card,10,1958.4
3736,4383,40881,2025-04-25,Delivered,Net Banking,15,1482.4
3737,4386,40897,2025-03-31,Delivered,Credit Card,20,2356.8
3738,4387,40904,2025-07-09,Returned,UPI,30,2322.6
3739,4388,40914,2025-05-14,Delivered,COD,5,2129.9
3740,4389,40919,2025-04-03,Delivered,Debit Card,5,627.95
3741,4389,40928,2025-09-09,Delivered,COD,0,2404.0
3742,4390,40935,2025-01-01,Delivered,UPI,0,7402.0
3743,4390,40947,2025-06-01,Delivered,UPI,20,751.2
3744,4395,40979,2025-05-03,Delivered,UPI,0,6086.0
3745,4396,40986,2024-11-14,Delivered,Debit Card,0,1016.0
3746,4396,40988,2024-12-07,Delivered,Credit Card,30,3614.1
3747,4398,41017,2025-04-30,Delivered,COD,0,3043.0
3748,4398,41018,2025-05-02,Delivered,UPI,0,1424.0
3749,4398,41020,2025-06-02,Delivered,Debit Card,0,9899.0
3750,4398,41024,2025-08-16,Delivered,UPI,15,2119.9
3751,4402,41064,2025-07-28,Delivered,UPI,0,6901.0
3752,4405,41080,2025-11-13,Delivered,UPI,0,2368.0
3753,4406,41082,2024-11-30,Delivered,Net Banking,20,2904.8
3754,4406,41085,2024-12-20,Delivered,Credit Card,5,2120.4
3755,4412,41139,2025-02-20,Returned,Net Banking,0,4694.0
3756,4412,41140,2025-03-19,Delivered,UPI,30,2488.5
3757,4412,41147,2025-09-09,Delivered,UPI,0,2091.0
3758,4413,41149,2024-12-03,Delivered,UPI,5,1711.9
3759,4413,41167,2025-04-04,Delivered,UPI,15,1512.15
3760,4416,41195,2025-08-22,Cancelled,Credit Card,0,2982.0
3761,4418,41207,2025-05-23,Delivered,Debit Card,15,4122.5
3762,4418,41211,2025-07-05,Delivered,Credit Card,15,2402.1
3763,4418,41214,2025-07-25,Delivered,UPI,15,10966.7
3764,4420,41218,2025-10-24,Returned,Net Banking,20,1912.8
3765,4422,41225,2024-11-23,Delivered,Credit Card,0,4690.0
3766,4422,41234,2025-08-14,Delivered,Credit Card,15,3029.4
3767,4422,41235,2025-08-15,Delivered,Credit Card,10,1883.7
3768,4423,41249,2025-08-10,Returned,Credit Card,0,1216.0
3769,4423,41251,2025-08-13,Delivered,Net Banking,5,2500.4
3770,4423,41252,2025-08-26,Delivered,UPI,30,384.3
3771,4423,41253,2025-08-27,Delivered,UPI,10,10219.5
3772,4424,41257,2025-01-04,Delivered,UPI,15,8438.8
3773,4424,41258,2025-01-26,Delivered,Credit Card,5,10991.5
3774,4428,41281,2025-02-15,Delivered,COD,10,7996.5
3775,4430,41295,2025-04-13,Delivered,Credit Card,30,1904.0
3776,4430,41297,2025-07-08,Delivered,UPI,0,8487.0
3777,4433,41323,2025-04-23,Delivered,Debit Card,5,1373.7
3778,4433,41333,2025-06-18,Delivered,Net Banking,10,494.1
3779,4434,41343,2025-03-09,Delivered,Credit Card,20,2152.0
3780,4434,41352,2025-05-05,Delivered,UPI,10,5888.7
3781,4436,41378,2025-09-03,Returned,Debit Card,0,12134.0
3782,4437,41384,2024-12-25,Delivered,UPI,10,1163.7
3783,4437,41385,2025-01-02,Delivered,COD,10,711.9
3784,4437,41391,2025-01-29,Returned,Net Banking,15,2012.8
3785,4437,41398,2025-04-02,Cancelled,UPI,15,3579.35
3786,4439,41411,2025-06-21,Delivered,UPI,10,1081.8
3787,4440,41419,2025-07-23,Cancelled,Net Banking,0,6071.0
3788,4440,41421,2025-08-09,Delivered,UPI,0,2767.0
3789,4448,41452,2025-04-04,Delivered,UPI,10,511.2
3790,4448,41453,2025-06-07,Delivered,Debit Card,30,1803.2
3791,4453,41469,2025-05-06,Delivered,Net Banking,10,5286.6
3792,4453,41479,2025-09-05,Delivered,Net Banking,10,1125.9
3793,4454,41481,2025-02-11,Delivered,Debit Card,15,1695.75
3794,4455,41494,2025-07-29,Delivered,Debit Card,0,8583.0
3795,4455,41497,2025-08-25,Delivered,UPI,10,827.1
3796,4456,41508,2025-04-24,Delivered,Credit Card,15,5970.4
3797,4456,41515,2025-06-02,Delivered,UPI,5,3745.85
3798,4456,41517,2025-06-16,Delivered,Net Banking,0,6291.0
3799,4457,41523,2025-07-24,Returned,Credit Card,0,3932.0
3800,4458,41533,2025-04-04,Delivered,UPI,0,2368.0
3801,4462,41560,2025-10-26,Delivered,UPI,15,2312.85
3802,4463,41580,2025-01-28,Delivered,UPI,0,3846.0
3803,4463,41582,2025-02-13,Delivered,Debit Card,5,686.85
3804,4468,41619,2025-05-16,Delivered,UPI,0,3036.0
3805,4468,41620,2025-07-25,Delivered,Debit Card,0,4595.0
3806,4469,41628,2025-06-14,Delivered,UPI,15,4515.2
3807,4470,41636,2025-08-23,Delivered,UPI,15,1327.7
3808,4470,41639,2025-09-05,Delivered,Credit Card,15,593.3
3809,4472,41661,2025-01-05,Delivered,UPI,0,5186.0
3810,4472,41669,2025-05-29,Delivered,UPI,20,1985.6
3811,4474,41678,2025-03-24,Delivered,UPI,10,4635.0
3812,4477,41713,2025-08-15,Delivered,UPI,20,1028.8
3813,4477,41716,2025-08-23,Delivered,Debit Card,0,340.0
3814,4481,41737,2025-08-02,Delivered,Credit Card,10,4243.5
3815,4481,41738,2025-08-03,Returned,Credit Card,0,2439.0
3816,4482,41745,2025-03-02,Delivered,UPI,0,1090.0
3817,4483,41762,2025-06-29,Returned,UPI,0,4228.0
3818,4485,41790,2024-12-14,Delivered,Debit Card,10,3105.0
3819,4486,41809,2025-09-06,Delivered,Debit Card,20,2763.2
3820,4488,41819,2025-07-10,Delivered,Credit Card,0,5062.0
3821,4489,41834,2025-11-12,Delivered,COD,0,2144.0
3822,4490,41841,2025-01-18,Returned,UPI,20,3991.2
3823,4490,41842,2025-01-19,Delivered,Credit Card,0,6853.0
3824,4490,41850,2025-03-10,Delivered,Net Banking,0,644.0
3825,4492,41875,2025-05-21,Delivered,Credit Card,10,2590.2
3826,4494,41894,2025-01-02,Delivered,UPI,20,1182.4
3827,4494,41903,2025-02-20,Delivered,UPI,20,4438.4
3828,4495,41918,2025-11-01,Delivered,UPI,10,4617.0
3829,4498,41934,2025-02-23,Delivered,UPI,5,2063.4
3830,4498,41935,2025-03-11,Delivered,Credit Card,0,3923.0
3831,4499,41943,2025-02-18,Delivered,Credit Card,0,4871.0
3832,4500,41959,2025-06-08,Delivered,Credit Card,5,6320.35
3833,4501,41967,2025-03-19,Delivered,UPI,0,2164.0
3834,4505,42004,2025-08-30,Delivered,Debit Card,0,8995.0
3835,4508,42019,2025-03-13,Delivered,Credit Card,5,4127.75
3836,4508,42022,2025-06-07,Delivered,UPI,10,9644.4
3837,4509,42036,2024-12-01,Delivered,UPI,15,2155.6
3838,4509,42048,2025-02-24,Returned,Net Banking,0,1923.0
3839,4509,42051,2025-03-07,Delivered,Credit Card,10,1081.8
3840,4510,42063,2025-04-29,Delivered,UPI,10,6821.1
3841,4511,42072,2025-06-01,Delivered,UPI,0,3269.0
3842,4512,42078,2025-01-27,Delivered,UPI,20,1540.8
3843,4512,42082,2025-04-09,Delivered,UPI,0,8406.0
3844,4512,42083,2025-05-15,Delivered,UPI,10,1987.2
3845,4513,42090,2025-02-01,Delivered,UPI,10,1584.9
3846,4514,42092,2024-12-01,Delivered,Debit Card,0,4028.0
3847,4514,42095,2025-04-07,Delivered,Debit Card,10,1759.5
3848,4514,42097,2025-05-18,Delivered,Credit Card,0,3886.0
3849,4516,42104,2025-05-02,Delivered,Credit Card,15,2614.6
3850,4517,42120,2025-05-23,Delivered,COD,5,4065.05
3851,4518,42130,2024-12-23,Delivered,COD,5,2715.1
3852,4518,42135,2025-01-24,Returned,Credit Card,15,3298.0
3853,4518,42138,2025-02-13,Delivered,UPI,15,3544.5
3854,4518,42141,2025-02-20,Delivered,Net Banking,5,1221.7
3855,4524,42211,2025-02-13,Delivered,UPI,20,1943.2
3856,4526,42230,2025-02-28,Delivered,UPI,20,2654.4
3857,4526,42231,2025-03-23,Delivered,UPI,20,4471.2
3858,4526,42237,2025-04-24,Delivered,Credit Card,0,6594.0
3859,4527,42244,2025-04-11,Delivered,COD,5,859.75
3860,4529,42251,2025-11-10,Delivered,UPI,0,455.0
3861,4530,42259,2025-07-28,Delivered,COD,0,4099.0
3862,4533,42279,2025-05-22,Delivered,UPI,30,3703.0
3863,4534,42289,2025-01-05,Delivered,COD,30,841.4
3864,4534,42291,2025-01-11,Delivered,Debit Card,0,4028.0
3865,4534,42296,2025-02-12,Delivered,COD,0,3215.0
3866,4534,42302,2025-03-22,Delivered,Credit Card,10,1672.2
3867,4534,42306,2025-04-15,Delivered,UPI,10,259.2
3868,4536,42316,2025-07-16,Returned,COD,5,686.85
3869,4537,42322,2025-03-31,Delivered,UPI,15,957.95
3870,4539,42328,2024-12-27,Delivered,UPI,20,750.4
3871,4540,42347,2025-05-02,Delivered,UPI,20,1504.0
3872,4540,42352,2025-07-03,Returned,Net Banking,10,2421.0
3873,4542,42370,2025-08-03,Delivered,UPI,10,305.1
3874,4543,42374,2025-05-05,Delivered,UPI,0,5799.0
3875,4543,42375,2025-05-06,Delivered,Credit Card,10,3130.2
3876,4543,42379,2025-06-16,Delivered,UPI,10,6192.9
3877,4544,42389,2025-04-29,Delivered,UPI,0,4428.0
3878,4544,42392,2025-09-16,Delivered,COD,15,8903.75
3879,4546,42400,2025-01-18,Delivered,Credit Card,10,2526.3
3880,4546,42404,2025-02-03,Delivered,Debit Card,15,949.45
3881,4552,42430,2025-09-29,Delivered,Net Banking,0,4266.0
3882,4552,42432,2025-10-29,Delivered,Net Banking,0,2907.0
3883,4555,42452,2025-06-01,Delivered,UPI,5,12234.1
3884,4559,42462,2025-04-07,Delivered,UPI,0,1045.0
3885,4560,42474,2025-01-09,Delivered,Credit Card,30,1946.0
3886,4561,42493,2025-03-16,Delivered,Credit Card,5,7810.9
3887,4561,42495,2025-03-23,Delivered,UPI,0,2434.0
3888,4561,42500,2025-04-11,Delivered,COD,0,3446.0
3889,4563,42516,2024-12-20,Delivered,Debit Card,10,4966.2
3890,4563,42524,2025-03-21,Delivered,Credit Card,10,1241.1
3891,4563,42529,2025-05-03,Delivered,COD,5,3197.7
3892,4567,42537,2024-11-29,Delivered,UPI,0,7317.0
3893,4567,42539,2024-12-10,Delivered,Credit Card,0,3645.0
3894,4572,42584,2025-08-29,Delivered,UPI,10,4767.3
3895,4572,42587,2025-09-11,Delivered,Credit Card,5,1767.0
3896,4574,42596,2025-03-30,Returned,UPI,10,1665.9
3897,4574,42598,2025-05-14,Delivered,Debit Card,5,3281.3
3898,4576,42610,2025-04-29,Returned,COD,15,2697.05
3899,4576,42616,2025-07-19,Delivered,COD,15,6242.4
3900,4576,42619,2025-08-14,Delivered,UPI,0,1903.0
3901,4577,42620,2025-03-25,Delivered,UPI,5,6009.7
3902,4577,42622,2025-06-09,Returned,Net Banking,5,3886.45
3903,4577,42624,2025-08-16,Delivered,Debit Card,10,627.3
3904,4578,42626,2024-12-02,Delivered,UPI,5,2114.7
3905,4578,42646,2025-03-09,Delivered,Credit Card,0,2093.0
3906,4578,42647,2025-03-20,Delivered,UPI,20,3653.6
3907,4581,42659,2025-06-21,Cancelled,UPI,0,4121.0
3908,4582,42675,2025-03-07,Delivered,Debit Card,10,4135.5
3909,4585,42691,2025-03-06,Returned,COD,0,1502.0
3910,4588,42709,2025-03-18,Delivered,Debit Card,15,4412.35
3911,4590,42723,2025-05-18,Delivered,Net Banking,30,1012.2
3912,4594,42750,2025-08-09,Delivered,Net Banking,10,1821.6
3913,4594,42754,2025-09-16,Delivered,UPI,0,3338.0
3914,4595,42761,2025-05-19,Delivered,Debit Card,10,2700.0
3915,4595,42767,2025-07-14,Delivered,Credit Card,5,2268.6
3916,4596,42782,2025-07-23,Delivered,UPI,10,4349.7
3917,4596,42783,2025-08-03,Delivered,COD,0,1622.0
3918,4596,42786,2025-09-02,Delivered,UPI,10,6213.6
3919,4597,42787,2024-12-17,Delivered,COD,5,642.2
3920,4597,42788,2024-12-21,Delivered,Debit Card,0,4984.0
3921,4597,42797,2025-03-10,Delivered,UPI,10,2151.0
3922,4597,42801,2025-05-13,Delivered,UPI,15,4175.2
3923,4597,42803,2025-06-06,Delivered,Debit Card,0,4228.0
3924,4599,42827,2025-06-02,Delivered,Net Banking,10,288.0
3925,4600,42829,2025-03-07,Delivered,UPI,10,1571.4
3926,4601,42839,2024-12-24,Delivered,UPI,10,5142.6
3927,4601,42842,2024-12-31,Delivered,Debit Card,5,3656.55
3928,4601,42846,2025-01-09,Delivered,UPI,0,2509.0
3929,4603,42875,2025-01-07,Delivered,UPI,0,1286.0
3930,4606,42907,2025-10-03,Delivered,Debit Card,5,4712.95
3931,4608,42913,2025-05-06,Delivered,UPI,10,1080.9
3932,4608,42917,2025-07-29,Delivered,UPI,0,1450.0
3933,4610,42937,2024-12-15,Delivered,Net Banking,0,4850.0
3934,4610,42945,2024-12-29,Delivered,Credit Card,10,1832.4
3935,4610,42946,2025-01-12,Delivered,UPI,5,1871.5
3936,4612,42957,2025-04-21,Delivered,Credit Card,10,1502.1
3937,4612,42965,2025-09-13,Delivered,UPI,0,8483.0
3938,4617,43017,2025-08-10,Delivered,UPI,0,4522.0
3939,4620,43032,2025-07-29,Delivered,COD,5,836.95
3940,4621,43034,2024-12-12,Delivered,Credit Card,15,2965.65
3941,4622,43058,2025-02-14,Delivered,UPI,0,922.0
3942,4623,43073,2025-09-10,Delivered,Credit Card,0,1005.0
3943,4623,43074,2025-09-17,Delivered,Credit Card,5,6314.65
3944,4624,43077,2025-01-13,Delivered,Net Banking,5,3156.85
3945,4624,43082,2025-02-07,Delivered,COD,5,1301.5
3946,4624,43084,2025-02-12,Delivered,UPI,5,2520.35
3947,4624,43091,2025-04-02,Delivered,Credit Card,0,2576.0
3948,4624,43092,2025-04-08,Delivered,UPI,0,2971.0
3949,4625,43100,2025-04-21,Delivered,UPI,10,2907.9
3950,4626,43114,2024-11-07,Delivered,UPI,10,2880.9
3951,4626,43115,2024-11-15,Delivered,UPI,0,3022.0
3952,4627,43139,2025-09-01,Returned,COD,15,4973.35
3953,4629,43153,2025-01-03,Delivered,Net Banking,20,988.0
3954,4629,43163,2025-03-22,Delivered,COD,5,1645.4
3955,4632,43186,2025-11-03,Returned,Net Banking,10,1225.8
3956,4634,43190,2025-10-13,Delivered,UPI,0,1251.0
3957,4635,43211,2025-03-09,Delivered,Net Banking,20,416.8
3958,4636,43216,2025-04-07,Delivered,Credit Card,20,1292.0
3959,4638,43230,2024-12-20,Delivered,Debit Card,0,1851.0
3960,4638,43231,2024-12-21,Delivered,Credit Card,15,3868.35
3961,4638,43234,2025-01-26,Delivered,Credit Card,20,1424.0
3962,4638,43245,2025-05-04,Delivered,UPI,0,9681.0
3963,4639,43255,2025-06-08,Delivered,Net Banking,5,873.05
3964,4641,43282,2025-06-24,Delivered,Net Banking,0,2877.0
3965,4643,43291,2025-08-26,Delivered,Net Banking,15,748.0
3966,4644,43310,2025-02-20,Delivered,Debit Card,0,7741.0
3967,4645,43319,2025-01-28,Delivered,UPI,30,633.5
3968,4645,43321,2025-02-11,Delivered,Credit Card,0,8807.0
3969,4646,43326,2025-01-17,Delivered,UPI,15,6114.9
3970,4646,43327,2025-02-03,Delivered,UPI,10,8917.2
3971,4649,43354,2025-03-20,Delivered,Credit Card,10,494.1
3972,4650,43371,2025-10-30,Cancelled,Net Banking,0,889.0
3973,4652,43381,2025-04-20,Delivered,Credit Card,15,7319.35
3974,4652,43386,2025-08-25,Delivered,COD,0,5569.0
3975,4654,43395,2025-04-04,Delivered,UPI,10,4132.8
3976,4657,43416,2025-06-04,Delivered,Debit Card,20,230.4
3977,4657,43418,2025-08-05,Delivered,UPI,0,8550.0
3978,4658,43424,2025-02-22,Delivered,UPI,20,5095.2
3979,4660,43433,2025-02-11,Delivered,Credit Card,5,1003.2
3980,4661,43452,2025-01-02,Delivered,Credit Card,15,2068.9
3981,4663,43471,2025-10-22,Delivered,COD,15,1845.35
3982,4664,43474,2025-07-09,Delivered,UPI,5,5422.6
3983,4665,43492,2025-03-26,Returned,COD,15,4467.6
3984,4667,43513,2025-01-20,Delivered,UPI,5,4195.2
3985,4668,43527,2025-02-21,Delivered,UPI,0,3886.0
3986,4668,43532,2025-04-04,Delivered,Net Banking,0,5524.0
3987,4668,43536,2025-05-12,Delivered,UPI,5,5815.9
3988,4671,43554,2025-07-26,Delivered,Credit Card,0,8286.0
3989,4671,43555,2025-09-09,Delivered,Debit Card,0,4543.0
3990,4673,43584,2025-07-25,Delivered,UPI,0,6526.0
3991,4674,43587,2025-07-29,Delivered,UPI,0,1402.0
3992,4674,43593,2025-12-06,Delivered,UPI,15,2163.25
3993,4676,43605,2025-01-08,Delivered,Credit Card,0,2232.0
3994,4676,43608,2025-02-20,Cancelled,Net Banking,20,1626.4
3995,4677,43624,2025-09-12,Returned,UPI,10,3659.4
3996,4680,43643,2024-11-27,Delivered,Net Banking,0,5900.0
3997,4684,43682,2025-10-18,Cancelled,UPI,0,914.0
3998,4685,43685,2025-06-15,Delivered,Net Banking,5,6760.2
3999,4685,43687,2025-07-05,Delivered,Credit Card,0,288.0
4000,4687,43703,2025-10-10,Delivered,Debit Card,0,765.0
4001,4688,43709,2025-04-04,Delivered,Credit Card,0,3872.0
4002,4688,43723,2025-05-22,Delivered,UPI,0,5076.0
4003,4689,43724,2025-01-31,Delivered,UPI,5,2267.65
4004,4690,43743,2025-02-04,Delivered,UPI,0,10451.0
4005,4690,43744,2025-02-10,Delivered,Credit Card,5,965.2
4006,4690,43757,2025-05-21,Delivered,Credit Card,0,939.0
4007,4691,43761,2025-05-08,Delivered,Debit Card,5,1895.25
4008,4691,43763,2025-06-25,Delivered,UPI,0,5010.0
4009,4693,43772,2025-08-03,Delivered,COD,0,5668.0
4010,4698,43792,2025-09-21,Delivered,UPI,15,2365.55
4011,4698,43793,2025-09-22,Delivered,Net Banking,0,1755.0
4012,4702,43812,2025-04-02,Delivered,Debit Card,20,3667.2
4013,4702,43821,2025-09-04,Delivered,UPI,10,940.5
4014,4702,43823,2025-09-13,Delivered,Credit Card,0,3023.0
4015,4706,43839,2025-06-29,Delivered,COD,20,560.0
4016,4709,43866,2025-11-26,Delivered,COD,15,2621.4
4017,4710,43870,2025-03-08,Delivered,Debit Card,5,5050.2
4018,4713,43883,2024-11-20,Cancelled,UPI,0,4338.0
4019,4714,43888,2025-08-11,Cancelled,Credit Card,5,3277.5
4020,4717,43906,2024-11-17,Delivered,UPI,30,3001.6
4021,4719,43918,2024-12-23,Delivered,COD,20,2533.6
4022,4719,43920,2024-12-26,Delivered,Debit Card,0,6995.0
4023,4719,43924,2025-01-19,Delivered,Debit Card,0,320.0
4024,4720,43936,2025-06-08,Delivered,Debit Card,0,1106.0
4025,4721,43939,2025-04-08,Returned,UPI,10,1379.7
4026,4725,43975,2025-03-06,Delivered,Debit Card,0,3828.0
4027,4725,43977,2025-03-13,Delivered,Debit Card,0,549.0
4028,4725,43980,2025-06-13,Delivered,UPI,0,7355.0
4029,4731,43998,2025-03-31,Delivered,COD,0,8286.0
4030,4735,44020,2024-12-08,Delivered,Credit Card,10,1954.8
4031,4736,44029,2024-12-30,Delivered,UPI,0,2261.0
4032,4736,44038,2025-02-13,Delivered,COD,10,6387.3
4033,4736,44044,2025-03-13,Delivered,Credit Card,10,2195.1
4034,4736,44049,2025-04-10,Delivered,Debit Card,0,697.0
4035,4739,44064,2025-04-03,Delivered,UPI,0,521.0
4036,4740,44081,2025-04-09,Delivered,UPI,10,5823.0
4037,4745,44124,2025-08-04,Cancelled,Credit Card,10,426.6
4038,4747,44136,2025-05-01,Delivered,Credit Card,0,1908.0
4039,4747,44140,2025-07-25,Delivered,UPI,0,4736.0
4040,4750,44160,2025-03-08,Delivered,Credit Card,0,3516.0
4041,4751,44165,2025-11-07,Delivered,UPI,0,3488.0
4042,4752,44166,2025-06-20,Delivered,Credit Card,0,10959.0
4043,4753,44170,2025-04-22,Cancelled,Credit Card,15,1897.2
4044,4754,44197,2025-01-31,Delivered,UPI,10,1311.3
4045,4755,44220,2025-07-02,Returned,COD,0,373.0
4046,4756,44223,2024-12-20,Delivered,UPI,5,7864.1
4047,4756,44227,2025-02-07,Delivered,UPI,15,940.1
4048,4756,44228,2025-02-14,Delivered,UPI,0,3195.0
4049,4757,44243,2025-02-11,Delivered,Debit Card,10,5566.5
4050,4760,44264,2024-12-18,Delivered,UPI,5,7193.4
4051,4762,44273,2025-03-17,Delivered,UPI,10,1300.5
4052,4762,44277,2025-03-25,Delivered,Net Banking,0,2982.0
4053,4762,44280,2025-04-19,Delivered,Credit Card,0,1779.0
4054,4762,44284,2025-05-07,Returned,Credit Card,5,1121.95
4055,4763,44300,2025-01-04,Delivered,Debit Card,0,1728.0
4056,4764,44318,2025-05-29,Delivered,Debit Card,10,5673.6
4057,4767,44338,2025-01-19,Delivered,COD,10,1242.0
4058,4767,44342,2025-02-07,Delivered,Debit Card,15,7516.55
4059,4767,44346,2025-03-04,Delivered,Credit Card,5,3857.0
4060,4767,44347,2025-03-05,Delivered,Credit Card,5,1352.8
4061,4767,44356,2025-04-17,Delivered,Net Banking,0,7783.0
4062,4770,44362,2025-03-09,Delivered,COD,30,4592.0
4063,4773,44386,2024-12-08,Cancelled,Debit Card,0,2877.0
4064,4773,44392,2025-02-11,Delivered,COD,15,2935.9
4065,4773,44395,2025-03-13,Delivered,UPI,10,1538.1
4066,4773,44404,2025-04-25,Delivered,UPI,30,2437.4
4067,4775,44411,2025-02-25,Delivered,UPI,0,3213.0
4068,4776,44429,2025-05-28,Returned,Credit Card,10,1488.6
4069,4782,44461,2025-10-10,Delivered,UPI,5,3263.25
4070,4784,44478,2025-08-10,Delivered,Debit Card,30,2416.4
4071,4785,44483,2025-03-31,Delivered,UPI,20,405.6
4072,4786,44507,2025-09-22,Delivered,UPI,10,4309.2
4073,4789,44515,2025-07-14,Delivered,COD,30,3945.2
4074,4789,44518,2025-07-28,Delivered,COD,5,2565.95
4075,4789,44519,2025-07-30,Delivered,Net Banking,0,262.0
4076,4790,44524,2025-08-21,Delivered,Net Banking,15,5871.8
4077,4790,44525,2025-08-25,Delivered,Net Banking,5,2252.45
4078,4791,44531,2025-10-01,Delivered,Credit Card,10,4893.3
4079,4792,44536,2025-06-29,Delivered,COD,15,5344.8
4080,4793,44563,2025-03-24,Returned,COD,10,10240.2
4081,4795,44579,2025-04-01,Delivered,UPI,15,1341.3
4082,4795,44588,2025-07-20,Delivered,UPI,0,455.0
4083,4796,44590,2025-12-18,Delivered,UPI,15,1522.35
4084,4798,44595,2025-03-31,Delivered,COD,10,1773.0
4085,4799,44603,2024-11-17,Delivered,Debit Card,0,320.0
4086,4801,44619,2025-09-21,Delivered,Debit Card,5,347.7
4087,4801,44621,2025-10-07,Delivered,Net Banking,10,608.4
4088,4803,44638,2024-12-05,Delivered,COD,10,511.2
4089,4803,44639,2024-12-08,Delivered,Debit Card,15,294.1
4090,4803,44657,2025-03-05,Delivered,Credit Card,0,3882.0
4091,4803,44658,2025-03-06,Delivered,Debit Card,10,2064.6
4092,4806,44680,2025-07-01,Delivered,Debit Card,0,2971.0
4093,4806,44684,2025-11-21,Delivered,Credit Card,30,6003.2
4094,4807,44687,2024-11-24,Delivered,UPI,30,1941.8
4095,4807,44688,2024-12-04,Delivered,UPI,0,4711.0
4096,4807,44689,2024-12-12,Delivered,UPI,0,4058.0
4097,4807,44697,2025-02-26,Delivered,Credit Card,10,6334.2
4098,4807,44703,2025-03-29,Delivered,UPI,5,1833.5
4099,4814,44745,2025-10-03,Delivered,COD,0,9224.0
4100,4816,44756,2025-08-12,Delivered,COD,5,7220.0
4101,4819,44778,2024-11-06,Delivered,Credit Card,10,1733.4
4102,4819,44779,2024-11-25,Delivered,Debit Card,0,1776.0
4103,4819,44783,2024-12-16,Delivered,Credit Card,15,9078.85
4104,4821,44811,2025-08-09,Delivered,UPI,20,4966.4
4105,4822,44813,2025-05-06,Delivered,UPI,30,616.7
4106,4824,44827,2025-07-28,Delivered,Debit Card,20,2968.8
4107,4825,44843,2025-03-11,Delivered,UPI,0,8663.0
4108,4825,44847,2025-05-08,Delivered,Debit Card,0,3391.0
4109,4826,44853,2025-05-04,Delivered,UPI,30,1302.0
4110,4826,44857,2025-06-09,Delivered,COD,0,1007.0
4111,4827,44863,2024-11-03,Delivered,Credit Card,30,8913.1
4112,4827,44868,2024-11-27,Delivered,COD,30,331.8
4113,4827,44885,2025-03-19,Delivered,Net Banking,0,881.0
4114,4828,44896,2025-08-19,Delivered,Credit Card,15,2567.85
4115,4831,44916,2025-06-10,Returned,COD,0,1622.0
4116,4831,44919,2025-06-21,Delivered,UPI,0,4379.0
4117,4831,44925,2025-08-16,Delivered,COD,20,3318.4
4118,4835,44936,2025-07-02,Delivered,UPI,15,948.6
4119,4835,44939,2025-08-15,Delivered,UPI,10,5425.2
4120,4836,44942,2025-02-08,Delivered,COD,10,1423.8
4121,4838,44969,2025-03-17,Delivered,UPI,20,2224.0
4122,4840,44992,2025-06-20,Delivered,Credit Card,15,1512.15
4123,4843,45019,2025-12-20,Delivered,Debit Card,0,747.0
4124,4844,45020,2025-09-24,Delivered,Credit Card,10,4425.3
4125,4846,45031,2025-04-07,Delivered,Debit Card,0,1851.0
4126,4848,45055,2025-09-13,Delivered,Credit Card,5,4726.25
4127,4849,45058,2025-11-02,Delivered,UPI,0,2387.0
4128,4849,45060,2025-11-13,Delivered,COD,10,1120.5
4129,4850,45061,2025-07-31,Delivered,UPI,0,1380.0
4130,4852,45073,2025-07-18,Delivered,COD,15,2197.25
4131,4853,45091,2025-06-06,Delivered,Debit Card,10,2233.8
4132,4853,45096,2025-09-28,Delivered,UPI,5,5779.8
4133,4855,45111,2025-08-24,Delivered,UPI,0,3627.0
4134,4863,45149,2024-11-30,Delivered,UPI,0,8224.0
4135,4864,45162,2025-02-03,Delivered,COD,0,2381.0
4136,4864,45163,2025-02-11,Delivered,COD,10,4699.8
4137,4864,45165,2025-03-05,Delivered,COD,0,896.0
4138,4864,45168,2025-05-05,Delivered,Debit Card,0,6971.0
4139,4864,45172,2025-06-03,Delivered,UPI,0,4612.0
4140,4865,45179,2025-04-04,Delivered,Net Banking,15,1033.6
4141,4865,45180,2025-04-27,Cancelled,COD,10,608.4
4142,4867,45195,2025-09-19,Delivered,COD,15,5354.15
4143,4867,45197,2025-11-29,Delivered,UPI,5,4671.15
4144,4867,45199,2025-12-22,Delivered,UPI,30,7617.4
4145,4870,45210,2024-11-11,Delivered,Credit Card,20,454.4
4146,4870,45213,2024-12-07,Delivered,Debit Card,0,8457.0
4147,4870,45217,2025-01-21,Returned,COD,10,1868.4
4148,4871,45231,2025-02-13,Delivered,Net Banking,0,2642.0
4149,4871,45233,2025-03-03,Cancelled,UPI,0,2341.0
4150,4871,45234,2025-04-15,Delivered,Debit Card,10,3245.4
4151,4871,45238,2025-06-27,Delivered,Credit Card,0,4558.0
4152,4871,45239,2025-07-21,Delivered,Credit Card,30,2632.0
4153,4871,45240,2025-08-05,Delivered,Debit Card,0,4822.0
4154,4873,45268,2025-04-11,Delivered,UPI,5,2444.35
4155,4874,45271,2025-08-28,Delivered,UPI,10,8638.2
4156,4876,45291,2025-07-27,Delivered,Credit Card,0,953.0
4157,4877,45295,2025-01-27,Delivered,Credit Card,5,5349.45
4158,4877,45299,2025-08-18,Delivered,Debit Card,10,1829.7
4159,4877,45307,2025-12-22,Delivered,UPI,0,8158.0
4160,4878,45309,2025-03-09,Delivered,COD,15,2242.3
4161,4878,45315,2025-07-11,Delivered,UPI,15,2934.2
4162,4878,45321,2025-11-03,Delivered,Debit Card,0,3760.0
4163,4880,45337,2025-01-04,Delivered,Credit Card,10,2340.0
4164,4880,45338,2025-01-21,Delivered,UPI,5,2077.65
4165,4881,45349,2025-05-20,Delivered,UPI,0,2690.0
4166,4884,45371,2025-02-16,Returned,Net Banking,10,6417.0
4167,4884,45372,2025-02-25,Delivered,UPI,0,5256.0
4168,4884,45378,2025-06-18,Delivered,Credit Card,30,645.4
4169,4885,45388,2025-07-01,Delivered,COD,0,4350.0
4170,4887,45404,2025-01-25,Delivered,Net Banking,5,1003.2
4171,4888,45422,2025-07-07,Delivered,UPI,0,2709.0
4172,4891,45440,2025-04-06,Delivered,Net Banking,5,7997.1
4173,4891,45453,2025-08-29,Delivered,UPI,0,549.0
4174,4893,45474,2025-10-02,Delivered,Net Banking,0,366.0
4175,4894,45476,2025-03-28,Delivered,COD,15,935.85
4176,4894,45484,2025-04-21,Delivered,Net Banking,0,9611.0
4177,4895,45494,2025-07-11,Delivered,Debit Card,5,1580.8
4178,4895,45497,2025-08-03,Delivered,Debit Card,0,1056.0
4179,4898,45512,2025-06-04,Delivered,UPI,0,3318.0
4180,4898,45518,2025-07-20,Delivered,UPI,0,2261.0
4181,4899,45526,2025-02-07,Returned,UPI,0,5122.0
4182,4903,45572,2025-09-16,Cancelled,UPI,0,789.0
4183,4905,45603,2025-09-05,Delivered,Credit Card,5,2641.0
4184,4908,45607,2025-06-19,Delivered,COD,5,10861.35
4185,4908,45608,2025-07-12,Delivered,UPI,0,644.0
4186,4909,45616,2025-09-16,Delivered,Credit Card,5,4337.7
4187,4910,45625,2025-07-01,Delivered,Credit Card,5,2209.7
4188,4911,45633,2025-11-08,Delivered,Credit Card,0,3505.0
4189,4912,45635,2025-03-21,Cancelled,UPI,5,1061.15
4190,4913,45643,2025-01-19,Delivered,UPI,20,1882.4
4191,4913,45651,2025-02-23,Delivered,Debit Card,5,859.75
4192,4918,45679,2025-02-24,Cancelled,UPI,10,959.4
4193,4918,45685,2025-05-22,Delivered,Net Banking,15,974.1
4194,4919,45693,2024-11-02,Delivered,COD,5,8603.2
4195,4919,45696,2024-11-25,Cancelled,UPI,0,4850.0
4196,4919,45711,2025-02-26,Delivered,UPI,5,1778.4
4197,4919,45716,2025-03-25,Cancelled,Credit Card,5,4715.8
4198,4922,45729,2025-02-10,Delivered,Credit Card,10,4296.6
4199,4923,45738,2024-11-05,Returned,UPI,0,1995.0
4200,4923,45741,2024-12-05,Delivered,Net Banking,20,7442.4
4201,4923,45743,2025-01-06,Delivered,COD,0,678.0
4202,4923,45748,2025-05-31,Returned,UPI,10,2683.8
4203,4924,45756,2025-02-01,Delivered,Net Banking,0,1117.0
4204,4924,45764,2025-04-18,Delivered,Debit Card,0,2174.0
4205,4924,45766,2025-04-25,Delivered,UPI,15,690.2
4206,4924,45768,2025-05-06,Delivered,COD,30,1753.5
4207,4924,45769,2025-05-10,Delivered,Credit Card,5,366.7
4208,4924,45774,2025-05-28,Delivered,UPI,0,1216.0
4209,4927,45791,2025-05-14,Cancelled,Net Banking,5,1373.7
4210,4928,45804,2025-02-22,Delivered,UPI,10,6759.0
4211,4930,45822,2025-02-01,Delivered,COD,5,1786.0
4212,4933,45837,2025-04-25,Delivered,Net Banking,10,329.4
4213,4933,45843,2025-12-24,Delivered,UPI,5,663.1
4214,4936,45857,2025-03-03,Delivered,Credit Card,5,273.6
4215,4936,45868,2025-07-18,Delivered,UPI,20,1486.4
4216,4938,45876,2025-05-24,Delivered,UPI,20,3446.4
4217,4941,45912,2025-10-11,Delivered,Debit Card,0,5830.0
4218,4942,45917,2025-07-20,Delivered,COD,0,3798.0
4219,4944,45929,2025-01-07,Delivered,UPI,0,1930.0
4220,4945,45935,2025-07-30,Delivered,Net Banking,20,4868.8
4221,4947,45952,2025-04-21,Delivered,UPI,10,5490.9
4222,4947,45958,2025-06-15,Delivered,Credit Card,10,608.4
4223,4947,45960,2025-06-28,Delivered,Credit Card,15,670.65
4224,4948,45966,2025-03-23,Delivered,UPI,20,612.0
4225,4948,45968,2025-07-20,Delivered,UPI,15,4545.8
4226,4950,45982,2025-04-24,Delivered,COD,10,3805.2
4227,4954,46003,2025-02-20,Delivered,UPI,15,7236.05
4228,4954,46007,2025-05-18,Delivered,UPI,30,1737.4
4229,4955,46019,2025-02-20,Delivered,UPI,0,6334.0
4230,4955,46027,2025-04-23,Delivered,UPI,0,9998.0
4231,4955,46030,2025-05-16,Delivered,UPI,5,2075.75
4232,4957,46046,2025-09-04,Cancelled,UPI,0,6291.0
4233,4960,46056,2024-12-15,Delivered,Debit Card,0,1087.0
4234,4961,46068,2025-10-21,Delivered,UPI,0,1986.0
4235,4961,46070,2025-12-07,Delivered,Debit Card,0,1792.0
4236,4962,46074,2025-10-25,Delivered,Debit Card,10,1159.2
4237,4965,46094,2025-02-24,Delivered,Credit Card,10,2762.1
4238,4965,46104,2025-05-24,Delivered,UPI,0,6078.0
4239,4965,46108,2025-05-29,Delivered,Debit Card,0,2165.0
4240,4967,46114,2025-01-13,Delivered,Debit Card,10,1980.0
4241,4967,46116,2025-02-13,Returned,COD,5,1426.9
4242,4972,46152,2024-12-05,Delivered,Net Banking,15,3158.6
4243,4972,46155,2024-12-21,Delivered,Net Banking,20,6402.4
4244,4972,46161,2025-03-03,Delivered,Debit Card,5,4674.0
4245,4972,46168,2025-06-05,Delivered,Net Banking,0,6152.0
4246,4974,46180,2025-07-12,Delivered,Credit Card,0,6883.0
4247,4975,46187,2025-04-29,Delivered,COD,20,1456.8
4248,4977,46209,2025-02-23,Delivered,Net Banking,15,2027.25
4249,4978,46222,2025-09-14,Delivered,Credit Card,0,1776.0
4250,4978,46226,2025-10-06,Delivered,Debit Card,20,7937.6
4251,4981,46262,2025-07-19,Delivered,Credit Card,10,1499.4
4252,4984,46285,2025-05-31,Delivered,Debit Card,15,4059.6
4253,4986,46288,2025-01-09,Delivered,Net Banking,10,4310.1
4254,4986,46299,2025-09-07,Returned,Debit Card,30,2384.2
4255,4987,46305,2025-02-07,Delivered,UPI,0,1776.0
4256,4987,46308,2025-03-16,Delivered,UPI,0,4491.0
4257,4987,46312,2025-04-06,Returned,UPI,10,858.6
4258,4987,46318,2025-07-04,Delivered,Debit Card,10,2163.6
4259,4990,46331,2024-12-28,Cancelled,Credit Card,15,2261.85
4260,4990,46339,2025-02-09,Cancelled,UPI,5,323.0
4261,4990,46340,2025-02-21,Delivered,Debit Card,10,1809.0
4262,4990,46345,2025-03-19,Delivered,Credit Card,5,1140.95
4263,4991,46372,2025-03-19,Delivered,Net Banking,15,2445.45
4264,4993,46385,2025-02-26,Delivered,COD,10,1024.2
4265,4993,46388,2025-03-03,Delivered,COD,15,2512.6
4266,4997,46413,2025-03-02,Delivered,COD,15,3562.35
4267,4997,46417,2025-05-29,Delivered,Net Banking,0,3694.0
4268,4997,46419,2025-06-28,Delivered,UPI,10,1721.7
4269,4998,46437,2025-07-15,Delivered,Net Banking,20,2360.0
4270,5000,46451,2025-04-05,Delivered,Credit Card,10,2154.6
4271,5002,46480,2025-03-22,Delivered,UPI,5,2240.1
4272,5002,46486,2025-06-28,Delivered,Credit Card,0,2765.0
4273,5002,46489,2025-07-17,Delivered,UPI,0,337.0
4274,5004,46502,2025-01-22,Returned,UPI,5,9794.5
4275,5004,46506,2025-02-05,Delivered,UPI,0,5521.0
4276,5004,46508,2025-03-03,Delivered,UPI,0,5372.0
4277,5004,46510,2025-03-12,Delivered,Credit Card,5,5090.1
4278,5004,46511,2025-03-13,Delivered,Debit Card,0,1013.0
4279,5004,46512,2025-03-26,Delivered,Credit Card,5,3392.45
4280,5004,46515,2025-04-09,Delivered,Debit Card,5,729.6
4281,5005,46520,2025-04-21,Delivered,UPI,0,1251.0
4282,5006,46528,2025-01-18,Delivered,COD,0,1127.0
4283,5007,46543,2024-12-31,Delivered,UPI,10,4591.8
4284,5008,46555,2025-07-10,Delivered,UPI,0,2185.0
4285,5009,46556,2025-08-25,Returned,UPI,5,2871.85
4286,5012,46573,2025-11-22,Delivered,Credit Card,20,2595.2
4287,5013,46592,2025-04-24,Delivered,UPI,0,11141.0
4288,5013,46593,2025-05-17,Cancelled,Debit Card,5,2447.2
4289,5014,46599,2025-02-03,Delivered,Credit Card,10,5901.3
4290,5015,46614,2025-05-21,Delivered,Net Banking,30,2375.1
4291,5017,46637,2025-09-02,Delivered,UPI,10,12230.1
4292,5018,46644,2025-07-23,Delivered,COD,15,3988.2
4293,5023,46685,2024-11-10,Delivered,UPI,0,5082.0
4294,5023,46691,2024-12-13,Delivered,COD,0,3497.0
4295,5023,46695,2025-01-06,Delivered,COD,5,5690.5
4296,5023,46698,2025-01-22,Delivered,Debit Card,0,8480.0
4297,5023,46700,2025-02-15,Delivered,Credit Card,0,1478.0
4298,5024,46708,2025-01-14,Delivered,COD,5,3624.25
4299,5024,46719,2025-06-13,Delivered,Credit Card,0,3385.0
4300,5024,46722,2025-07-05,Delivered,UPI,5,2958.3
4301,5024,46723,2025-07-11,Returned,UPI,5,1692.9
4302,5030,46752,2025-04-25,Delivered,COD,5,7503.1
4303,5034,46771,2025-06-22,Delivered,UPI,0,3515.0
4304,5036,46783,2025-08-02,Delivered,Credit Card,0,6002.0
4305,5037,46803,2025-05-18,Delivered,Debit Card,30,1964.2
4306,5039,46815,2025-07-02,Delivered,Debit Card,10,981.0
4307,5040,46820,2025-01-14,Returned,COD,0,4240.0
4308,5041,46839,2025-03-13,Returned,Debit Card,0,3452.0
4309,5044,46881,2025-02-13,Delivered,Credit Card,5,2649.55
4310,5045,46895,2025-12-31,Delivered,Credit Card,0,2494.0
4311,5046,46901,2025-08-14,Delivered,Net Banking,5,7486.95
4312,5046,46902,2025-09-07,Delivered,Debit Card,0,10456.0
4313,5046,46906,2025-11-22,Delivered,Debit Card,0,1380.0
4314,5047,46911,2025-04-20,Returned,UPI,5,1293.9
4315,5051,46923,2024-12-20,Delivered,UPI,10,4356.0
4316,5051,46933,2025-04-09,Returned,UPI,5,3279.4
4317,5051,46938,2025-05-24,Delivered,COD,0,4686.0
4318,5053,46944,2025-12-18,Delivered,Credit Card,0,346.0
4319,5054,46950,2025-05-12,Delivered,Credit Card,0,1035.0
4320,5055,46957,2025-07-27,Delivered,Credit Card,0,5243.0
4321,5055,46959,2025-08-23,Delivered,Credit Card,5,1656.8
4322,5057,46986,2025-04-28,Delivered,Debit Card,20,2560.8
4323,5057,46987,2025-05-09,Delivered,UPI,0,2869.0
4324,5057,46990,2025-06-02,Delivered,UPI,0,6796.0
4325,5063,47022,2025-04-22,Delivered,Net Banking,15,3853.05
4326,5063,47028,2025-08-26,Delivered,UPI,0,5303.0
4327,5067,47068,2025-07-21,Delivered,UPI,10,1707.3
4328,5067,47071,2025-08-03,Delivered,Debit Card,0,1629.0
4329,5068,47074,2025-10-22,Delivered,UPI,0,6978.0
4330,5069,47082,2025-07-13,Delivered,COD,10,1759.5
4331,5071,47104,2025-07-08,Delivered,Debit Card,0,1380.0
4332,5072,47107,2025-05-27,Delivered,Debit Card,0,1615.0
4333,5072,47117,2025-11-23,Delivered,UPI,15,2194.7
4334,5074,47134,2025-02-22,Delivered,UPI,0,5806.0
4335,5074,47135,2025-04-05,Delivered,UPI,0,1005.0
4336,5076,47153,2025-03-25,Delivered,Net Banking,0,2488.0
4337,5077,47164,2025-02-21,Cancelled,UPI,15,4720.05
4338,5078,47179,2025-05-03,Cancelled,COD,20,1782.4
4339,5079,47182,2025-01-19,Delivered,Credit Card,10,5164.2
4340,5079,47191,2025-09-12,Delivered,Credit Card,0,5560.0
4341,5087,47234,2025-08-15,Returned,UPI,10,2579.4
4342,5091,47245,2025-06-11,Returned,Debit Card,15,2963.1
4343,5092,47253,2025-06-13,Delivered,Net Banking,0,7276.0
4344,5093,47263,2025-02-10,Delivered,UPI,10,4203.0
4345,5093,47266,2025-03-01,Delivered,Credit Card,20,5257.6
4346,5093,47268,2025-03-15,Delivered,Net Banking,20,4173.6
4347,5095,47285,2025-07-30,Delivered,Credit Card,10,3783.6
4348,5099,47303,2024-12-16,Delivered,COD,30,2162.3
4349,5099,47305,2024-12-27,Delivered,Net Banking,10,9072.9
4350,5099,47311,2025-01-26,Delivered,Debit Card,0,3023.0
4351,5099,47312,2025-02-08,Cancelled,Credit Card,20,4520.8
4352,5099,47317,2025-03-14,Delivered,Credit Card,5,1352.8
4353,5100,47319,2025-09-14,Delivered,UPI,0,2466.0
4354,5102,47339,2025-04-24,Delivered,Debit Card,0,3391.0
4355,5102,47341,2025-04-26,Delivered,Credit Card,10,1112.4
4356,5102,47345,2025-05-17,Delivered,Credit Card,15,1846.2
4357,5103,47351,2025-03-07,Delivered,UPI,15,1344.7
4358,5103,47357,2025-05-28,Delivered,UPI,5,4263.6
4359,5104,47364,2025-03-03,Delivered,Credit Card,5,8149.1
4360,5106,47374,2025-02-09,Delivered,UPI,30,4824.4
4361,5108,47389,2025-03-03,Delivered,UPI,30,6972.7
4362,5109,47405,2025-01-13,Delivered,Debit Card,0,3814.0
4363,5109,47406,2025-01-14,Delivered,UPI,10,2996.1
4364,5112,47434,2025-08-05,Delivered,COD,5,2469.05
4365,5113,47439,2025-01-07,Delivered,Net Banking,0,1582.0
4366,5114,47446,2025-02-18,Delivered,Debit Card,0,5067.0
4367,5114,47458,2025-05-16,Delivered,UPI,0,5046.0
4368,5115,47467,2025-08-05,Delivered,Net Banking,10,6075.9
4369,5117,47481,2024-11-26,Delivered,UPI,0,3011.0
4370,5117,47494,2025-01-26,Delivered,UPI,0,5204.0
4371,5117,47501,2025-03-02,Delivered,Credit Card,5,1250.2
4372,5118,47504,2025-12-26,Delivered,Credit Card,10,5149.8
4373,5121,47512,2025-07-20,Delivered,UPI,5,9785.95
4374,5122,47517,2024-12-08,Delivered,COD,0,4969.0
4375,5123,47531,2025-09-03,Returned,Net Banking,5,3247.1
4376,5125,47550,2025-09-23,Delivered,Credit Card,15,2788.85
4377,5126,47556,2025-12-29,Delivered,COD,10,6159.6
4378,5127,47560,2025-03-20,Delivered,UPI,20,3584.8
4379,5127,47568,2025-07-20,Delivered,Credit Card,5,2249.6
4380,5127,47570,2025-08-09,Delivered,COD,5,4503.95
4381,5129,47584,2025-01-30,Cancelled,UPI,0,504.0
4382,5129,47586,2025-02-17,Delivered,UPI,0,7214.0
4383,5129,47593,2025-03-15,Delivered,Debit Card,0,7491.0
4384,5133,47629,2025-12-05,Delivered,Credit Card,15,2945.25
4385,5134,47639,2025-05-30,Delivered,UPI,5,4466.9
4386,5135,47657,2024-12-27,Delivered,UPI,10,3579.3
4387,5135,47659,2025-01-16,Delivered,Credit Card,0,7015.0
4388,5135,47660,2025-01-20,Delivered,Credit Card,15,2445.45
4389,5135,47669,2025-03-15,Delivered,Credit Card,10,5310.0
4390,5137,47679,2025-02-06,Returned,Credit Card,10,1423.8
4391,5142,47745,2025-04-24,Returned,UPI,0,4606.0
4392,5142,47753,2025-07-04,Returned,Net Banking,10,1759.5
4393,5143,47757,2025-02-01,Delivered,Debit Card,5,1121.0
4394,5144,47762,2025-03-03,Delivered,UPI,5,7162.05
4395,5144,47764,2025-05-31,Delivered,UPI,5,1301.5
4396,5144,47771,2025-09-14,Delivered,COD,0,2382.0
4397,5145,47778,2025-08-14,Delivered,UPI,10,612.0
4398,5146,47779,2025-05-08,Delivered,COD,0,3429.0
4399,5146,47785,2025-06-05,Delivered,UPI,10,2106.0
4400,5147,47798,2025-03-31,Delivered,UPI,0,12308.0
4401,5147,47803,2025-05-23,Delivered,Credit Card,10,409.5
4402,5148,47817,2025-01-14,Returned,COD,0,1245.0
4403,5148,47822,2025-05-17,Delivered,Credit Card,0,1395.0
4404,5148,47828,2025-07-19,Cancelled,COD,10,4464.9
4405,5151,47838,2025-01-21,Delivered,Credit Card,0,3023.0
4406,5154,47862,2024-12-06,Cancelled,COD,15,1813.05
4407,5156,47878,2025-06-22,Delivered,Credit Card,30,5865.3
4408,5156,47879,2025-06-25,Delivered,COD,20,540.8
4409,5157,47883,2025-01-24,Delivered,Net Banking,0,3886.0
4410,5157,47902,2025-06-30,Delivered,UPI,10,3348.0
4411,5158,47904,2025-04-27,Delivered,COD,0,3043.0
4412,5158,47905,2025-05-26,Delivered,Debit Card,10,858.6
4413,5158,47906,2025-07-01,Delivered,COD,0,1316.0
4414,5158,47907,2025-07-18,Delivered,COD,10,2979.9
4415,5161,47916,2024-12-19,Delivered,COD,0,3572.0
4416,5161,47919,2025-01-10,Delivered,COD,0,2554.0
4417,5161,47928,2025-03-16,Delivered,COD,30,1545.6
4418,5161,47933,2025-04-20,Delivered,Credit Card,20,1905.6
4419,5163,47938,2025-02-22,Delivered,UPI,10,931.5
4420,5163,47950,2025-08-04,Delivered,Net Banking,0,3043.0
4421,5168,47969,2025-08-23,Delivered,Net Banking,10,3237.3
4422,5168,47970,2025-09-15,Delivered,Credit Card,0,2368.0
4423,5169,47982,2025-04-02,Delivered,COD,0,2971.0
4424,5173,48010,2025-08-21,Delivered,Credit Card,0,3380.0
4425,5181,48053,2025-10-30,Delivered,Credit Card,5,12906.7
4426,5184,48063,2025-08-14,Cancelled,UPI,15,3521.55
4427,5186,48083,2025-07-19,Cancelled,UPI,20,10172.0
4428,5186,48084,2025-07-26,Delivered,Credit Card,0,674.0
4429,5188,48092,2025-10-25,Delivered,COD,15,5406.0
4430,5189,48098,2025-09-06,Delivered,UPI,15,2569.55
4431,5189,48101,2025-10-10,Delivered,UPI,10,4894.2
4432,5190,48106,2025-11-14,Delivered,Debit Card,15,3067.65
4433,5194,48123,2025-06-15,Delivered,Credit Card,15,5858.2
4434,5194,48129,2025-08-02,Delivered,UPI,20,543.2
4435,5195,48137,2025-01-24,Delivered,UPI,0,1005.0
4436,5195,48146,2025-03-06,Delivered,Credit Card,10,4760.1
4437,5195,48152,2025-03-19,Delivered,UPI,10,1769.4
4438,5197,48175,2025-10-20,Delivered,UPI,0,6691.0
4439,5204,48200,2025-02-03,Delivered,COD,15,1671.1
4440,5206,48212,2025-06-20,Delivered,UPI,10,1569.6
4441,5206,48214,2025-06-23,Delivered,COD,0,2733.0
4442,5209,48233,2025-03-07,Delivered,COD,5,608.0
4443,5209,48237,2025-06-21,Delivered,UPI,5,1035.5
4444,5210,48242,2024-12-02,Delivered,Net Banking,0,2148.0
4445,5211,48262,2025-04-28,Delivered,UPI,0,2808.0
4446,5212,48267,2025-04-30,Delivered,COD,5,761.9
4447,5213,48278,2025-06-23,Delivered,Credit Card,5,892.05
4448,5214,48280,2025-02-08,Returned,Debit Card,20,1284.8
4449,5215,48292,2024-11-20,Delivered,UPI,10,235.8
4450,5215,48293,2024-11-30,Delivered,COD,0,262.0
4451,5215,48298,2025-01-09,Returned,Net Banking,10,1927.8
4452,5215,48300,2025-01-26,Delivered,Credit Card,15,4574.7
4453,5215,48302,2025-02-22,Delivered,Net Banking,30,1310.4
4454,5216,48320,2025-09-19,Returned,Net Banking,20,2195.2
4455,5220,48348,2025-05-31,Delivered,Debit Card,0,4680.0
4456,5220,48351,2025-07-17,Delivered,Net Banking,0,687.0
4457,5222,48362,2025-07-17,Delivered,UPI,0,2132.0
4458,5224,48370,2025-07-24,Delivered,Net Banking,10,7728.3
4459,5224,48372,2025-08-09,Delivered,Debit Card,5,4712.95
4460,5226,48379,2025-04-27,Delivered,Credit Card,20,996.0
4461,5226,48381,2025-05-23,Delivered,UPI,0,1199.0
4462,5226,48385,2025-06-08,Delivered,Credit Card,30,4018.0
4463,5226,48388,2025-07-29,Delivered,Credit Card,10,2673.9
4464,5227,48390,2025-12-29,Delivered,Debit Card,30,731.5
4465,5228,48395,2025-02-09,Delivered,UPI,0,10007.0
4466,5229,48403,2025-06-24,Delivered,UPI,15,2791.4
4467,5233,48436,2024-11-30,Delivered,Debit Card,0,507.0
4468,5233,48440,2025-02-11,Delivered,UPI,0,16896.0
4469,5234,48445,2025-06-12,Delivered,COD,5,4875.4
4470,5237,48466,2025-05-01,Delivered,Credit Card,10,1466.1
4471,5237,48467,2025-05-02,Delivered,UPI,20,2241.6
4472,5238,48482,2025-10-24,Delivered,Debit Card,5,2891.8
4473,5242,48498,2025-10-04,Delivered,UPI,20,3314.4
4474,5244,48515,2025-03-09,Delivered,UPI,10,971.1
4475,5246,48536,2025-06-01,Delivered,UPI,5,2262.9
4476,5247,48543,2024-12-21,Delivered,Net Banking,5,4130.6
4477,5248,48556,2025-02-15,Delivered,Debit Card,15,2286.5
4478,5248,48560,2025-04-10,Delivered,Net Banking,0,436.0
4479,5248,48561,2025-04-18,Delivered,UPI,20,5018.4
4480,5248,48562,2025-05-22,Delivered,Debit Card,5,7082.25
4481,5248,48564,2025-06-10,Delivered,Net Banking,30,3237.5
4482,5249,48578,2025-05-27,Cancelled,Credit Card,0,1468.0
4483,5250,48584,2025-02-06,Delivered,Debit Card,10,10064.7
4484,5250,48588,2025-04-02,Returned,Net Banking,15,8352.1
4485,5250,48599,2025-07-14,Delivered,COD,5,6698.45
4486,5253,48614,2025-04-01,Delivered,UPI,5,2641.0
4487,5253,48621,2025-08-14,Delivered,Credit Card,15,2932.5
4488,5254,48635,2025-07-13,Delivered,UPI,0,2063.0
4489,5256,48665,2025-05-14,Cancelled,Net Banking,5,1509.55
4490,5257,48678,2025-08-12,Delivered,UPI,15,634.95
4491,5259,48685,2025-02-15,Returned,Debit Card,0,6917.0
4492,5272,48786,2025-04-09,Delivered,COD,5,3178.7
4493,5272,48791,2025-05-31,Delivered,UPI,5,2623.9
4494,5273,48802,2025-06-01,Delivered,Debit Card,0,1191.0
4495,5275,48820,2025-05-21,Delivered,UPI,0,2326.0
4496,5275,48822,2025-07-12,Cancelled,Net Banking,10,8020.8
4497,5276,48828,2025-05-04,Delivered,COD,15,1416.1
4498,5278,48861,2025-05-29,Delivered,Net Banking,5,4674.0
4499,5283,48903,2025-02-23,Delivered,UPI,10,1281.6
4500,5283,48906,2025-03-11,Returned,UPI,10,906.3
4501,5283,48908,2025-04-15,Delivered,COD,0,339.0
4502,5283,48909,2025-06-11,Delivered,Credit Card,0,6978.0
4503,5283,48910,2025-06-15,Delivered,UPI,0,2014.0
4504,5283,48911,2025-06-20,Delivered,Credit Card,0,4359.0
4505,5290,48964,2025-10-22,Delivered,UPI,0,2804.0
4506,5290,48966,2025-11-17,Delivered,Debit Card,30,1112.3
4507,5293,48980,2025-05-20,Delivered,UPI,5,7112.65
4508,5293,48982,2025-05-24,Delivered,UPI,20,1292.0
4509,5295,49007,2025-08-03,Delivered,UPI,5,1433.55
4510,5300,49031,2025-02-28,Delivered,COD,10,6627.6
4511,5301,49043,2025-01-27,Returned,Net Banking,20,3581.6
4512,5303,49063,2025-03-15,Delivered,COD,0,2401.0
4513,5303,49075,2025-05-04,Delivered,COD,10,2461.5
4514,5305,49082,2025-08-14,Delivered,UPI,10,2154.6
4515,5306,49097,2025-07-03,Cancelled,Credit Card,0,4736.0
4516,5307,49101,2024-12-06,Returned,Debit Card,0,2154.0
4517,5307,49105,2024-12-16,Delivered,UPI,0,1560.0
4518,5307,49107,2025-01-08,Delivered,UPI,30,522.9
4519,5308,49124,2025-04-21,Delivered,UPI,0,1615.0
4520,5309,49137,2024-12-23,Delivered,COD,10,940.5
4521,5311,49160,2025-04-21,Delivered,UPI,10,3763.8
4522,5311,49164,2025-05-26,Delivered,Credit Card,30,4683.0
4523,5313,49176,2025-03-17,Delivered,UPI,0,3981.0
4524,5313,49178,2025-03-25,Delivered,UPI,15,442.85
4525,5313,49179,2025-04-11,Cancelled,Credit Card,10,1795.5
4526,5315,49191,2025-01-02,Delivered,UPI,10,921.6
4527,5315,49199,2025-03-02,Delivered,Credit Card,10,4262.4
4528,5315,49207,2025-04-18,Delivered,Net Banking,0,6202.0
4529,5319,49221,2025-05-23,Delivered,UPI,15,877.2
4530,5319,49227,2025-06-21,Delivered,COD,5,2573.55
4531,5319,49229,2025-08-26,Delivered,Credit Card,5,1534.25
4532,5320,49237,2025-06-24,Delivered,UPI,5,7996.15
4533,5320,49240,2025-09-03,Delivered,Net Banking,10,5139.9
4534,5322,49250,2025-04-02,Delivered,UPI,15,5944.9
4535,5322,49260,2025-06-08,Delivered,UPI,10,4239.9
4536,5323,49280,2025-04-26,Delivered,Debit Card,10,4971.6
4537,5324,49283,2024-12-30,Delivered,UPI,0,4392.0
4538,5324,49286,2025-01-11,Delivered,UPI,5,1315.75
4539,5324,49291,2025-02-15,Delivered,Debit Card,10,2326.5
4540,5324,49292,2025-02-16,Delivered,Debit Card,10,2244.6
4541,5324,49296,2025-03-24,Delivered,COD,0,1764.0
4542,5324,49297,2025-03-26,Delivered,Credit Card,10,3579.3
4543,5325,49306,2024-12-29,Delivered,UPI,0,4283.0
4544,5326,49331,2025-06-26,Delivered,Debit Card,30,1368.5
4545,5326,49334,2025-07-18,Cancelled,UPI,10,2469.6
4546,5326,49336,2025-08-11,Delivered,UPI,0,6378.0
4547,5328,49345,2025-08-10,Delivered,UPI,5,4818.4
4548,5328,49346,2025-08-16,Delivered,Credit Card,0,5384.0
4549,5329,49355,2025-08-15,Delivered,UPI,10,3237.3
4550,5330,49367,2025-04-03,Delivered,UPI,20,1292.0
4551,5331,49375,2025-02-18,Delivered,UPI,0,4132.0
4552,5333,49381,2024-11-14,Delivered,Credit Card,10,2673.9
4553,5333,49392,2025-04-21,Delivered,UPI,10,1843.2
4554,5334,49402,2025-01-30,Delivered,Net Banking,15,3753.6
4555,5334,49411,2025-04-26,Delivered,COD,0,1985.0
4556,5338,49432,2025-03-19,Delivered,UPI,15,9370.4
4557,5340,49447,2025-10-13,Delivered,UPI,15,3312.45
4558,5342,49452,2025-08-10,Delivered,UPI,20,2533.6
4559,5342,49457,2025-11-15,Delivered,UPI,5,2455.75
4560,5351,49490,2025-10-21,Delivered,Debit Card,15,1028.5
4561,5351,49493,2025-12-05,Returned,Net Banking,15,2686.0
4562,5352,49508,2025-08-04,Delivered,Debit Card,5,7509.75
4563,5355,49537,2025-04-14,Delivered,UPI,5,864.5
4564,5355,49538,2025-04-19,Delivered,Credit Card,0,9104.0
4565,5355,49550,2025-09-14,Delivered,UPI,0,678.0
4566,5356,49554,2025-07-13,Delivered,Credit Card,10,5234.4
4567,5357,49563,2025-08-09,Delivered,Debit Card,5,3329.75
4568,5359,49571,2024-12-11,Delivered,Credit Card,10,306.0
4569,5359,49572,2025-01-02,Delivered,COD,30,364.7
4570,5359,49578,2025-02-05,Delivered,UPI,20,810.4
4571,5359,49581,2025-02-19,Delivered,UPI,20,944.8
4572,5360,49594,2025-02-23,Returned,UPI,0,6676.0
4573,5362,49607,2025-05-22,Delivered,UPI,0,5992.0
4574,5364,49620,2025-02-06,Delivered,COD,15,4257.65
4575,5369,49686,2025-03-24,Returned,Credit Card,0,9371.0
4576,5371,49694,2025-09-20,Returned,Net Banking,20,1558.4
4577,5371,49695,2025-09-27,Delivered,UPI,15,7881.2
4578,5372,49697,2025-06-08,Delivered,COD,0,676.0
4579,5373,49706,2025-04-25,Returned,UPI,0,1395.0
4580,5374,49725,2025-03-02,Delivered,UPI,0,8116.0
4581,5374,49728,2025-03-20,Delivered,UPI,0,2172.0
4582,5374,49731,2025-04-06,Delivered,Net Banking,20,1431.2
4583,5376,49754,2025-05-25,Delivered,Credit Card,15,9792.0
4584,5378,49767,2025-04-16,Delivered,UPI,0,1202.0
4585,5381,49792,2025-06-09,Delivered,Net Banking,5,4252.2
4586,5381,49795,2025-06-15,Delivered,Net Banking,15,4866.25
4587,5382,49797,2025-07-06,Delivered,Credit Card,15,1285.2
4588,5382,49798,2025-07-28,Delivered,Credit Card,0,5721.0
4589,5382,49801,2025-08-02,Delivered,UPI,5,1081.1
4590,5383,49812,2025-04-27,Delivered,Credit Card,20,1431.2
4591,5383,49813,2025-05-23,Delivered,UPI,15,2254.2
4592,5383,49822,2025-12-26,Delivered,UPI,0,2279.0
4593,5386,49827,2025-09-23,Delivered,Credit Card,5,6118.0
4594,5388,49835,2025-03-18,Delivered,Debit Card,10,6811.2
4595,5389,49857,2025-05-09,Delivered,UPI,10,5524.2
4596,5390,49860,2025-08-29,Delivered,UPI,10,6210.0
4597,5390,49862,2025-09-01,Delivered,UPI,30,1582.7
4598,5390,49866,2025-11-04,Delivered,Net Banking,10,3780.9
4599,5391,49868,2025-04-20,Delivered,UPI,15,681.7
4600,5391,49871,2025-05-20,Returned,Credit Card,5,1035.5
4601,5391,49880,2025-08-02,Delivered,Net Banking,5,3753.45
4602,5392,49884,2024-11-16,Delivered,COD,10,672.3
4603,5395,49915,2025-01-26,Delivered,Net Banking,0,3134.0
4604,5395,49929,2025-06-17,Cancelled,Debit Card,0,4180.0
4605,5396,49931,2025-09-18,Delivered,Net Banking,5,3618.55
4606,5396,49932,2025-10-05,Delivered,Debit Card,20,2583.2
4607,5397,49936,2025-01-26,Delivered,Net Banking,10,2835.0
4608,5397,49943,2025-08-15,Delivered,COD,0,1810.0
4609,5398,49946,2025-03-24,Delivered,UPI,0,2165.0
4610,5399,49950,2025-03-22,Delivered,UPI,0,474.0
4611,5399,49952,2025-04-21,Delivered,UPI,30,976.5
4612,5399,49953,2025-05-13,Delivered,Net Banking,0,2728.0
4613,5402,49968,2024-12-17,Delivered,Credit Card,0,2600.0
4614,5404,50005,2025-05-20,Delivered,COD,20,3356.8
4615,5404,50010,2025-08-14,Delivered,UPI,30,3136.0
4616,5406,50015,2025-04-25,Delivered,UPI,0,1146.0
4617,5407,50028,2025-07-22,Delivered,UPI,5,6133.2
4618,5409,50066,2025-03-08,Delivered,Net Banking,0,5526.0
4619,5412,50079,2025-10-03,Delivered,UPI,5,1687.2
4620,5414,50094,2025-02-08,Delivered,Debit Card,15,2661.35
4621,5414,50098,2025-02-20,Delivered,Debit Card,10,3878.1
4622,5414,50105,2025-03-27,Delivered,UPI,0,3450.0
4623,5414,50106,2025-03-28,Delivered,UPI,0,3555.0
4624,5416,50112,2024-11-09,Delivered,Credit Card,10,329.4
4625,5416,50113,2024-11-22,Delivered,COD,0,545.0
4626,5417,50123,2025-02-13,Delivered,UPI,15,2559.35
4627,5417,50126,2025-07-15,Cancelled,UPI,15,2119.9
4628,5420,50133,2025-07-09,Delivered,UPI,15,1482.4
4629,5421,50143,2025-06-13,Delivered,Credit Card,5,10425.3
4630,5421,50145,2025-07-24,Delivered,UPI,10,1004.4
4631,5422,50151,2024-12-14,Returned,UPI,0,1392.0
4632,5422,50166,2025-03-31,Delivered,Credit Card,0,2709.0
4633,5422,50170,2025-04-13,Returned,UPI,15,2289.05
4634,5424,50192,2025-01-25,Delivered,UPI,20,1352.0
4635,5424,50199,2025-02-19,Delivered,COD,15,1846.2
4636,5424,50204,2025-02-26,Delivered,COD,0,2642.0
4637,5425,50213,2025-05-02,Delivered,COD,15,783.7
4638,5428,50239,2025-07-17,Delivered,Debit Card,20,631.2
4639,5430,50247,2025-03-23,Delivered,UPI,10,5553.9
4640,5430,50248,2025-03-24,Delivered,UPI,0,4434.0
4641,5430,50256,2025-06-04,Delivered,Debit Card,0,10336.0
4642,5431,50265,2025-05-19,Delivered,Credit Card,0,1983.0
4643,5432,50291,2025-07-07,Delivered,Credit Card,15,2891.7
4644,5433,50296,2025-06-11,Delivered,UPI,0,1983.0
4645,5433,50297,2025-07-06,Cancelled,UPI,5,3503.6
4646,5438,50311,2025-01-13,Returned,UPI,5,2623.9
4647,5438,50313,2025-03-04,Delivered,COD,15,1020.85
4648,5439,50337,2025-06-15,Delivered,UPI,5,6213.95
4649,5442,50368,2025-04-10,Delivered,Credit Card,20,2187.2
4650,5444,50384,2025-07-03,Delivered,UPI,0,6348.0
4651,5444,50389,2025-12-13,Delivered,COD,10,2683.8
4652,5446,50396,2024-12-28,Delivered,UPI,0,2739.0
4653,5446,50406,2025-03-19,Delivered,COD,10,1684.8
4654,5448,50424,2024-12-19,Delivered,COD,10,11793.6
4655,5448,50434,2025-02-21,Delivered,Debit Card,10,8037.9
4656,5448,50438,2025-03-19,Delivered,Credit Card,10,5705.1
4657,5450,50454,2025-01-10,Delivered,COD,0,13541.0
4658,5450,50466,2025-03-10,Delivered,COD,0,2576.0
4659,5451,50471,2025-01-08,Delivered,UPI,0,1629.0
4660,5451,50473,2025-01-29,Returned,Debit Card,15,6205.0
4661,5451,50476,2025-02-10,Delivered,Credit Card,0,802.0
4662,5451,50481,2025-05-01,Delivered,COD,15,3482.45
4663,5456,50526,2024-12-31,Delivered,Debit Card,20,1230.4
4664,5456,50543,2025-06-09,Delivered,COD,0,1892.0
4665,5458,50571,2025-04-13,Delivered,UPI,15,3190.9
4666,5460,50574,2025-03-13,Delivered,Debit Card,15,1989.0
4667,5462,50585,2025-01-08,Delivered,Net Banking,0,1851.0
4668,5463,50601,2025-01-05,Delivered,UPI,0,8825.0
4669,5463,50603,2025-01-09,Delivered,Debit Card,0,3391.0
4670,5463,50605,2025-01-22,Delivered,Net Banking,20,4590.4
4671,5464,50627,2025-04-04,Cancelled,COD,0,10050.0
4672,5465,50640,2025-01-13,Delivered,Debit Card,5,4458.35
4673,5465,50649,2025-02-26,Returned,Debit Card,5,1385.1
4674,5465,50659,2025-05-29,Delivered,COD,0,2892.0
4675,5468,50675,2025-02-08,Delivered,Credit Card,30,3051.3
4676,5468,50678,2025-02-12,Delivered,Credit Card,0,3552.0
4677,5468,50680,2025-02-14,Delivered,UPI,5,965.2
4678,5468,50690,2025-05-13,Delivered,Credit Card,0,946.0
4679,5470,50700,2025-05-03,Returned,Credit Card,10,1094.4
4680,5470,50705,2025-07-07,Delivered,UPI,15,8143.85
4681,5471,50709,2025-03-27,Delivered,Debit Card,10,1511.1
4682,5471,50715,2025-07-07,Delivered,UPI,15,1021.7
4683,5475,50747,2025-05-04,Delivered,UPI,15,8058.0
4684,5477,50781,2025-04-27,Returned,COD,0,1791.0
4685,5479,50791,2025-01-14,Delivered,UPI,5,2523.2
4686,5481,50797,2025-11-15,Delivered,Credit Card,20,1680.8
4687,5482,50807,2025-05-08,Delivered,UPI,0,2093.0
4688,5484,50824,2025-07-13,Delivered,UPI,15,1124.55
4689,5485,50835,2025-05-20,Returned,Net Banking,0,2326.0
4690,5486,50846,2024-11-17,Delivered,UPI,20,10353.6
4691,5486,50854,2025-02-10,Delivered,Credit Card,0,946.0
4692,5488,50891,2025-08-09,Delivered,COD,10,710.1
4693,5490,50920,2025-06-12,Delivered,Credit Card,10,7952.4
4694,5491,50931,2025-09-26,Delivered,Debit Card,20,2455.2
4695,5494,50939,2025-02-18,Delivered,UPI,0,880.0
4696,5494,50942,2025-05-06,Delivered,UPI,0,922.0
4697,5496,50951,2025-06-20,Delivered,COD,0,5890.0
4698,5496,50954,2025-09-12,Delivered,UPI,20,884.8
4699,5499,50978,2025-03-19,Delivered,Debit Card,5,1404.1
4700,5499,50979,2025-03-20,Returned,UPI,20,1907.2
4701,5499,50982,2025-06-03,Delivered,Credit Card,0,1056.0
4702,5501,51002,2025-03-25,Delivered,Net Banking,30,1703.8
4703,5502,51022,2025-08-02,Delivered,UPI,0,1372.0
4704,5503,51028,2025-03-11,Delivered,Credit Card,30,3453.1
4705,5503,51043,2025-06-05,Delivered,Debit Card,15,272.0
4706,5505,51046,2025-05-20,Cancelled,UPI,0,6691.0
4707,5507,51050,2025-11-12,Delivered,Credit Card,10,4428.0
4708,5508,51053,2025-05-11,Delivered,UPI,15,1509.6
4709,5508,51061,2025-11-09,Returned,Debit Card,20,4362.4
4710,5508,51063,2025-11-26,Delivered,Debit Card,20,2290.4
4711,5509,51080,2025-07-09,Delivered,COD,0,1681.0
4712,5511,51087,2025-03-28,Returned,COD,15,5509.7
4713,5513,51097,2025-03-18,Delivered,Credit Card,0,5726.0
4714,5515,51103,2025-07-21,Delivered,UPI,5,1765.1
4715,5515,51104,2025-09-17,Delivered,UPI,30,2669.8
4716,5515,51105,2025-09-29,Delivered,UPI,5,7845.1
4717,5516,51109,2025-03-26,Delivered,Debit Card,15,863.6
4718,5516,51112,2025-04-09,Delivered,Net Banking,0,1666.0
4719,5516,51118,2025-08-25,Delivered,Debit Card,5,6783.95
4720,5517,51121,2025-05-22,Returned,COD,0,3702.0
4721,5518,51128,2024-12-04,Delivered,Credit Card,5,4911.5
4722,5519,51151,2025-10-04,Delivered,UPI,0,4648.0
4723,5520,51170,2025-05-10,Delivered,Credit Card,10,3196.8
4724,5522,51180,2025-06-27,Delivered,Net Banking,10,1954.8
4725,5523,51190,2025-03-16,Returned,Net Banking,5,906.3
4726,5526,51217,2024-11-19,Delivered,UPI,0,3460.0
4727,5526,51223,2024-11-30,Cancelled,UPI,5,6998.65
4728,5526,51234,2025-01-01,Delivered,UPI,0,4441.0
4729,5528,51253,2025-05-11,Delivered,Debit Card,0,6568.0
4730,5528,51257,2025-05-24,Delivered,Debit Card,5,1045.95
4731,5528,51258,2025-06-03,Returned,Debit Card,0,5980.0
4732,5530,51276,2025-09-20,Delivered,UPI,0,4479.0
4733,5533,51290,2025-11-11,Delivered,Debit Card,15,6183.75
4734,5535,51294,2025-06-03,Delivered,UPI,20,6599.2
4735,5536,51306,2025-01-09,Returned,COD,0,2220.0
4736,5536,51308,2025-01-13,Delivered,COD,10,1764.9
4737,5537,51330,2025-08-11,Delivered,Debit Card,0,6739.0
4738,5537,51333,2025-08-29,Delivered,UPI,15,1847.9
4739,5538,51341,2024-12-26,Delivered,UPI,0,6801.0
4740,5538,51343,2025-01-01,Delivered,COD,0,3886.0
4741,5538,51351,2025-03-12,Returned,UPI,30,1368.5
4742,5538,51353,2025-03-21,Delivered,UPI,0,2438.0
4743,5538,51357,2025-04-25,Delivered,COD,0,4595.0
4744,5538,51359,2025-05-16,Returned,UPI,10,1924.2
4745,5540,51369,2025-11-04,Delivered,Net Banking,15,8418.4
4746,5540,51371,2025-11-11,Delivered,COD,0,1976.0
4747,5541,51379,2025-11-12,Delivered,Net Banking,0,1101.0
4748,5543,51400,2024-12-21,Delivered,COD,0,11082.0
4749,5543,51416,2025-02-24,Delivered,UPI,10,3492.0
4750,5549,51437,2025-05-13,Delivered,UPI,0,789.0
4751,5551,51449,2024-12-21,Delivered,Debit Card,10,4636.8
4752,5551,51462,2025-03-14,Delivered,Debit Card,0,5048.0
4753,5552,51468,2025-02-12,Delivered,Credit Card,5,1765.1
4754,5555,51510,2024-12-08,Delivered,Net Banking,5,3314.55
4755,5557,51534,2025-03-03,Delivered,UPI,15,5087.25
4756,5557,51539,2025-03-19,Delivered,UPI,0,3710.0
4757,5558,51561,2025-07-03,Delivered,UPI,0,2950.0
4758,5558,51564,2025-07-19,Delivered,Net Banking,20,5112.0
4759,5560,51580,2025-06-09,Delivered,UPI,15,1920.15
4760,5561,51589,2025-06-27,Delivered,Debit Card,15,244.8
4761,5561,51592,2025-08-12,Delivered,Debit Card,5,1221.7
4762,5564,51618,2025-01-20,Delivered,Debit Card,0,2394.0
4763,5564,51629,2025-03-24,Delivered,UPI,5,4206.6
4764,5568,51665,2025-01-04,Delivered,Net Banking,5,1070.65
4765,5568,51667,2025-01-10,Delivered,UPI,10,3577.5
4766,5568,51688,2025-05-06,Delivered,Credit Card,5,3265.15
4767,5569,51702,2025-03-25,Delivered,Credit Card,0,3446.0
4768,5570,51710,2025-08-15,Returned,UPI,10,886.5
4769,5570,51714,2025-09-17,Delivered,UPI,5,2669.5
4770,5572,51726,2025-04-18,Delivered,Debit Card,5,954.75
4771,5573,51737,2025-09-25,Delivered,UPI,0,2877.0
4772,5576,51749,2025-03-09,Delivered,UPI,10,4086.9
4773,5576,51750,2025-04-06,Delivered,COD,10,1301.4
4774,5579,51767,2025-08-06,Delivered,COD,10,6413.4
4775,5580,51773,2024-12-27,Delivered,COD,10,827.1
4776,5580,51775,2025-02-20,Delivered,UPI,30,1106.7
4777,5583,51801,2025-11-08,Delivered,COD,0,3043.0
4778,5586,51809,2025-12-22,Delivered,UPI,10,1636.2
4779,5587,51812,2024-12-03,Delivered,COD,15,1671.1
4780,5588,51832,2025-09-19,Delivered,Debit Card,5,1547.55
4781,5589,51837,2025-12-01,Delivered,Credit Card,5,1050.7
4782,5592,51843,2025-04-18,Delivered,UPI,0,939.0
4783,5592,51845,2025-05-20,Delivered,Net Banking,10,8271.0
4784,5596,51870,2025-10-02,Delivered,UPI,5,9342.3
4785,5597,51882,2025-05-10,Delivered,UPI,15,7742.65
4786,5599,51892,2025-01-28,Delivered,Credit Card,20,6005.6
4787,5599,51902,2025-11-08,Delivered,COD,0,1709.0
4788,5600,51916,2025-02-12,Delivered,Credit Card,0,5338.0
4789,5601,51937,2025-05-10,Delivered,COD,0,802.0
4790,5601,51943,2025-06-06,Delivered,UPI,10,2955.6
4791,5603,51956,2025-09-05,Delivered,Credit Card,0,6463.0
4792,5604,51972,2025-03-19,Delivered,UPI,0,4080.0
4793,5604,51976,2025-04-08,Delivered,Credit Card,0,1755.0
4794,5605,51979,2025-03-03,Delivered,Debit Card,10,1255.5
4795,5607,52004,2025-08-08,Delivered,UPI,15,5166.3
4796,5608,52019,2025-01-06,Delivered,Net Banking,0,520.0
4797,5610,52047,2025-06-01,Returned,UPI,0,4222.0
4798,5611,52055,2025-06-14,Delivered,Credit Card,20,528.8
4799,5611,52058,2025-07-17,Cancelled,UPI,5,3313.6
4800,5612,52063,2025-09-25,Delivered,Credit Card,0,905.0
4801,5612,52067,2025-10-02,Delivered,Credit Card,15,1573.35
4802,5618,52099,2025-06-22,Delivered,UPI,0,2935.0
4803,5618,52100,2025-07-08,Delivered,Credit Card,5,497.8
4804,5618,52105,2025-09-15,Delivered,Debit Card,20,763.2
4805,5620,52111,2025-10-01,Delivered,UPI,0,9006.0
4806,5622,52121,2025-02-13,Delivered,Debit Card,0,4844.0
4807,5622,52122,2025-02-26,Delivered,UPI,10,959.4
4808,5622,52127,2025-03-08,Delivered,UPI,10,1024.2
4809,5622,52128,2025-03-10,Delivered,Debit Card,0,3905.0
4810,5622,52137,2025-05-18,Delivered,UPI,15,2363.0
4811,5624,52159,2025-09-24,Delivered,UPI,5,1373.7
4812,5627,52173,2025-03-12,Returned,Debit Card,0,644.0
4813,5630,52200,2025-11-14,Cancelled,UPI,10,1453.5
4814,5631,52202,2025-04-27,Delivered,UPI,15,7292.15
4815,5634,52229,2025-03-19,Delivered,Credit Card,20,3881.6
4816,5634,52231,2025-04-01,Delivered,UPI,15,3530.9
4817,5636,52241,2025-05-19,Delivered,Debit Card,0,1919.0
4818,5637,52251,2025-05-05,Delivered,Credit Card,20,3747.2
4819,5638,52262,2025-12-10,Delivered,COD,15,6541.6
4820,5640,52273,2024-12-19,Delivered,Net Banking,10,1531.8
4821,5640,52279,2025-01-23,Delivered,UPI,0,4336.0
4822,5640,52285,2025-03-19,Delivered,Credit Card,10,1816.2
4823,5640,52292,2025-04-07,Delivered,COD,0,1005.0
4824,5640,52293,2025-04-08,Delivered,UPI,10,1538.1
4825,5642,52305,2025-04-06,Delivered,Net Banking,30,1178.8
4826,5644,52322,2025-08-07,Delivered,UPI,30,9774.1
4827,5644,52323,2025-08-09,Delivered,COD,0,6645.0
4828,5644,52325,2025-08-26,Delivered,Debit Card,0,7212.0
4829,5648,52349,2025-11-18,Delivered,UPI,30,5128.9
4830,5650,52357,2025-08-05,Delivered,Debit Card,0,2144.0
4831,5654,52378,2025-01-02,Delivered,Debit Card,10,1593.9
4832,5654,52384,2025-06-17,Delivered,Net Banking,0,1615.0
4833,5656,52391,2025-04-17,Delivered,UPI,5,1472.5
4834,5657,52403,2025-05-25,Delivered,UPI,0,1776.0
4835,5657,52408,2025-06-17,Delivered,Credit Card,10,1986.3
4836,5658,52415,2025-04-15,Delivered,UPI,0,2368.0
4837,5660,52424,2025-08-04,Delivered,Credit Card,20,2220.0
4838,5662,52445,2025-09-06,Returned,Debit Card,0,1146.0
4839,5664,52454,2025-05-21,Delivered,Net Banking,0,1245.0
4840,5667,52476,2025-03-20,Delivered,UPI,10,8280.9
4841,5672,52503,2025-01-01,Delivered,Debit Card,15,1418.65
4842,5672,52518,2025-04-04,Delivered,COD,0,436.0
4843,5672,52521,2025-04-13,Delivered,Credit Card,10,3700.8
4844,5677,52556,2025-06-06,Delivered,Debit Card,10,3836.7
4845,5677,52562,2025-07-08,Delivered,UPI,0,3000.0
4846,5679,52586,2025-07-02,Delivered,UPI,0,2014.0
4847,5682,52620,2025-04-21,Delivered,COD,0,3833.0
4848,5685,52639,2024-12-10,Delivered,COD,15,3120.35
4849,5685,52642,2025-01-11,Delivered,UPI,30,826.0
4850,5685,52653,2025-04-12,Returned,UPI,5,1547.55
4851,5686,52665,2025-01-28,Delivered,UPI,0,1978.0
4852,5686,52671,2025-05-10,Delivered,COD,20,549.6
4853,5688,52678,2025-03-15,Returned,Net Banking,15,5253.85
4854,5688,52681,2025-03-28,Delivered,UPI,0,13800.0
4855,5688,52682,2025-04-02,Delivered,COD,0,6636.0
4856,5688,52686,2025-04-22,Delivered,Net Banking,20,1488.0
4857,5688,52692,2025-05-08,Delivered,COD,5,868.3
4858,5689,52706,2025-02-02,Delivered,UPI,0,3990.0
4859,5689,52711,2025-02-17,Delivered,UPI,5,3992.85
4860,5693,52730,2025-02-15,Delivered,UPI,10,1423.8
4861,5695,52747,2025-01-21,Delivered,UPI,5,1373.7
4862,5695,52756,2025-02-11,Delivered,Debit Card,5,749.55
4863,5695,52760,2025-02-22,Delivered,COD,0,6141.0
4864,5696,52768,2025-01-14,Returned,Credit Card,20,1656.0
4865,5697,52786,2024-11-13,Delivered,COD,15,7703.55
4866,5697,52793,2025-02-22,Returned,COD,15,595.0
4867,5697,52802,2025-09-28,Returned,COD,20,12106.4
4868,5698,52808,2024-11-13,Delivered,COD,0,7379.0
4869,5698,52818,2025-01-26,Delivered,Debit Card,0,576.0
4870,5703,52846,2025-05-23,Delivered,Debit Card,0,4465.0
4871,5703,52847,2025-06-01,Delivered,COD,0,4928.0
4872,5704,52852,2024-11-06,Cancelled,UPI,10,1953.9
4873,5704,52864,2025-06-08,Delivered,UPI,10,4307.4
4874,5705,52870,2024-11-23,Delivered,COD,5,5024.55
4875,5705,52872,2024-11-29,Delivered,Credit Card,15,2155.6
4876,5705,52887,2025-03-15,Delivered,Debit Card,0,768.0
4877,5706,52895,2025-01-21,Delivered,Debit Card,20,4277.6
4878,5708,52918,2025-06-25,Delivered,COD,10,4948.2
4879,5708,52922,2025-10-25,Delivered,UPI,5,4596.1
4880,5709,52926,2025-06-03,Delivered,COD,0,4306.0
4881,5712,52941,2025-05-20,Delivered,Credit Card,5,980.4
4882,5712,52943,2025-06-10,Delivered,UPI,10,2012.4
4883,5712,52946,2025-11-22,Delivered,Debit Card,0,6427.0
4884,5712,52948,2025-12-27,Delivered,Credit Card,0,1478.0
4885,5716,52968,2025-09-18,Delivered,Credit Card,0,1151.0
4886,5718,52988,2025-08-01,Delivered,UPI,15,888.25
4887,5719,52995,2025-07-05,Delivered,UPI,5,2133.7
4888,5719,52996,2025-07-24,Delivered,COD,0,3478.0
4889,5719,52998,2025-09-29,Returned,UPI,20,872.0
4890,5719,52999,2025-11-05,Delivered,Credit Card,10,921.6
4891,5720,53006,2025-01-27,Delivered,UPI,10,2318.4
4892,5720,53013,2025-02-28,Delivered,Debit Card,0,2750.0
4893,5724,53033,2025-08-06,Delivered,UPI,30,833.7
4894,5724,53034,2025-08-14,Returned,COD,10,978.3
4895,5725,53046,2025-07-01,Cancelled,Net Banking,0,3534.0
4896,5728,53066,2025-06-17,Delivered,UPI,10,1445.4
4897,5729,53078,2025-06-23,Delivered,Debit Card,10,511.2
4898,5731,53089,2025-01-08,Delivered,UPI,10,2225.7
4899,5731,53093,2025-03-24,Delivered,Credit Card,0,4595.0
4900,5731,53094,2025-03-25,Delivered,UPI,0,12824.0
4901,5731,53097,2025-04-22,Delivered,Credit Card,5,4636.0
4902,5731,53100,2025-05-14,Delivered,UPI,20,735.2
4903,5731,53105,2025-07-11,Delivered,Net Banking,5,4502.05
4904,5732,53120,2025-05-01,Returned,UPI,5,1717.6
4905,5735,53170,2025-01-01,Delivered,Credit Card,0,2710.0
4906,5735,53180,2025-04-21,Delivered,COD,30,2020.9
4907,5737,53198,2025-10-06,Delivered,COD,0,2404.0
4908,5738,53203,2025-05-14,Delivered,UPI,5,10182.1
4909,5738,53207,2025-10-02,Delivered,Credit Card,10,4735.8
4910,5738,53208,2025-11-04,Delivered,COD,0,7953.0
4911,5739,53217,2025-02-04,Delivered,COD,0,2466.0
4912,5739,53227,2025-04-10,Delivered,UPI,0,2971.0
4913,5740,53231,2025-08-30,Delivered,UPI,0,7416.0
4914,5741,53235,2025-12-22,Delivered,Debit Card,0,3084.0
4915,5743,53250,2025-03-01,Delivered,Debit Card,0,5926.0
4916,5743,53256,2025-04-01,Cancelled,COD,10,1423.8
4917,5746,53270,2025-09-22,Delivered,UPI,5,2109.0
4918,5749,53285,2025-06-16,Delivered,COD,0,4917.0
4919,5760,53373,2025-05-13,Delivered,UPI,0,2815.0
4920,5761,53383,2025-12-06,Delivered,UPI,0,1860.0
4921,5763,53391,2025-05-31,Delivered,UPI,10,1690.2
4922,5764,53409,2025-01-31,Delivered,UPI,10,4084.2
4923,5764,53418,2025-03-21,Delivered,Debit Card,10,1952.1
4924,5765,53424,2025-08-19,Delivered,Net Banking,10,1764.9
4925,5767,53432,2024-11-24,Delivered,Credit Card,10,2466.0
4926,5767,53439,2025-01-31,Delivered,UPI,15,2730.2
4927,5768,53457,2024-12-19,Delivered,UPI,0,1101.0
4928,5768,53466,2025-03-05,Delivered,Credit Card,10,4296.6
4929,5768,53470,2025-03-16,Delivered,Debit Card,5,2447.2
4930,5770,53479,2025-01-14,Delivered,Debit Card,15,1832.6
4931,5771,53483,2025-04-12,Delivered,UPI,10,4717.8
4932,5773,53496,2024-12-03,Delivered,UPI,20,1297.6
4933,5776,53512,2024-11-22,Delivered,UPI,5,4126.8
4934,5776,53527,2025-06-07,Delivered,Credit Card,0,4697.0
4935,5776,53528,2025-06-13,Cancelled,UPI,5,1416.45
4936,5776,53530,2025-06-26,Delivered,UPI,0,1362.0
4937,5777,53531,2025-10-06,Returned,Debit Card,15,5567.5
4938,5778,53532,2025-03-11,Delivered,Net Banking,0,700.0
4939,5778,53540,2025-07-14,Delivered,Debit Card,5,1797.4
4940,5778,53543,2025-08-20,Delivered,Credit Card,10,8766.0
4941,5781,53554,2024-11-02,Delivered,Credit Card,0,3369.0
4942,5782,53558,2025-03-16,Delivered,Net Banking,30,3570.0
4943,5782,53563,2025-07-17,Returned,Net Banking,15,2715.75
4944,5782,53564,2025-08-01,Delivered,UPI,0,2010.0
4945,5785,53577,2025-09-17,Delivered,COD,10,1579.5
4946,5786,53586,2025-08-09,Delivered,UPI,20,2644.8
4947,5786,53587,2025-08-15,Delivered,UPI,0,6452.0
4948,5788,53609,2025-08-11,Delivered,Debit Card,0,2949.0
4949,5788,53610,2025-08-14,Delivered,UPI,5,2470.0
4950,5792,53646,2024-12-31,Returned,Net Banking,5,2859.5
4951,5792,53655,2025-02-11,Delivered,COD,15,770.1
4952,5798,53709,2025-07-14,Delivered,UPI,5,9975.95
4953,5800,53729,2024-12-19,Delivered,UPI,5,4209.45
4954,5800,53732,2025-01-03,Delivered,UPI,10,2099.7
4955,5800,53736,2025-02-10,Delivered,UPI,0,1392.0
4956,5802,53750,2025-02-17,Delivered,UPI,20,1292.0
4957,5802,53751,2025-02-18,Delivered,Credit Card,15,4918.95
4958,5802,53752,2025-02-20,Delivered,Credit Card,20,5341.6
4959,5802,53757,2025-04-03,Delivered,UPI,10,2244.6
4960,5802,53760,2025-04-24,Delivered,UPI,10,650.7
4961,5802,53762,2025-05-03,Delivered,Net Banking,10,4934.7
4962,5804,53779,2025-01-07,Delivered,UPI,10,8850.6
4963,5804,53785,2025-03-11,Delivered,Credit Card,20,3115.2
4964,5804,53787,2025-04-10,Delivered,UPI,5,10028.2
4965,5804,53795,2025-06-03,Delivered,UPI,20,2299.2
4966,5805,53804,2025-08-17,Delivered,UPI,15,3521.55
4967,5809,53827,2025-06-21,Delivered,UPI,10,2282.4
4968,5810,53833,2025-06-03,Returned,UPI,0,8115.0
4969,5810,53839,2025-07-12,Delivered,UPI,0,2144.0
4970,5812,53847,2025-02-02,Delivered,Credit Card,5,665.0
4971,5812,53856,2025-03-23,Delivered,COD,10,3493.8
4972,5812,53860,2025-04-17,Returned,Debit Card,0,12094.0
4973,5814,53875,2024-11-15,Delivered,Debit Card,20,3147.2
4974,5814,53880,2024-12-21,Delivered,UPI,5,5969.8
4975,5816,53906,2025-03-13,Delivered,UPI,5,1325.25
4976,5821,53937,2025-10-10,Delivered,UPI,20,3830.4
4977,5823,53946,2025-05-12,Delivered,UPI,0,507.0
4978,5823,53949,2025-09-17,Delivered,Credit Card,5,6258.6
4979,5824,53970,2025-07-22,Delivered,Credit Card,5,273.6
4980,5827,53992,2025-01-04,Delivered,COD,5,6922.65
4981,5827,53993,2025-01-05,Delivered,COD,5,1885.75
4982,5828,54011,2025-09-20,Delivered,Credit Card,0,2576.0
4983,5831,54026,2024-11-21,Delivered,UPI,0,1087.0
4984,5831,54027,2024-11-27,Delivered,Debit Card,15,3807.15
4985,5831,54043,2025-06-07,Delivered,COD,10,3762.9
4986,5832,54047,2025-09-17,Delivered,UPI,5,1045.95
4987,5835,54077,2024-11-06,Delivered,COD,0,507.0
4988,5835,54078,2024-11-15,Delivered,Debit Card,10,3076.2
4989,5835,54081,2024-12-14,Cancelled,COD,15,2363.0
4990,5835,54082,2024-12-15,Delivered,Credit Card,0,6229.0
4991,5837,54113,2025-08-21,Delivered,UPI,10,1701.0
4992,5838,54130,2025-07-10,Delivered,UPI,10,10809.9
4993,5838,54131,2025-07-16,Delivered,Debit Card,15,3808.85
4994,5842,54142,2025-03-04,Delivered,UPI,5,962.35
4995,5842,54145,2025-04-15,Delivered,UPI,5,5462.5
4996,5848,54188,2025-08-23,Delivered,COD,0,7016.0
4997,5851,54216,2025-03-12,Delivered,UPI,20,7873.6
4998,5851,54219,2025-04-01,Delivered,UPI,20,2169.6
4999,5851,54221,2025-04-03,Delivered,COD,20,1672.0
5000,5852,54230,2024-12-01,Delivered,Credit Card,15,2176.85
5001,5852,54237,2025-01-06,Delivered,UPI,5,3655.6
5002,5854,54271,2025-03-15,Delivered,Credit Card,5,3183.45
5003,5854,54276,2025-04-21,Delivered,Net Banking,10,7224.3
5004,5858,54307,2024-12-08,Delivered,Debit Card,10,1190.7
5005,5858,54309,2024-12-22,Delivered,Credit Card,5,4295.9
5006,5859,54325,2024-12-28,Delivered,COD,5,4207.55
5007,5859,54343,2025-05-13,Delivered,Credit Card,10,2163.6
5008,5859,54345,2025-05-28,Delivered,Debit Card,0,4045.0
5009,5862,54368,2025-06-18,Delivered,UPI,0,3371.0
5010,5862,54373,2025-07-08,Delivered,Debit Card,10,2772.0
5011,5868,54421,2025-05-06,Delivered,Net Banking,10,1112.4
5012,5868,54427,2025-06-20,Delivered,UPI,15,3052.35
5013,5868,54429,2025-07-04,Delivered,Credit Card,10,3700.8
5014,5869,54433,2025-01-21,Delivered,UPI,15,2827.1
5015,5869,54436,2025-03-01,Delivered,UPI,30,2641.1
5016,5869,54449,2025-06-04,Delivered,Credit Card,0,1970.0
5017,5870,54455,2025-03-28,Delivered,COD,20,3446.4
5018,5871,54468,2025-03-04,Delivered,Credit Card,0,4121.0
5019,5872,54478,2025-02-25,Delivered,UPI,10,1611.9
5020,5875,54503,2024-12-19,Delivered,Credit Card,5,2109.95
5021,5878,54523,2025-05-18,Delivered,UPI,10,3051.9
5022,5879,54538,2025-07-26,Delivered,UPI,15,442.0
5023,5881,54546,2025-03-25,Delivered,COD,20,4194.4
5024,5888,54597,2024-11-27,Delivered,UPI,5,5567.95
5025,5889,54628,2025-04-05,Delivered,Debit Card,20,1894.4
5026,5890,54642,2025-08-25,Delivered,COD,0,9958.0
5027,5893,54652,2025-01-24,Returned,UPI,10,3426.3
5028,5893,54655,2025-02-08,Delivered,Credit Card,10,5732.1
5029,5893,54662,2025-04-12,Delivered,COD,0,1606.0
5030,5894,54672,2025-03-04,Delivered,UPI,10,594.9
5031,5896,54704,2025-09-01,Delivered,UPI,10,4564.8
5032,5896,54707,2025-09-04,Cancelled,COD,5,663.1
5033,5896,54708,2025-09-09,Delivered,Credit Card,15,2351.95
5034,5897,54710,2025-07-21,Delivered,Net Banking,15,289.0
5035,5898,54716,2025-05-17,Delivered,Credit Card,10,2602.8
5036,5899,54728,2025-05-15,Delivered,UPI,10,3710.7
5037,5899,54732,2025-06-20,Cancelled,COD,5,6972.05
5038,5899,54735,2025-09-09,Delivered,UPI,10,1569.6
5039,5899,54736,2025-09-16,Delivered,Credit Card,0,1778.0
5040,5900,54740,2025-06-21,Delivered,Net Banking,20,3324.8
5041,5904,54763,2025-07-09,Delivered,UPI,10,594.9
5042,5904,54767,2025-12-08,Returned,COD,5,9254.9
5043,5905,54777,2025-03-30,Delivered,Debit Card,5,2725.55
5044,5905,54787,2025-08-10,Delivered,UPI,20,952.8
5045,5906,54788,2025-01-19,Delivered,UPI,0,4031.0
5046,5906,54800,2025-05-23,Delivered,UPI,0,7575.0
5047,5907,54812,2025-08-17,Delivered,UPI,10,4356.9
5048,5908,54829,2025-05-02,Delivered,COD,5,517.75
5049,5908,54833,2025-06-02,Delivered,UPI,10,5319.0
5050,5909,54837,2025-04-01,Delivered,UPI,5,5526.15
5051,5909,54841,2025-12-18,Returned,COD,0,768.0
5052,5911,54857,2025-07-08,Delivered,COD,0,2172.0
5053,5912,54865,2025-02-23,Delivered,COD,30,796.6
5054,5915,54878,2025-06-16,Delivered,Credit Card,0,2172.0
5055,5915,54881,2025-10-13,Delivered,Credit Card,10,959.4
5056,5918,54890,2025-01-02,Delivered,Credit Card,10,1812.6
5057,5919,54897,2025-08-22,Delivered,Credit Card,10,1190.7
5058,5920,54903,2025-06-17,Delivered,COD,10,1601.1
5059,5921,54918,2025-04-10,Returned,UPI,15,4372.4
5060,5922,54938,2025-10-16,Returned,COD,10,3591.0
5061,5923,54942,2025-09-30,Delivered,Credit Card,15,4437.85
5062,5924,54948,2025-03-10,Delivered,Debit Card,5,3002.95
5063,5925,54966,2025-03-04,Delivered,Credit Card,10,1341.9
5064,5929,55001,2025-06-10,Delivered,COD,30,2573.2
5065,5930,55014,2025-07-08,Delivered,UPI,15,5981.45
5066,5931,55024,2025-08-03,Delivered,Credit Card,10,6217.2
5067,5934,55042,2025-04-11,Delivered,UPI,10,5862.6
5068,5935,55048,2025-02-14,Delivered,UPI,10,1795.5
5069,5936,55057,2025-12-08,Delivered,COD,0,16519.0
5070,5937,55063,2025-07-19,Delivered,Debit Card,15,5534.35
5071,5937,55065,2025-09-24,Delivered,UPI,0,4194.0
5072,5942,55095,2025-06-18,Delivered,UPI,10,1312.2
5073,5944,55110,2025-05-21,Delivered,Net Banking,0,1007.0
5074,5949,55122,2025-05-24,Returned,Net Banking,30,6319.6
5075,5949,55128,2025-09-06,Delivered,UPI,5,836.0
5076,5950,55133,2025-06-12,Delivered,Debit Card,20,828.0
5077,5953,55144,2025-01-23,Delivered,COD,0,2917.0
5078,5954,55157,2025-04-08,Delivered,Net Banking,0,3732.0
5079,5955,55169,2025-07-10,Delivered,Net Banking,30,2054.5
5080,5956,55174,2025-09-24,Delivered,Debit Card,20,1823.2
5081,5957,55181,2025-09-25,Delivered,UPI,10,829.8
5082,5958,55184,2024-11-17,Delivered,Debit Card,20,298.4
5083,5958,55195,2025-05-11,Delivered,UPI,10,622.8
5084,5958,55199,2025-07-21,Delivered,UPI,5,4712.95
5085,5959,55207,2025-04-02,Delivered,Credit Card,10,2683.8
5086,5959,55208,2025-04-05,Delivered,Credit Card,20,3278.4
5087,5959,55213,2025-05-27,Delivered,UPI,0,1664.0
5088,5963,55243,2025-04-05,Delivered,UPI,0,1890.0
5089,5963,55250,2025-06-08,Delivered,UPI,0,1755.0
5090,5964,55264,2025-06-02,Delivered,Net Banking,15,2907.85
5091,5966,55278,2025-01-24,Delivered,COD,20,2656.8
5092,5967,55293,2025-04-30,Delivered,Net Banking,10,2557.8
5093,5968,55300,2025-02-02,Delivered,Debit Card,0,6943.0
5094,5968,55309,2025-03-01,Returned,Credit Card,10,1450.8
5095,5968,55318,2025-04-09,Delivered,Debit Card,10,5229.0
5096,5971,55325,2025-11-06,Delivered,UPI,0,4118.0
5097,5974,55339,2025-11-21,Delivered,Net Banking,0,5000.0
5098,5975,55343,2025-04-21,Cancelled,Debit Card,15,935.85
5099,5976,55359,2025-01-20,Delivered,COD,30,3203.2
5100,5976,55364,2025-02-19,Delivered,COD,15,1637.1
5101,5976,55371,2025-03-26,Delivered,UPI,20,813.6
5102,5980,55399,2025-03-10,Delivered,UPI,0,3046.0
5103,5981,55412,2025-04-24,Delivered,UPI,20,1713.6
5104,5982,55433,2025-06-30,Delivered,COD,5,957.6
5105,5984,55442,2025-07-13,Delivered,Debit Card,5,2065.3
5106,5984,55443,2025-07-30,Delivered,UPI,10,2233.8
5107,5984,55446,2025-10-22,Delivered,Credit Card,15,1640.5
5108,5988,55466,2025-04-14,Delivered,COD,5,3268.95
5109,5988,55477,2025-07-19,Delivered,UPI,30,2228.8
5110,5989,55481,2025-01-27,Delivered,COD,15,3905.75
5111,5989,55483,2025-03-10,Delivered,Credit Card,20,3738.4
5112,5995,55517,2025-10-21,Delivered,UPI,30,2779.0
5113,5996,55519,2024-11-18,Returned,UPI,20,1104.0
5114,5996,55520,2024-11-22,Delivered,COD,0,1446.0
5115,5996,55522,2025-02-14,Delivered,COD,15,3264.0
5116,6005,55574,2025-01-27,Delivered,COD,0,3554.0
5117,6007,55611,2025-01-29,Delivered,UPI,20,4048.8
5118,6007,55622,2025-05-06,Delivered,Credit Card,15,1177.25
5119,6008,55626,2025-08-04,Returned,Credit Card,10,1301.4
5120,6008,55628,2025-09-20,Delivered,Credit Card,0,3705.0
5121,6012,55655,2025-05-30,Delivered,UPI,20,1089.6
5122,6012,55662,2025-06-25,Delivered,UPI,0,910.0
5123,6013,55677,2025-08-02,Delivered,Credit Card,0,3222.0
5124,6014,55688,2025-10-16,Delivered,UPI,5,2970.65
5125,6019,55734,2025-10-17,Delivered,COD,0,4917.0
5126,6021,55751,2025-01-02,Delivered,Credit Card,30,2148.3
5127,6021,55761,2025-03-16,Cancelled,Net Banking,5,1701.45
5128,6025,55792,2025-08-09,Returned,Debit Card,10,7039.8
5129,6026,55798,2025-07-12,Delivered,UPI,0,7530.0
5130,6026,55800,2025-07-30,Delivered,UPI,0,6893.0
5131,6028,55814,2025-01-30,Delivered,COD,0,4462.0
5132,6028,55820,2025-03-03,Delivered,UPI,15,1989.0
5133,6028,55822,2025-03-05,Delivered,Credit Card,0,545.0
5134,6028,55831,2025-05-06,Delivered,UPI,30,1376.2
5135,6031,55854,2025-08-25,Delivered,UPI,10,1125.9
5136,6032,55859,2024-12-03,Delivered,COD,0,4988.0
5137,6032,55872,2025-03-30,Delivered,Debit Card,5,3116.0
5138,6032,55878,2025-05-11,Delivered,UPI,15,2507.5
5139,6033,55895,2025-09-29,Delivered,Debit Card,15,2964.8
5140,6037,55928,2025-12-28,Delivered,Credit Card,5,2034.9
5141,6039,55930,2025-04-16,Delivered,Credit Card,5,1766.05
5142,6040,55939,2025-09-19,Returned,Credit Card,0,8095.0
5143,6040,55943,2025-11-03,Cancelled,Net Banking,30,3948.0
5144,6042,55973,2025-09-03,Delivered,UPI,0,1090.0
5145,6043,55985,2025-09-02,Delivered,Debit Card,0,747.0
5146,6044,56001,2025-05-21,Delivered,UPI,5,2075.75
5147,6048,56033,2025-05-24,Delivered,UPI,0,6610.0
5148,6049,56040,2025-05-29,Delivered,Debit Card,10,3652.2
5149,6053,56064,2025-01-27,Returned,Credit Card,10,2421.0
5150,6053,56066,2025-02-02,Delivered,Net Banking,0,6256.0
5151,6057,56094,2025-01-20,Delivered,Credit Card,0,746.0
5152,6057,56096,2025-03-31,Delivered,UPI,10,490.5
5153,6057,56100,2025-07-15,Returned,COD,0,9072.0
5154,6058,56104,2025-08-29,Delivered,UPI,15,1857.25
5155,6060,56114,2024-12-24,Delivered,UPI,0,366.0
5156,6062,56149,2025-07-12,Delivered,Net Banking,5,1934.2
5157,6064,56156,2025-02-14,Delivered,UPI,15,4941.05
5158,6064,56160,2025-04-13,Delivered,Debit Card,5,2409.2
5159,6064,56164,2025-06-19,Delivered,COD,0,5953.0
5160,6066,56179,2025-02-04,Delivered,UPI,10,1953.9
5161,6066,56188,2025-03-17,Delivered,Credit Card,0,2920.0
5162,6066,56192,2025-04-09,Delivered,Net Banking,10,5904.9
5163,6068,56204,2025-06-16,Delivered,Credit Card,10,2318.4
5164,6069,56209,2025-04-14,Delivered,Debit Card,30,864.5
5165,6070,56227,2025-05-07,Delivered,Debit Card,30,5420.8
5166,6072,56236,2024-12-03,Delivered,Credit Card,15,3421.25
5167,6074,56247,2025-03-26,Delivered,Credit Card,15,890.8
5168,6074,56248,2025-04-05,Delivered,UPI,10,1899.9
5169,6076,56281,2025-03-24,Delivered,UPI,10,5816.7
5170,6078,56313,2025-01-12,Delivered,Credit Card,15,3905.75
5171,6078,56315,2025-02-05,Delivered,Credit Card,10,1798.2
5172,6078,56323,2025-07-03,Cancelled,Credit Card,0,3076.0
5173,6079,56327,2025-07-16,Delivered,Net Banking,10,1566.0
5174,6079,56329,2025-07-28,Delivered,Debit Card,0,2171.0
5175,6079,56331,2025-09-13,Delivered,Credit Card,5,11206.2
5176,6080,56340,2025-04-21,Delivered,Debit Card,0,14315.0
5177,6080,56349,2025-06-09,Delivered,UPI,15,1431.4
5178,6081,56352,2025-12-01,Returned,Debit Card,30,4641.7
5179,6082,56357,2025-04-27,Cancelled,UPI,10,4184.1
5180,6084,56370,2025-06-10,Delivered,UPI,5,3140.7
5181,6084,56379,2025-08-08,Delivered,Credit Card,10,2282.4
5182,6085,56401,2025-03-24,Delivered,UPI,0,1808.0
5183,6088,56421,2025-01-18,Delivered,Debit Card,15,13535.4
5184,6088,56423,2025-02-10,Delivered,Debit Card,15,1021.7
5185,6088,56424,2025-04-06,Delivered,Debit Card,0,4986.0
5186,6092,56476,2025-09-10,Delivered,Net Banking,0,6495.0
5187,6093,56492,2025-01-12,Delivered,UPI,15,2965.65
5188,6093,56498,2025-02-04,Delivered,Net Banking,0,3585.0
5189,6093,56500,2025-03-02,Delivered,Credit Card,10,1496.7
5190,6095,56514,2025-01-07,Delivered,Net Banking,15,3221.5
5191,6101,56558,2025-10-08,Delivered,Credit Card,0,765.0
5192,6102,56559,2025-03-16,Delivered,UPI,10,1881.9
5193,6102,56560,2025-04-04,Delivered,UPI,15,3966.95
5194,6103,56572,2025-01-28,Delivered,COD,10,3908.7
5195,6103,56578,2025-05-20,Delivered,UPI,15,781.15
5196,6107,56623,2025-04-13,Delivered,UPI,30,763.0
5197,6110,56653,2025-03-24,Delivered,Credit Card,10,1584.9
5198,6110,56662,2025-07-02,Returned,UPI,15,2304.35
5199,6111,56668,2025-09-12,Delivered,Debit Card,0,2642.0
5200,6112,56671,2024-12-10,Cancelled,UPI,5,6669.95
5201,6112,56675,2024-12-31,Returned,Credit Card,10,3519.0
5202,6112,56679,2025-04-16,Returned,UPI,10,5225.4
5203,6119,56736,2025-07-01,Delivered,Credit Card,5,1155.2
5204,6124,56771,2025-02-24,Delivered,UPI,0,1372.0
5205,6125,56783,2025-06-17,Delivered,UPI,5,7165.85
5206,6127,56797,2024-12-26,Delivered,UPI,15,3461.2
5207,6127,56801,2025-02-24,Delivered,Credit Card,15,7444.3
5208,6131,56841,2025-01-07,Returned,UPI,0,2277.0
5209,6131,56844,2025-04-04,Returned,Net Banking,0,1929.0
5210,6136,56887,2025-05-15,Delivered,UPI,0,2265.0
5211,6137,56900,2025-02-22,Delivered,UPI,10,1810.8
5212,6140,56913,2025-07-30,Delivered,Debit Card,10,2139.3
5213,6142,56933,2024-12-01,Delivered,Debit Card,5,2555.5
5214,6142,56944,2025-03-22,Delivered,Credit Card,0,8508.0
5215,6142,56953,2025-05-14,Delivered,COD,10,5549.4
5216,6143,56969,2025-01-30,Delivered,UPI,0,4529.0
5217,6143,56975,2025-02-28,Delivered,Credit Card,15,592.45
5218,6144,56986,2025-07-15,Delivered,Debit Card,0,1502.0
5219,6146,56998,2025-01-21,Delivered,COD,15,3241.9
5220,6146,57001,2025-04-18,Delivered,Credit Card,20,3843.2
5221,6146,57004,2025-07-27,Returned,UPI,20,756.8
5222,6147,57005,2024-11-19,Delivered,COD,30,622.3
5223,6147,57007,2025-04-19,Delivered,UPI,0,455.0
5224,6148,57023,2024-12-16,Delivered,Credit Card,15,6069.0
5225,6148,57026,2025-01-29,Delivered,COD,15,3026.0
5226,6149,57030,2025-02-10,Delivered,COD,0,1216.0
5227,6149,57036,2025-03-15,Delivered,UPI,0,5741.0
5228,6149,57039,2025-04-15,Delivered,UPI,0,9442.0
5229,6149,57040,2025-04-23,Returned,Credit Card,5,1871.5
5230,6149,57043,2025-05-23,Delivered,Net Banking,5,1701.45
5231,6150,57049,2025-05-26,Cancelled,UPI,0,1236.0
5232,6151,57051,2025-06-10,Delivered,Net Banking,5,9920.85
5233,6152,57058,2025-01-06,Delivered,Debit Card,15,5361.8
5234,6152,57059,2025-02-20,Delivered,UPI,5,7823.25
5235,6155,57073,2025-09-06,Delivered,UPI,20,3904.0
5236,6156,57079,2025-07-15,Delivered,Credit Card,5,1394.6
5237,6157,57092,2024-12-05,Delivered,Debit Card,20,3480.0
5238,6157,57093,2024-12-21,Returned,COD,0,3306.0
5239,6157,57094,2024-12-22,Delivered,Net Banking,10,2438.1
5240,6157,57104,2025-04-17,Delivered,UPI,5,2283.8
5241,6158,57109,2024-11-14,Delivered,Net Banking,0,2093.0
5242,6158,57111,2024-11-24,Delivered,Credit Card,20,844.8
5243,6158,57125,2025-01-12,Delivered,COD,15,5118.7
5244,6159,57134,2024-11-25,Delivered,COD,15,1604.8
5245,6159,57138,2024-12-22,Delivered,UPI,10,2390.4
5246,6159,57140,2025-01-08,Delivered,UPI,10,3437.1
5247,6160,57176,2025-01-26,Delivered,UPI,15,5582.8
5248,6161,57191,2025-01-13,Delivered,COD,5,4667.35
5249,6161,57197,2025-02-23,Delivered,UPI,0,5383.0
5250,6164,57215,2025-03-18,Delivered,Debit Card,15,5979.75
5251,6168,57237,2025-07-12,Delivered,Credit Card,15,1127.1
5252,6169,57242,2025-05-23,Delivered,UPI,15,2445.45
5253,6172,57274,2025-08-01,Delivered,Credit Card,15,2890.0
5254,6172,57276,2025-09-05,Delivered,COD,0,1950.0
5255,6173,57293,2025-05-18,Delivered,COD,10,3497.4
5256,6173,57295,2025-06-12,Returned,Credit Card,0,1966.0
5257,6174,57305,2025-08-09,Returned,UPI,0,2621.0
5258,6174,57307,2025-08-22,Delivered,UPI,0,480.0
5259,6177,57336,2025-05-03,Delivered,Credit Card,15,6856.1
5260,6177,57337,2025-05-08,Delivered,UPI,0,288.0
5261,6179,57345,2025-10-19,Delivered,UPI,5,4720.55
5262,6180,57348,2024-12-20,Delivered,Debit Card,10,6201.0
5263,6180,57357,2025-05-07,Delivered,UPI,5,322.05
5264,6180,57359,2025-05-28,Delivered,Net Banking,20,1985.6
5265,6180,57361,2025-06-18,Delivered,Credit Card,10,5967.0
5266,6183,57373,2025-02-20,Delivered,UPI,20,2878.4
5267,6184,57396,2024-12-27,Returned,COD,5,2802.5
5268,6184,57400,2025-03-18,Delivered,Credit Card,20,1284.8
5269,6184,57409,2025-05-09,Delivered,UPI,15,1621.8
5270,6186,57419,2025-07-08,Delivered,Debit Card,0,7628.0
5271,6186,57421,2025-09-22,Delivered,Credit Card,15,222.7
5272,6188,57439,2025-08-08,Delivered,Debit Card,5,6612.0
5273,6188,57440,2025-08-23,Delivered,COD,10,2390.4
5274,6189,57446,2025-07-12,Delivered,UPI,10,2762.1
5275,6189,57447,2025-07-29,Delivered,UPI,30,4036.9
5276,6193,57483,2025-04-09,Delivered,COD,0,1709.0
5277,6193,57492,2025-05-27,Delivered,UPI,0,1606.0
5278,6194,57496,2025-02-12,Returned,UPI,30,1529.5
5279,6194,57498,2025-06-05,Returned,Debit Card,0,700.0
5280,6195,57506,2025-09-18,Delivered,Credit Card,20,972.8
5281,6201,57522,2025-05-06,Delivered,Credit Card,0,1388.0
5282,6201,57523,2025-05-14,Delivered,Credit Card,30,667.8
5283,6201,57524,2025-05-27,Delivered,Debit Card,10,5517.9
5284,6202,57528,2025-09-25,Delivered,Debit Card,20,1572.8
5285,6202,57529,2025-09-28,Delivered,UPI,20,1820.8
5286,6204,57541,2025-01-29,Delivered,UPI,15,5082.15
5287,6205,57554,2024-12-12,Returned,Credit Card,5,859.75
5288,6205,57559,2025-01-17,Delivered,Debit Card,0,2404.0
5289,6206,57573,2025-10-09,Returned,UPI,10,1812.6
5290,6207,57578,2025-06-30,Delivered,UPI,20,543.2
5291,6209,57581,2025-11-27,Delivered,UPI,0,1056.0
5292,6211,57591,2024-11-15,Returned,UPI,10,2369.7
5293,6211,57592,2024-11-24,Delivered,COD,5,898.7
5294,6211,57594,2024-12-05,Delivered,UPI,5,4393.75
5295,6211,57607,2025-03-18,Returned,UPI,5,4124.9
5296,6211,57615,2025-04-04,Delivered,Credit Card,0,674.0
5297,6217,57652,2025-02-04,Delivered,Credit Card,0,789.0
5298,6217,57658,2025-04-12,Delivered,Credit Card,5,3291.75
5299,6219,57665,2024-11-14,Delivered,Net Banking,0,1664.0
5300,6219,57670,2024-11-25,Delivered,UPI,5,3540.65
5301,6219,57687,2025-03-06,Delivered,UPI,20,5240.8
5302,6220,57692,2024-12-22,Delivered,UPI,0,7284.0
5303,6222,57702,2024-12-10,Delivered,COD,10,7992.9
5304,6225,57725,2025-08-15,Delivered,UPI,5,3083.7
5305,6225,57727,2025-08-25,Delivered,UPI,0,2090.0
5306,6227,57740,2025-01-28,Delivered,UPI,20,762.4
5307,6229,57767,2025-04-08,Returned,Credit Card,0,4779.0
5308,6232,57792,2024-12-11,Delivered,Net Banking,10,2593.8
5309,6232,57793,2024-12-26,Delivered,Credit Card,5,6447.65
5310,6232,57795,2025-01-30,Delivered,UPI,20,5005.6
5311,6232,57797,2025-04-19,Delivered,COD,30,689.5
5312,6233,57825,2025-07-05,Delivered,UPI,0,4112.0
5313,6233,57827,2025-07-20,Delivered,UPI,0,5663.0
5314,6234,57828,2025-01-10,Delivered,UPI,15,2353.65
5315,6235,57833,2025-07-24,Delivered,UPI,0,1005.0
5316,6237,57849,2025-05-31,Delivered,Credit Card,10,453.6
5317,6237,57856,2025-08-04,Cancelled,Debit Card,15,1247.8
5318,6240,57867,2024-12-28,Returned,Credit Card,5,1149.5
5319,6240,57870,2025-01-13,Delivered,COD,0,10756.0
5320,6240,57874,2025-03-13,Delivered,COD,20,1936.0
5321,6240,57876,2025-04-06,Delivered,UPI,0,366.0
5322,6241,57885,2025-03-31,Delivered,Net Banking,0,2872.0
5323,6241,57892,2025-06-26,Delivered,Net Banking,5,5605.0
5324,6243,57900,2025-01-04,Delivered,Debit Card,10,1507.5
5325,6247,57935,2025-12-12,Delivered,Debit Card,30,5432.0
5326,6251,57959,2025-06-10,Delivered,UPI,10,3283.2
5327,6252,57978,2025-02-09,Delivered,Net Banking,10,3700.8
5328,6252,57980,2025-02-24,Delivered,Debit Card,0,3244.0
5329,6253,57996,2025-05-29,Delivered,Credit Card,0,2387.0
5330,6253,58000,2025-07-06,Delivered,Credit Card,20,2627.2
5331,6256,58027,2025-03-08,Delivered,Net Banking,20,3904.0
5332,6256,58032,2025-04-22,Delivered,Credit Card,30,1164.1
5333,6257,58042,2025-12-11,Delivered,Credit Card,15,957.95
5334,6259,58051,2025-10-08,Delivered,COD,10,5769.0
5335,6261,58063,2024-11-20,Cancelled,COD,30,996.8
5336,6261,58072,2025-02-20,Delivered,Credit Card,15,3303.1
5337,6262,58089,2025-06-08,Delivered,Debit Card,10,2178.0
5338,6270,58128,2025-07-13,Cancelled,Credit Card,10,2438.1
5339,6272,58146,2025-03-01,Delivered,COD,5,414.2
5340,6273,58155,2025-04-26,Delivered,Net Banking,10,1150.2
5341,6273,58156,2025-05-09,Delivered,Debit Card,0,3989.0
5342,6273,58161,2025-07-13,Delivered,UPI,5,2006.4
5343,6274,58167,2025-05-07,Delivered,UPI,5,1061.15
5344,6275,58178,2025-10-10,Delivered,UPI,10,4302.9
5345,6276,58185,2025-07-16,Delivered,Credit Card,0,4880.0
5346,6276,58188,2025-10-16,Delivered,UPI,20,2877.6
5347,6277,58194,2025-06-28,Delivered,UPI,0,919.0
5348,6278,58203,2025-06-06,Delivered,Credit Card,15,2255.05
5349,6278,58211,2025-08-27,Returned,Credit Card,20,2790.4
5350,6279,58220,2024-12-25,Delivered,UPI,0,1961.0
5351,6279,58232,2025-03-12,Delivered,Net Banking,0,2368.0
5352,6279,58234,2025-03-27,Delivered,Credit Card,20,2460.8
5353,6285,58267,2025-09-16,Delivered,UPI,0,1491.0
5354,6286,58276,2025-09-29,Delivered,Debit Card,0,6959.0
5355,6287,58287,2025-05-15,Delivered,UPI,15,2621.4
5356,6287,58291,2025-06-21,Delivered,UPI,10,1560.6
5357,6288,58303,2025-02-16,Delivered,UPI,20,3534.4
5358,6288,58313,2025-04-25,Delivered,Debit Card,5,2367.4
5359,6289,58329,2025-05-11,Delivered,Credit Card,20,4955.2
5360,6290,58350,2025-06-18,Delivered,UPI,0,2111.0
5361,6291,58354,2024-11-20,Delivered,COD,15,2757.4
5362,6291,58355,2024-11-21,Delivered,Credit Card,15,7903.3
5363,6291,58360,2024-12-21,Returned,Debit Card,20,4788.0
5364,6293,58380,2025-05-10,Delivered,Credit Card,10,806.4
5365,6294,58392,2025-09-20,Delivered,Credit Card,0,2382.0
5366,6294,58396,2025-12-19,Delivered,Credit Card,0,1323.0
5367,6295,58407,2025-03-30,Delivered,Credit Card,0,3488.0
5368,6295,58410,2025-04-11,Delivered,UPI,10,3172.5
5369,6299,58459,2025-07-25,Delivered,UPI,0,3439.0
5370,6299,58460,2025-09-03,Delivered,Credit Card,10,4824.0
5371,6300,58474,2025-05-12,Delivered,UPI,0,3880.0
5372,6300,58476,2025-06-01,Returned,Credit Card,0,568.0
5373,6301,58480,2025-05-18,Delivered,COD,0,1966.0
5374,6302,58485,2025-10-04,Delivered,UPI,5,6739.3
5375,6303,58490,2025-07-27,Delivered,UPI,0,3418.0
5376,6304,58500,2025-08-28,Delivered,UPI,15,3986.5
5377,6305,58506,2025-10-18,Delivered,UPI,10,904.5
5378,6308,58515,2025-11-28,Delivered,Credit Card,10,3519.0
5379,6310,58526,2025-03-19,Delivered,COD,0,11825.0
5380,6312,58555,2025-04-13,Delivered,UPI,0,4228.0
5381,6312,58557,2025-04-15,Delivered,Debit Card,0,953.0
5382,6312,58558,2025-04-18,Delivered,Credit Card,15,7528.45
5383,6312,58559,2025-04-20,Delivered,UPI,0,1622.0
5384,6313,58568,2025-11-25,Delivered,COD,20,2816.0
5385,6317,58587,2025-06-07,Returned,UPI,0,4797.0
5386,6318,58600,2025-05-17,Delivered,Credit Card,5,2623.9
5387,6321,58621,2024-12-26,Delivered,Credit Card,15,2271.2
5388,6321,58629,2025-02-21,Delivered,UPI,15,4576.4
5389,6321,58636,2025-06-17,Delivered,Debit Card,10,335.7
5390,6321,58638,2025-07-02,Delivered,UPI,0,8213.0
5391,6322,58641,2025-03-28,Delivered,UPI,5,5640.15
5392,6322,58648,2025-09-13,Delivered,UPI,0,1791.0
5393,6324,58657,2025-09-23,Delivered,COD,15,7145.95
5394,6329,58688,2025-01-03,Delivered,Credit Card,30,2441.6
5395,6329,58694,2025-02-08,Delivered,UPI,5,6664.25
5396,6329,58700,2025-06-23,Delivered,Net Banking,0,1562.0
5397,6332,58709,2025-10-29,Delivered,UPI,0,1983.0
5398,6336,58730,2025-07-20,Delivered,Debit Card,0,1220.0
5399,6336,58731,2025-07-28,Delivered,UPI,0,3263.0
5400,6336,58732,2025-07-29,Delivered,Credit Card,0,3814.0
5401,6338,58746,2025-05-18,Delivered,Credit Card,30,770.7
5402,6339,58757,2024-12-16,Delivered,Credit Card,0,9834.0
5403,6339,58764,2025-03-03,Delivered,UPI,20,2455.2
5404,6340,58776,2025-08-09,Delivered,Debit Card,10,3483.9
5405,6341,58787,2025-04-22,Delivered,COD,10,728.1
5406,6341,58790,2025-06-13,Delivered,COD,20,3392.0
5407,6343,58816,2025-10-22,Delivered,UPI,0,1392.0
5408,6344,58820,2025-06-22,Delivered,COD,0,3409.0
5409,6347,58836,2025-05-23,Delivered,COD,0,3228.0
5410,6351,58865,2025-09-22,Delivered,UPI,0,3297.0
5411,6352,58871,2025-04-16,Delivered,UPI,5,2520.35
5412,6355,58904,2025-09-14,Delivered,UPI,0,6771.0
5413,6355,58908,2025-12-06,Delivered,Debit Card,0,1808.0
5414,6357,58921,2025-08-24,Delivered,UPI,5,3960.55
5415,6360,58939,2025-04-13,Delivered,UPI,5,4079.3
5416,6360,58951,2025-06-24,Cancelled,Debit Card,0,889.0
5417,6364,58975,2025-04-03,Returned,UPI,10,912.6
5418,6366,58997,2025-11-30,Delivered,UPI,0,6546.0
5419,6367,59000,2025-04-15,Delivered,UPI,20,2432.8
5420,6367,59007,2025-08-25,Delivered,Credit Card,0,1201.0
5421,6373,59028,2024-11-13,Delivered,COD,0,1177.0
5422,6373,59035,2025-01-25,Delivered,Debit Card,5,1690.05
5423,6374,59052,2025-10-10,Delivered,Credit Card,10,6742.8
5424,6377,59078,2025-05-04,Delivered,Credit Card,5,2724.6
5425,6382,59106,2025-08-22,Delivered,UPI,0,2892.0
5426,6382,59107,2025-08-23,Delivered,Net Banking,5,4197.1
5427,6382,59109,2025-09-01,Delivered,Net Banking,10,5477.4
5428,6386,59133,2025-05-10,Delivered,UPI,0,1013.0
5429,6386,59137,2025-06-24,Delivered,Credit Card,5,3097.95
5430,6388,59157,2025-08-25,Delivered,COD,0,10323.0
5431,6389,59160,2025-08-20,Delivered,Credit Card,5,3738.25
5432,6391,59164,2025-03-02,Delivered,Net Banking,0,2771.0
5433,6392,59185,2025-04-27,Delivered,Debit Card,10,471.6
5434,6393,59188,2025-08-22,Cancelled,Debit Card,20,1894.4
5435,6393,59191,2025-09-10,Delivered,UPI,10,1446.3
5436,6394,59196,2025-03-31,Delivered,Credit Card,10,2190.6
5437,6394,59202,2025-07-14,Delivered,UPI,0,6097.0
5438,6398,59221,2025-04-11,Delivered,UPI,0,3230.0
5439,6398,59226,2025-05-20,Returned,Debit Card,10,1048.5
5440,6400,59263,2025-09-29,Delivered,UPI,0,2438.0
5441,6403,59283,2025-11-01,Delivered,Credit Card,0,320.0
5442,6404,59289,2025-05-03,Delivered,Net Banking,0,2815.0
5443,6405,59297,2025-06-16,Delivered,UPI,10,2008.8
5444,6405,59307,2025-10-16,Delivered,UPI,10,4757.4
5445,6406,59309,2025-01-23,Delivered,Credit Card,10,1955.7
5446,6407,59334,2025-04-16,Delivered,Credit Card,5,749.55
5447,6408,59345,2025-05-24,Delivered,UPI,20,1335.2
5448,6409,59364,2025-04-01,Delivered,UPI,5,517.75
5449,6411,59376,2025-03-06,Delivered,Debit Card,10,672.3
5450,6412,59388,2024-12-28,Delivered,Debit Card,0,1138.0
5451,6412,59391,2025-02-07,Delivered,Net Banking,20,4977.6
5452,6416,59413,2025-04-06,Delivered,UPI,0,954.0
5453,6416,59422,2025-06-13,Delivered,Credit Card,10,4927.5
5454,6416,59423,2025-06-21,Delivered,Debit Card,0,7705.0
5455,6417,59427,2025-08-10,Delivered,UPI,0,2153.0
5456,6417,59428,2025-09-15,Delivered,Debit Card,0,2892.0
5457,6418,59437,2025-01-05,Delivered,COD,5,1188.45
5458,6418,59443,2025-02-23,Delivered,Debit Card,0,3295.0
5459,6418,59446,2025-03-12,Delivered,Net Banking,10,4824.0
5460,6419,59470,2025-03-27,Delivered,UPI,0,366.0
5461,6420,59485,2025-07-07,Delivered,Credit Card,0,2585.0
5462,6421,59499,2025-12-01,Delivered,COD,0,8732.0
5463,6422,59501,2025-08-26,Delivered,UPI,10,1612.8
5464,6423,59515,2025-06-02,Delivered,COD,30,2470.3
5465,6424,59520,2025-06-05,Delivered,UPI,0,3877.0
5466,6424,59528,2025-08-03,Delivered,Debit Card,15,2435.25
5467,6424,59530,2025-08-14,Delivered,Credit Card,10,1773.0
5468,6426,59535,2025-01-27,Returned,UPI,10,2398.5
5469,6426,59548,2025-04-22,Delivered,Credit Card,20,3854.4
5470,6426,59550,2025-05-10,Delivered,Net Banking,10,3596.4
5471,6426,59552,2025-05-30,Delivered,UPI,30,1554.0
5472,6427,59557,2024-11-29,Delivered,COD,0,3308.0
5473,6427,59564,2024-12-27,Delivered,UPI,0,1622.0
5474,6427,59575,2025-04-06,Delivered,UPI,0,6803.0
5475,6428,59581,2025-07-08,Delivered,UPI,0,2783.0
5476,6428,59583,2025-07-21,Delivered,UPI,10,1998.9
5477,6429,59589,2024-12-11,Delivered,COD,0,1961.0
5478,6429,59608,2025-03-21,Delivered,Debit Card,30,851.2
5479,6430,59613,2025-05-28,Delivered,COD,10,4971.6
5480,6430,59620,2025-09-13,Delivered,Debit Card,0,812.0
5481,6431,59631,2025-06-05,Delivered,UPI,15,3103.35
5482,6431,59638,2025-06-28,Delivered,COD,0,4930.0
5483,6434,59652,2025-05-11,Delivered,UPI,0,1066.0
5484,6434,59654,2025-07-08,Delivered,COD,0,3645.0
5485,6438,59682,2025-04-27,Delivered,Debit Card,15,1765.45
5486,6445,59733,2025-10-25,Delivered,UPI,20,6244.8
5487,6446,59739,2025-04-17,Returned,Credit Card,15,3084.65
5488,6446,59747,2025-07-06,Delivered,Debit Card,15,3692.4
5489,6446,59748,2025-07-10,Delivered,Net Banking,10,9085.5
5490,6447,59757,2025-07-04,Delivered,UPI,20,3562.4
5491,6452,59817,2025-05-15,Delivered,UPI,15,3931.25
5492,6453,59836,2025-08-28,Delivered,UPI,10,1249.2
5493,6454,59847,2025-07-04,Delivered,Credit Card,10,2850.3
5494,6457,59868,2024-11-21,Delivered,UPI,15,7179.95
5495,6457,59879,2025-01-30,Delivered,Net Banking,0,1983.0
5496,6457,59880,2025-02-06,Delivered,UPI,15,2903.6
5497,6459,59898,2025-07-23,Delivered,COD,15,2116.5
5498,6464,59945,2024-12-18,Delivered,Debit Card,0,1851.0
5499,6465,59947,2025-06-16,Delivered,UPI,20,3676.0
5500,6465,59955,2025-09-14,Delivered,Credit Card,0,5494.0
5501,6466,59969,2025-07-13,Delivered,UPI,5,1373.7
5502,6467,59972,2024-11-27,Delivered,COD,20,454.4
5503,6467,59981,2025-01-11,Returned,Net Banking,15,9450.3
5504,6467,59984,2025-02-13,Delivered,Net Banking,20,2008.8
5505,6468,59995,2025-10-29,Delivered,COD,10,2147.4
5506,6469,59999,2025-11-05,Delivered,UPI,20,5752.8
5507,6473,60048,2025-08-15,Delivered,COD,20,7612.8
5508,6475,60060,2025-01-21,Returned,UPI,0,7874.0
5509,6475,60064,2025-02-01,Delivered,Credit Card,15,2572.1
5510,6475,60065,2025-02-04,Delivered,Debit Card,10,453.6
5511,6475,60072,2025-04-03,Returned,Debit Card,0,2402.0
5512,6479,60099,2025-03-07,Delivered,UPI,0,1181.0
5513,6483,60132,2024-12-19,Returned,UPI,15,430.95
5514,6483,60137,2025-01-25,Delivered,UPI,5,2274.3
5515,6483,60139,2025-02-05,Cancelled,Credit Card,5,1155.2
5516,6483,60141,2025-04-07,Delivered,Debit Card,20,269.6
5517,6483,60146,2025-04-27,Delivered,COD,10,9889.2
5518,6484,60156,2025-03-08,Delivered,Net Banking,0,7920.0
5519,6484,60158,2025-03-29,Delivered,UPI,0,4452.0
5520,6485,60163,2024-11-28,Delivered,Debit Card,20,1736.8
5521,6487,60183,2025-03-17,Returned,Debit Card,0,13097.0
5522,6487,60186,2025-06-17,Delivered,UPI,0,4644.0
5523,6488,60192,2025-11-21,Delivered,COD,10,1005.3
5524,6489,60193,2025-07-26,Delivered,UPI,15,2629.05
5525,6490,60212,2025-07-03,Delivered,Credit Card,0,6195.0
5526,6493,60226,2025-11-06,Delivered,COD,20,1110.4
5527,6495,60227,2025-08-09,Delivered,Net Banking,5,2447.2
5528,6498,60263,2025-05-09,Delivered,Net Banking,0,3979.0
5529,6498,60267,2025-06-29,Delivered,Credit Card,0,3893.0
5530,6502,60292,2024-11-25,Delivered,Credit Card,20,2149.6
5531,6502,60300,2025-05-30,Delivered,Net Banking,20,1113.6
5532,6508,60349,2025-10-10,Delivered,Credit Card,5,1301.5
5533,6510,60357,2025-02-27,Delivered,Net Banking,0,2869.0
5534,6511,60375,2025-04-16,Delivered,Debit Card,10,3108.6
5535,6511,60389,2025-06-17,Delivered,Debit Card,10,3016.8
5536,6512,60391,2025-11-26,Delivered,UPI,0,1184.0
5537,6513,60395,2025-07-15,Delivered,COD,10,5533.2
5538,6514,60397,2025-06-16,Delivered,COD,20,735.2
5539,6514,60399,2025-10-25,Delivered,UPI,5,5411.2
5540,6515,60406,2025-05-05,Delivered,Credit Card,5,8202.3
5541,6518,60431,2025-01-05,Delivered,UPI,0,2585.0
5542,6518,60444,2025-07-25,Delivered,Debit Card,0,5335.0
5543,6519,60447,2025-01-20,Delivered,Credit Card,15,1418.65
5544,6519,60450,2025-02-03,Delivered,UPI,0,3645.0
5545,6519,60460,2025-04-05,Delivered,COD,15,4707.3
5546,6519,60463,2025-05-01,Delivered,COD,20,5586.4
5547,6520,60472,2025-09-15,Delivered,UPI,10,3920.4
5548,6522,60473,2025-04-24,Delivered,Credit Card,20,8280.0
5549,6522,60477,2025-06-14,Delivered,COD,10,2655.0
5550,6522,60479,2025-07-21,Returned,Credit Card,20,3497.6
5551,6524,60490,2025-08-09,Delivered,UPI,5,8701.05
5552,6529,60517,2024-11-19,Delivered,Credit Card,0,2310.0
5553,6529,60536,2025-04-17,Delivered,COD,20,2693.6
5554,6530,60546,2025-07-30,Delivered,Debit Card,0,2956.0
5555,6535,60570,2025-03-27,Delivered,Credit Card,0,1245.0
5556,6536,60576,2025-10-14,Delivered,UPI,10,5526.0
5557,6537,60593,2025-08-10,Delivered,UPI,20,1823.2
5558,6542,60600,2025-01-31,Delivered,COD,20,5240.0
5559,6544,60625,2025-09-16,Delivered,COD,10,6474.6
5560,6548,60674,2025-06-21,Delivered,Credit Card,5,1426.9
5561,6551,60705,2025-01-10,Delivered,UPI,0,4052.0
5562,6551,60714,2025-02-20,Delivered,Credit Card,0,3263.0
5563,6551,60719,2025-04-16,Delivered,UPI,20,6590.4
5564,6553,60725,2025-01-25,Delivered,UPI,0,3263.0
5565,6555,60755,2025-01-31,Delivered,UPI,0,1180.0
5566,6557,60786,2025-01-16,Delivered,Credit Card,0,1379.0
5567,6557,60787,2025-01-31,Delivered,Net Banking,5,2682.8
5568,6558,60792,2025-05-18,Delivered,Credit Card,5,2346.5
5569,6558,60795,2025-10-01,Delivered,UPI,15,1414.4
5570,6558,60796,2025-10-19,Delivered,UPI,15,3119.5
5571,6559,60799,2024-11-30,Delivered,Credit Card,10,2469.6
5572,6560,60813,2025-05-03,Delivered,UPI,20,3904.0
5573,6560,60816,2025-06-07,Delivered,Credit Card,0,765.0
5574,6560,60823,2025-07-13,Delivered,UPI,20,1748.0
5575,6561,60829,2025-03-24,Delivered,UPI,20,3695.2
5576,6561,60831,2025-05-22,Delivered,COD,10,8481.6
5577,6564,60846,2025-08-16,Delivered,Net Banking,0,12499.0
5578,6564,60847,2025-08-20,Delivered,UPI,0,7298.0
5579,6566,60868,2025-03-27,Delivered,COD,5,5398.85
5580,6566,60873,2025-04-11,Delivered,Credit Card,0,7285.0
5581,6569,60884,2025-09-05,Delivered,COD,0,5754.0
5582,6570,60890,2025-04-02,Delivered,Debit Card,5,539.6
5583,6575,60926,2025-01-04,Delivered,UPI,10,2438.1
5584,6575,60932,2025-02-18,Delivered,Credit Card,0,11361.0
5585,6575,60945,2025-04-28,Delivered,UPI,10,2008.8
5586,6576,60949,2024-12-21,Delivered,UPI,10,1611.9
5587,6576,60951,2024-12-31,Returned,UPI,10,829.8
5588,6576,60955,2025-01-28,Delivered,Credit Card,10,1351.8
5589,6576,60967,2025-02-25,Delivered,UPI,10,1005.3
5590,6578,60980,2025-03-28,Delivered,Credit Card,0,938.0
5591,6579,61000,2024-12-23,Delivered,Credit Card,15,879.75
5592,6580,61019,2025-01-30,Delivered,Debit Card,0,2576.0
5593,6580,61024,2025-02-13,Delivered,UPI,5,2109.95
5594,6582,61045,2025-07-30,Delivered,COD,0,507.0
5595,6583,61056,2025-09-10,Delivered,UPI,5,7129.75
5596,6585,61064,2025-01-06,Delivered,UPI,15,370.6
5597,6585,61074,2025-04-11,Returned,Credit Card,20,3612.8
5598,6585,61079,2025-05-11,Delivered,Credit Card,10,10304.1
5599,6585,61080,2025-05-12,Delivered,UPI,10,1836.9
5600,6585,61081,2025-05-21,Returned,Credit Card,5,836.0
5601,6590,61112,2025-02-09,Delivered,COD,10,3245.4
5602,6593,61149,2024-11-05,Delivered,UPI,5,5077.75
5603,6597,61180,2025-02-23,Delivered,UPI,0,2709.0
5604,6597,61181,2025-03-10,Delivered,COD,10,2318.4
5605,6597,61189,2025-08-09,Delivered,COD,20,3744.8
5606,6597,61193,2025-10-11,Delivered,Net Banking,10,1233.0
5607,6598,61194,2025-01-21,Delivered,Credit Card,15,917.15
5608,6598,61196,2025-02-22,Delivered,Debit Card,0,2690.0
5609,6599,61202,2025-01-26,Delivered,Credit Card,20,4194.4
5610,6599,61205,2025-02-12,Delivered,Credit Card,0,985.0
5611,6599,61206,2025-02-13,Delivered,Credit Card,10,1330.2
5612,6599,61217,2025-04-08,Delivered,Net Banking,0,802.0
5613,6600,61222,2025-08-08,Delivered,Credit Card,10,511.2
5614,6601,61237,2025-08-22,Delivered,Debit Card,20,2091.2
5615,6602,61241,2025-07-29,Returned,Debit Card,10,1701.0
5616,6603,61245,2025-06-01,Delivered,COD,20,1894.4
5617,6606,61275,2024-12-28,Delivered,Net Banking,0,1851.0
5618,6606,61281,2025-02-19,Delivered,Credit Card,5,5323.8
5619,6606,61293,2025-07-23,Delivered,UPI,20,2660.8
5620,6607,61296,2025-11-26,Delivered,UPI,15,408.0
5621,6608,61299,2025-04-23,Returned,Credit Card,15,4086.8
5622,6610,61311,2025-03-24,Delivered,Net Banking,10,1659.6
5623,6611,61319,2025-05-17,Delivered,UPI,10,2219.4
5624,6612,61327,2025-02-19,Delivered,Debit Card,5,4987.5
5625,6613,61350,2025-07-19,Delivered,Credit Card,15,4022.2
5626,6613,61352,2025-08-01,Delivered,Net Banking,10,3015.0
5627,6614,61358,2025-05-03,Delivered,UPI,5,5699.05
5628,6615,61363,2025-03-22,Delivered,UPI,10,4365.0
5629,6615,61364,2025-05-03,Cancelled,Debit Card,10,1081.8
5630,6618,61404,2025-03-05,Delivered,UPI,10,2860.2
5631,6621,61433,2025-03-25,Delivered,UPI,0,1880.0
5632,6624,61457,2025-07-25,Delivered,Credit Card,15,6656.35
5633,6625,61459,2025-06-16,Delivered,Credit Card,15,5408.55
5634,6626,61471,2025-08-01,Delivered,UPI,0,1372.0
5635,6626,61474,2025-10-27,Delivered,COD,0,4617.0
5636,6627,61484,2025-03-10,Returned,UPI,5,6272.85
5637,6627,61485,2025-03-19,Delivered,Net Banking,15,3502.85
5638,6627,61496,2025-05-25,Delivered,Credit Card,15,2147.95
5639,6628,61501,2025-05-07,Delivered,UPI,10,453.6
5640,6631,61520,2024-12-16,Delivered,Debit Card,0,4389.0
5641,6631,61528,2025-01-07,Delivered,UPI,15,2185.35
5642,6632,61540,2025-12-09,Returned,Debit Card,15,974.1
5643,6634,61557,2025-03-13,Delivered,Debit Card,0,2950.0
5644,6634,61570,2025-07-02,Cancelled,UPI,20,3982.4
5645,6635,61580,2025-12-03,Delivered,UPI,10,4275.0
5646,6636,61583,2025-07-15,Delivered,Credit Card,0,4811.0
5647,6638,61596,2025-11-03,Delivered,Credit Card,10,2533.5
5648,6640,61608,2024-12-26,Delivered,UPI,10,7887.6
5649,6643,61637,2025-08-03,Delivered,COD,0,2240.0
5650,6644,61641,2025-11-03,Returned,COD,20,2876.8
5651,6646,61656,2025-06-26,Returned,Credit Card,10,1242.0
5652,6648,61679,2025-03-26,Delivered,Net Banking,15,5468.05
5653,6648,61683,2025-04-14,Delivered,Debit Card,0,1872.0
5654,6650,61698,2025-10-28,Delivered,Credit Card,0,2504.0
5655,6650,61699,2025-10-31,Delivered,COD,0,3760.0
5656,6650,61700,2025-11-06,Delivered,Credit Card,0,4065.0
5657,6652,61704,2025-09-23,Returned,UPI,15,11787.8
5658,6652,61706,2025-11-17,Delivered,UPI,5,733.4
5659,6652,61707,2025-11-20,Delivered,Credit Card,10,7516.8
5660,6653,61719,2025-03-13,Delivered,Debit Card,15,3624.4
5661,6656,61737,2025-05-01,Delivered,COD,0,4500.0
5662,6662,61776,2025-03-25,Delivered,COD,0,802.0
5663,6663,61783,2025-02-14,Delivered,Debit Card,5,8071.2
5664,6663,61794,2025-05-20,Delivered,Debit Card,0,2869.0
5665,6666,61805,2025-10-23,Delivered,UPI,5,2565.95
5666,6667,61809,2024-12-27,Delivered,UPI,15,6275.55
5667,6668,61821,2025-10-03,Delivered,Credit Card,5,5031.2
5668,6670,61826,2024-11-18,Delivered,UPI,0,4504.0
5669,6671,61843,2025-08-08,Delivered,COD,0,1035.0
5670,6672,61849,2025-08-11,Delivered,Credit Card,5,5618.3
5671,6673,61850,2025-01-04,Delivered,UPI,10,7682.4
5672,6673,61857,2025-02-04,Delivered,UPI,15,7907.55
5673,6673,61864,2025-03-21,Delivered,UPI,15,2061.25
5674,6674,61880,2024-11-29,Delivered,Debit Card,15,4725.15
5675,6674,61884,2024-12-18,Delivered,Net Banking,0,1251.0
5676,6674,61895,2025-02-10,Delivered,UPI,20,1242.4
5677,6675,61898,2025-05-05,Delivered,UPI,30,1856.4
5678,6675,61907,2025-06-06,Returned,Credit Card,5,5129.05
5679,6675,61909,2025-06-22,Delivered,Credit Card,0,8832.0
5680,6676,61915,2025-06-09,Delivered,UPI,15,1711.9
5681,6677,61921,2025-03-27,Delivered,UPI,0,2912.0
5682,6677,61932,2025-08-21,Delivered,UPI,0,5030.0
5683,6682,61958,2025-06-07,Delivered,Net Banking,0,3669.0
5684,6682,61959,2025-06-12,Delivered,COD,0,3349.0
5685,6682,61960,2025-07-04,Delivered,UPI,0,3449.0
5686,6685,61993,2025-03-17,Delivered,Net Banking,5,8970.85
5687,6687,62018,2025-08-26,Returned,COD,15,863.6
5688,6688,62021,2025-03-11,Returned,Net Banking,0,697.0
5689,6688,62030,2025-05-13,Delivered,Credit Card,5,2871.85
5690,6688,62033,2025-05-28,Delivered,COD,10,4775.4
5691,6689,62042,2025-08-06,Delivered,UPI,5,2573.55
5692,6690,62044,2025-05-29,Delivered,UPI,30,1214.5
5693,6691,62054,2025-06-18,Delivered,Credit Card,30,703.5
5694,6692,62060,2025-05-25,Returned,Debit Card,5,5005.55
5695,6693,62066,2025-04-30,Returned,Credit Card,15,2109.7
5696,6696,62089,2025-09-22,Delivered,COD,10,5622.3
5697,6698,62095,2025-11-12,Delivered,UPI,0,4418.0
5698,6699,62100,2025-07-01,Delivered,Net Banking,10,2596.5
5699,6699,62102,2025-08-10,Delivered,Credit Card,5,810.35
5700,6700,62111,2025-10-25,Delivered,UPI,10,2552.4
5701,6702,62132,2025-03-16,Delivered,UPI,10,4254.3
5702,6702,62138,2025-04-21,Delivered,COD,15,1418.65
5703,6703,62141,2024-11-23,Delivered,Credit Card,5,4451.7
5704,6706,62170,2025-08-01,Delivered,Debit Card,10,1341.9
5705,6706,62173,2025-08-27,Delivered,Credit Card,10,3807.0
5706,6708,62181,2025-06-30,Delivered,UPI,5,5147.1
5707,6712,62190,2025-03-29,Delivered,COD,30,2669.8
5708,6712,62195,2025-06-21,Delivered,Credit Card,20,2620.8
5709,6712,62199,2025-09-13,Delivered,UPI,10,5029.2
5710,6713,62203,2025-03-23,Delivered,Credit Card,0,2385.0
5711,6717,62233,2025-05-12,Delivered,UPI,0,5710.0
5712,6720,62243,2025-01-10,Delivered,UPI,10,1120.5
5713,6720,62251,2025-02-11,Delivered,COD,0,2576.0
5714,6723,62270,2025-06-08,Delivered,Debit Card,10,4308.3
5715,6725,62290,2025-10-01,Delivered,Debit Card,10,2318.4
5716,6728,62317,2025-07-22,Delivered,Credit Card,0,6257.0
5717,6728,62319,2025-07-24,Cancelled,UPI,10,2936.7
5718,6729,62342,2025-01-30,Delivered,COD,20,1596.0
5719,6730,62351,2025-09-15,Delivered,UPI,15,1711.9
5720,6731,62353,2025-02-12,Delivered,UPI,0,4768.0
5721,6732,62368,2025-04-29,Delivered,Debit Card,10,2502.9
5722,6733,62379,2025-07-18,Delivered,COD,5,2527.0
5723,6735,62394,2024-12-06,Delivered,UPI,15,4370.7
5724,6735,62397,2025-01-04,Delivered,UPI,15,2882.35
5725,6735,62398,2025-01-05,Delivered,Net Banking,20,528.8
5726,6735,62399,2025-01-07,Delivered,Credit Card,5,640.3
5727,6735,62403,2025-01-18,Delivered,UPI,0,3263.0
5728,6737,62422,2024-11-20,Delivered,Debit Card,0,2036.0
5729,6737,62427,2025-01-02,Delivered,Debit Card,0,11697.0
5730,6737,62428,2025-01-11,Delivered,Debit Card,0,2492.0
5731,6737,62433,2025-02-26,Delivered,COD,0,337.0
5732,6737,62437,2025-04-19,Delivered,Credit Card,0,3259.0
5733,6740,62462,2024-11-30,Delivered,UPI,0,4974.0
5734,6740,62464,2025-01-18,Delivered,UPI,30,1316.0
5735,6740,62468,2025-05-21,Delivered,Debit Card,15,1012.35
5736,6741,62477,2025-12-03,Delivered,COD,10,3245.4
5737,6743,62493,2025-04-07,Delivered,Net Banking,5,4919.1
5738,6744,62506,2025-07-31,Delivered,Credit Card,20,1504.0
5739,6750,62544,2025-05-24,Delivered,UPI,15,1840.25
5740,6750,62550,2025-10-11,Delivered,Credit Card,15,5461.25
5741,6751,62552,2025-07-07,Delivered,COD,15,4148.0
5742,6751,62558,2025-09-05,Delivered,COD,0,2200.0
5743,6755,62578,2025-02-15,Delivered,UPI,15,6941.1
5744,6758,62591,2025-02-09,Delivered,Credit Card,0,1388.0
5745,6758,62592,2025-02-18,Delivered,Credit Card,20,2434.4
5746,6758,62597,2025-04-28,Delivered,Credit Card,5,995.6
5747,6761,62622,2025-09-25,Cancelled,Credit Card,5,3781.95
5748,6762,62625,2025-10-05,Delivered,Credit Card,10,3106.8
5749,6765,62646,2025-02-01,Delivered,UPI,0,1582.0
5750,6765,62648,2025-03-19,Delivered,UPI,5,2174.55
5751,6766,62658,2025-02-12,Delivered,UPI,5,2316.1
5752,6774,62718,2025-07-10,Delivered,COD,20,4844.8
5753,6774,62720,2025-08-09,Delivered,UPI,15,4573.85
5754,6781,62745,2025-10-15,Delivered,COD,10,1198.8
5755,6782,62750,2025-04-28,Delivered,UPI,20,1823.2
5756,6784,62752,2024-11-15,Delivered,Credit Card,0,4376.0
5757,6784,62756,2025-02-03,Delivered,UPI,10,1534.5
5758,6784,62758,2025-04-25,Delivered,Credit Card,0,3243.0
5759,6784,62766,2025-08-15,Delivered,UPI,15,1028.5
5760,6786,62773,2025-10-10,Delivered,Debit Card,10,1312.2
5761,6787,62777,2025-01-16,Delivered,UPI,5,2822.45
5762,6787,62784,2025-08-30,Delivered,Debit Card,20,5415.2
5763,6789,62801,2025-03-07,Delivered,UPI,0,2033.0
5764,6789,62809,2025-03-30,Delivered,UPI,0,4953.0
5765,6790,62822,2025-10-16,Delivered,UPI,20,2084.0
5766,6794,62844,2024-11-22,Delivered,UPI,15,3913.4
5767,6795,62853,2025-08-28,Delivered,UPI,0,1202.0
5768,6796,62858,2025-11-30,Delivered,UPI,0,320.0
5769,6798,62865,2024-11-28,Delivered,Credit Card,15,1118.6
5770,6799,62871,2025-02-07,Delivered,UPI,20,4673.6
5771,6799,62880,2025-04-22,Delivered,UPI,10,1598.4
5772,6801,62892,2024-12-12,Returned,Debit Card,30,1267.0
5773,6801,62897,2025-02-28,Delivered,UPI,20,1189.6
5774,6801,62909,2025-08-04,Delivered,UPI,0,1631.0
5775,6802,62914,2025-11-27,Delivered,UPI,5,1535.2
5776,6804,62916,2025-04-07,Delivered,Debit Card,15,885.7
5777,6805,62922,2025-07-07,Delivered,Debit Card,0,2494.0
5778,6806,62932,2025-04-07,Delivered,Net Banking,10,4545.9
5779,6808,62961,2025-03-06,Delivered,Debit Card,30,1529.5
5780,6808,62963,2025-05-30,Delivered,UPI,0,3318.0
5781,6809,62970,2025-03-28,Delivered,COD,0,1180.0
5782,6809,62972,2025-05-12,Delivered,Credit Card,15,288.15
5783,6811,62981,2025-09-13,Delivered,Credit Card,10,672.3
5784,6813,62991,2025-01-02,Delivered,UPI,0,5007.0
5785,6813,63004,2025-07-05,Returned,COD,20,2701.6
5786,6817,63015,2025-04-09,Delivered,Debit Card,20,2499.2
5787,6819,63032,2025-06-11,Delivered,Net Banking,5,935.75
5788,6819,63036,2025-08-15,Delivered,Credit Card,10,1575.9
5789,6820,63056,2025-09-28,Delivered,Credit Card,20,762.4
5790,6821,63062,2025-01-07,Delivered,UPI,0,3479.0
5791,6821,63080,2025-04-17,Delivered,COD,10,2589.3
5792,6824,63089,2025-08-06,Returned,Credit Card,20,6568.8
5793,6825,63099,2025-11-16,Delivered,UPI,15,5334.6
5794,6826,63101,2025-06-10,Delivered,UPI,0,2798.0
5795,6826,63105,2025-07-18,Delivered,UPI,15,3098.25
5796,6826,63109,2025-07-23,Delivered,UPI,10,11745.9
5797,6827,63119,2025-05-31,Delivered,UPI,10,10799.1
5798,6827,63121,2025-06-20,Returned,COD,20,2495.2
5799,6828,63129,2025-04-03,Delivered,UPI,20,4456.0
5800,6829,63141,2025-05-22,Delivered,COD,15,1378.7
5801,6831,63164,2024-12-19,Delivered,UPI,15,1287.75
5802,6833,63185,2025-12-09,Delivered,COD,0,5500.0
5803,6842,63233,2025-12-16,Delivered,Credit Card,20,1732.0
5804,6845,63246,2025-09-12,Delivered,Net Banking,30,796.6
5805,6848,63272,2025-07-05,Delivered,UPI,0,3263.0
5806,6851,63288,2025-08-25,Delivered,Credit Card,10,5670.0
5807,6854,63309,2025-02-28,Delivered,COD,0,2877.0
5808,6855,63315,2024-12-31,Delivered,COD,30,3447.5
5809,6855,63332,2025-06-29,Delivered,UPI,0,6710.0
5810,6857,63340,2024-12-15,Delivered,Debit Card,10,2986.2
5811,6857,63346,2025-01-27,Delivered,UPI,0,1045.0
5812,6857,63347,2025-01-30,Delivered,UPI,10,5441.4
5813,6857,63357,2025-03-20,Delivered,UPI,20,5881.6
5814,6861,63391,2025-04-27,Delivered,Debit Card,0,2578.0
5815,6863,63400,2025-07-03,Delivered,Credit Card,10,16347.6
5816,6864,63401,2024-11-29,Delivered,COD,20,7316.0
5817,6864,63417,2025-03-27,Delivered,Debit Card,0,3084.0
5818,6864,63419,2025-06-05,Delivered,Debit Card,0,6180.0
5819,6865,63423,2024-12-23,Delivered,Debit Card,0,12007.0
5820,6865,63424,2024-12-30,Delivered,Debit Card,10,971.1
5821,6865,63426,2025-03-12,Delivered,UPI,5,954.75
5822,6866,63437,2025-05-16,Returned,Debit Card,30,4778.2
5823,6867,63445,2024-12-09,Delivered,Debit Card,10,1494.9
5824,6867,63455,2025-02-16,Delivered,UPI,10,2707.2
5825,6867,63459,2025-03-21,Delivered,Credit Card,5,4388.05
5826,6870,63474,2024-11-15,Delivered,UPI,0,2340.0
5827,6870,63478,2024-12-06,Delivered,Debit Card,20,3032.0
5828,6870,63485,2025-02-06,Delivered,UPI,0,2432.0
5829,6870,63492,2025-05-17,Returned,UPI,20,1588.0
5830,6871,63494,2024-12-06,Delivered,COD,20,4296.8
5831,6872,63509,2025-06-22,Delivered,Credit Card,15,3303.1
5832,6872,63510,2025-07-06,Delivered,COD,0,2267.0
5833,6872,63513,2025-12-08,Delivered,Credit Card,15,5965.3
5834,6873,63517,2025-02-21,Delivered,Credit Card,20,3880.0
5835,6873,63519,2025-04-12,Delivered,UPI,20,1715.2
5836,6874,63528,2025-09-16,Delivered,COD,10,2232.9
5837,6875,63534,2025-04-09,Delivered,UPI,5,7812.8
5838,6875,63541,2025-07-07,Delivered,UPI,0,1446.0
5839,6876,63546,2025-05-10,Delivered,Net Banking,0,1056.0
5840,6876,63547,2025-05-17,Delivered,UPI,0,679.0
5841,6879,63554,2025-09-10,Returned,UPI,0,4255.0
5842,6881,63562,2025-04-28,Delivered,UPI,0,5850.0
5843,6881,63565,2025-06-19,Delivered,Credit Card,10,4471.2
5844,6882,63572,2025-02-18,Delivered,Net Banking,5,13794.95
5845,6882,63576,2025-04-24,Delivered,UPI,0,3274.0
5846,6882,63579,2025-07-03,Delivered,COD,5,4197.1
5847,6882,63580,2025-07-08,Delivered,UPI,0,2036.0
5848,6882,63586,2025-07-19,Delivered,COD,15,5338.85
5849,6883,63588,2025-08-24,Delivered,Net Banking,10,6440.4
5850,6883,63593,2025-09-12,Delivered,Credit Card,10,2757.6
5851,6886,63606,2025-09-26,Delivered,COD,10,547.2
5852,6888,63631,2025-02-02,Returned,COD,10,1665.9
5853,6892,63685,2025-08-05,Delivered,Debit Card,15,5413.65
5854,6895,63700,2025-08-03,Delivered,Credit Card,10,259.2
5855,6895,63702,2025-09-09,Delivered,Credit Card,10,2349.0
5856,6896,63704,2025-01-26,Delivered,COD,0,5310.0
5857,6896,63707,2025-03-29,Delivered,UPI,15,1845.35
5858,6903,63731,2025-05-29,Delivered,COD,0,373.0
5859,6904,63741,2025-01-10,Delivered,Credit Card,0,1066.0
5860,6904,63745,2025-01-29,Delivered,Net Banking,0,2774.0
5861,6904,63747,2025-02-21,Delivered,Credit Card,0,1899.0
5862,6904,63748,2025-02-23,Delivered,Debit Card,5,1901.9
5863,6906,63773,2025-02-23,Delivered,Credit Card,0,5422.0
5864,6906,63775,2025-02-26,Delivered,COD,5,3644.2
5865,6907,63781,2025-09-09,Delivered,Debit Card,30,3316.6
5866,6907,63784,2025-10-03,Delivered,Net Banking,10,1954.8
5867,6909,63792,2025-06-02,Returned,UPI,15,2028.95
5868,6909,63796,2025-07-25,Delivered,UPI,15,4300.15
5869,6910,63801,2024-11-22,Delivered,Net Banking,15,8145.55
5870,6911,63811,2025-06-17,Delivered,Debit Card,5,3269.9
5871,6911,63812,2025-06-20,Delivered,UPI,5,7148.75
5872,6912,63821,2025-09-16,Delivered,UPI,15,445.4
5873,6913,63834,2025-01-27,Delivered,Net Banking,0,3155.0
5874,6913,63840,2025-04-09,Delivered,Debit Card,10,3631.5
5875,6915,63859,2025-01-03,Delivered,Credit Card,30,2571.8
5876,6917,63871,2025-02-02,Delivered,UPI,0,6249.0
5877,6917,63880,2025-05-09,Delivered,UPI,10,2148.3
5878,6918,63901,2025-05-27,Delivered,Credit Card,10,1184.4
5879,6920,63921,2025-04-10,Delivered,COD,0,2171.0
5880,6922,63937,2024-11-26,Delivered,Debit Card,15,1482.4
5881,6922,63947,2025-02-25,Delivered,Net Banking,20,5876.8
5882,6923,63978,2025-03-28,Delivered,Credit Card,0,6156.0
5883,6927,63994,2025-03-02,Delivered,Debit Card,30,627.2
5884,6927,64009,2025-06-04,Delivered,UPI,15,6431.95
5885,6941,64101,2025-02-25,Delivered,Debit Card,0,10428.0
5886,6941,64106,2025-03-23,Delivered,UPI,10,4149.9
5887,6941,64107,2025-03-24,Delivered,Net Banking,0,1607.0
5888,6941,64117,2025-05-06,Delivered,Net Banking,20,614.4
5889,6943,64140,2025-02-24,Delivered,Credit Card,30,1020.6
5890,6946,64157,2025-01-30,Delivered,Net Banking,10,2347.2
5891,6946,64169,2025-05-09,Delivered,Credit Card,15,1344.7
5892,6947,64182,2025-11-25,Delivered,Credit Card,0,8633.0
5893,6948,64185,2025-04-11,Delivered,Credit Card,10,8736.3
5894,6959,64244,2025-01-10,Delivered,Credit Card,10,3277.8
5895,6959,64258,2025-05-04,Delivered,UPI,20,2348.8
5896,6960,64263,2025-01-13,Delivered,COD,5,836.95
5897,6960,64272,2025-03-12,Returned,Debit Card,0,2937.0
5898,6960,64273,2025-03-14,Delivered,Credit Card,0,6696.0
5899,6964,64306,2025-08-22,Delivered,UPI,10,2179.8
5900,6965,64311,2025-08-01,Returned,Credit Card,0,6886.0
5901,6969,64331,2025-03-22,Delivered,Debit Card,15,804.1
5902,6969,64337,2025-06-19,Delivered,Net Banking,10,4613.4
5903,6970,64346,2025-02-18,Delivered,Net Banking,0,4917.0
5904,6970,64352,2025-04-28,Delivered,UPI,5,5059.7
5905,6972,64364,2025-01-18,Delivered,UPI,30,1818.6
5906,6972,64369,2025-03-13,Delivered,Debit Card,0,4073.0
5907,6972,64370,2025-03-18,Delivered,Net Banking,5,3313.6
5908,6972,64371,2025-04-15,Delivered,UPI,10,1515.6
5909,6972,64372,2025-04-26,Delivered,COD,10,2231.1
5910,6972,64375,2025-07-20,Delivered,UPI,15,442.0
5911,6973,64397,2025-03-17,Cancelled,Debit Card,5,1173.25
5912,6974,64406,2025-06-21,Delivered,UPI,0,1978.0
5913,6978,64441,2025-06-27,Delivered,COD,15,1846.2
5914,6978,64448,2025-07-28,Delivered,Credit Card,15,3449.3
5915,6979,64449,2025-06-25,Delivered,UPI,15,888.25
5916,6979,64453,2025-07-17,Delivered,Debit Card,5,9670.05
5917,6983,64470,2025-04-03,Delivered,COD,5,1301.5
5918,6983,64475,2025-04-24,Cancelled,UPI,10,1899.9
5919,6983,64476,2025-05-10,Delivered,Debit Card,10,730.8
5920,6985,64489,2025-07-17,Delivered,UPI,30,3070.2
5921,6986,64493,2025-03-03,Delivered,Credit Card,10,711.9
5922,6987,64500,2025-06-28,Delivered,UPI,5,1599.8
5923,6990,64510,2025-09-20,Delivered,Net Banking,0,3301.0
5924,6991,64515,2025-03-12,Delivered,Net Banking,10,3612.6
5925,6996,64531,2025-06-22,Returned,Net Banking,15,748.85
5926,6996,64539,2025-09-07,Delivered,Credit Card,10,990.9
5927,6996,64541,2025-09-10,Delivered,Debit Card,5,1656.8
5928,6998,64550,2025-02-24,Delivered,Credit Card,15,3303.1
5929,6998,64554,2025-05-03,Delivered,Credit Card,15,3626.95
5930,7000,64563,2025-08-03,Delivered,Net Banking,0,6964.0
5931,7001,64567,2024-11-23,Delivered,UPI,10,4404.6
5932,7001,64569,2024-12-20,Delivered,COD,0,2232.0
5933,7001,64576,2025-03-06,Delivered,COD,15,2000.05
5934,7001,64577,2025-03-30,Delivered,Net Banking,5,5014.1
5935,7003,64591,2025-12-11,Delivered,COD,15,1166.2
5936,7004,64599,2025-04-20,Delivered,Net Banking,10,3529.8
5937,7004,64600,2025-05-19,Delivered,COD,15,6365.65
5938,7006,64611,2025-01-14,Delivered,Debit Card,10,471.6
5939,7006,64614,2025-02-13,Returned,Debit Card,0,4744.0
5940,7007,64627,2024-12-21,Delivered,UPI,0,2764.0
5941,7008,64643,2025-07-02,Delivered,COD,0,4694.0
5942,7010,64656,2025-03-01,Delivered,Net Banking,0,474.0
5943,7011,64661,2024-11-03,Delivered,UPI,0,3455.0
5944,7011,64663,2024-11-07,Delivered,Credit Card,0,1380.0
5945,7011,64673,2024-12-28,Delivered,UPI,0,8243.0
5946,7011,64683,2025-02-08,Delivered,UPI,15,650.25
5947,7013,64688,2025-03-16,Delivered,Net Banking,0,436.0
5948,7014,64700,2025-09-11,Delivered,UPI,0,2678.0
5949,7019,64729,2025-01-27,Delivered,Credit Card,10,1496.7
5950,7019,64734,2025-02-25,Returned,Debit Card,0,1929.0
5951,7021,64749,2025-02-11,Delivered,Debit Card,10,7689.6
5952,7021,64754,2025-06-18,Delivered,Credit Card,0,2600.0
5953,7022,64756,2024-12-16,Delivered,COD,15,2249.95
5954,7022,64760,2025-03-23,Delivered,UPI,15,3225.75
5955,7022,64761,2025-04-16,Delivered,UPI,5,4641.7
5956,7024,64782,2025-02-08,Delivered,UPI,0,4516.0
5957,7024,64785,2025-02-20,Cancelled,UPI,0,939.0
5958,7024,64787,2025-03-07,Delivered,Debit Card,5,4318.7
5959,7025,64801,2025-01-16,Delivered,Credit Card,15,3065.1
5960,7027,64851,2025-02-01,Delivered,Credit Card,15,2118.2
5961,7027,64857,2025-03-14,Delivered,Credit Card,30,763.0
5962,7028,64862,2025-11-30,Delivered,Debit Card,0,1627.0
5963,7030,64877,2025-04-12,Delivered,COD,10,2179.8
5964,7033,64902,2025-02-26,Delivered,UPI,10,12892.5
5965,7033,64905,2025-05-04,Delivered,UPI,5,1404.1
5966,7033,64906,2025-05-08,Delivered,Credit Card,10,1125.9
5967,7035,64916,2024-12-13,Delivered,Debit Card,5,539.6
5968,7035,64924,2025-02-04,Delivered,Credit Card,0,4330.0
5969,7035,64931,2025-03-20,Delivered,Debit Card,5,2185.0
5970,7036,64938,2024-12-19,Delivered,Credit Card,0,8701.0
5971,7036,64949,2025-02-23,Delivered,UPI,10,4617.0
5972,7036,64955,2025-03-28,Delivered,UPI,0,14596.0
5973,7037,64968,2025-09-08,Cancelled,UPI,5,6564.5
5974,7039,64979,2025-02-04,Delivered,Debit Card,20,2790.4
5975,7041,65001,2025-04-01,Delivered,Credit Card,0,1744.0
5976,7044,65027,2025-01-16,Delivered,COD,15,1247.8
5977,7044,65028,2025-03-10,Delivered,COD,0,1138.0
5978,7046,65044,2025-11-16,Delivered,COD,0,2892.0
5979,7048,65056,2025-08-15,Delivered,COD,5,1597.9
5980,7049,65068,2025-03-26,Delivered,COD,5,1003.2
5981,7050,65082,2025-09-14,Delivered,COD,10,4053.6
5982,7051,65084,2025-01-05,Delivered,Credit Card,0,1358.0
5983,7053,65094,2025-08-04,Delivered,Credit Card,15,328.1
5984,7053,65095,2025-09-08,Delivered,Credit Card,0,1362.0
5985,7055,65099,2025-12-04,Delivered,Credit Card,15,1840.25
5986,7057,65105,2025-06-19,Cancelled,UPI,30,633.5
5987,7057,65110,2025-08-10,Returned,Credit Card,10,931.5
5988,7058,65114,2025-07-01,Delivered,Net Banking,5,1274.9
5989,7061,65141,2025-02-12,Cancelled,UPI,0,2744.0
5990,7062,65146,2024-11-06,Delivered,Credit Card,15,3624.4
5991,7062,65162,2025-03-11,Delivered,Credit Card,15,1512.15
5992,7063,65169,2025-02-02,Delivered,Net Banking,0,1180.0
5993,7063,65173,2025-05-20,Delivered,COD,20,1055.2
5994,7064,65178,2025-08-27,Delivered,UPI,0,1589.0
5995,7073,65236,2025-05-06,Delivered,UPI,10,2008.8
5996,7074,65245,2025-08-12,Cancelled,Credit Card,5,1986.45
5997,7075,65249,2025-02-10,Delivered,UPI,10,5134.5
5998,7075,65260,2025-08-08,Delivered,Credit Card,20,5017.6
5999,7079,65275,2025-09-24,Delivered,Net Banking,30,1027.6
6000,7080,65277,2025-07-13,Delivered,Debit Card,20,3525.6
6001,7081,65285,2024-12-31,Delivered,UPI,20,5191.2
6002,7081,65288,2025-01-30,Delivered,COD,15,2438.65
6003,7081,65295,2025-04-02,Delivered,Debit Card,15,4192.2
6004,7083,65316,2024-12-24,Delivered,Net Banking,0,3822.0
6005,7083,65318,2025-01-26,Delivered,UPI,5,642.2
6006,7083,65327,2025-05-28,Delivered,UPI,5,4671.15
6007,7085,65349,2025-08-01,Delivered,UPI,20,1804.8
6008,7086,65353,2024-12-05,Delivered,UPI,10,2907.0
6009,7090,65393,2025-06-01,Delivered,Credit Card,0,4193.0
6010,7090,65399,2025-08-23,Delivered,COD,30,2933.0
6011,7090,65401,2025-09-07,Delivered,UPI,10,2219.4
6012,7091,65407,2025-06-27,Delivered,UPI,10,1065.6
6013,7091,65413,2025-08-02,Delivered,UPI,15,1344.7
6014,7091,65415,2025-08-09,Delivered,UPI,5,1190.35
6015,7093,65426,2025-04-09,Delivered,UPI,10,3049.2
6016,7094,65434,2025-01-29,Delivered,Debit Card,10,6950.7
6017,7096,65450,2025-11-02,Delivered,UPI,0,1760.0
6018,7097,65454,2025-03-04,Delivered,UPI,0,1478.0
6019,7097,65457,2025-05-14,Cancelled,Net Banking,0,3806.0
6020,7098,65469,2025-11-01,Delivered,COD,20,308.8
6021,7098,65470,2025-11-11,Delivered,Credit Card,30,2442.3
6022,7099,65476,2024-12-17,Delivered,COD,10,409.5
6023,7099,65485,2025-05-26,Delivered,UPI,20,4499.2
6024,7099,65486,2025-06-10,Delivered,Debit Card,0,8697.0
6025,7100,65487,2025-01-03,Delivered,Debit Card,0,1970.0
6026,7101,65499,2024-12-08,Delivered,UPI,15,672.35
6027,7101,65504,2024-12-27,Delivered,Credit Card,0,1184.0
6028,7101,65507,2025-01-20,Delivered,Credit Card,10,1899.9
6029,7101,65508,2025-01-28,Delivered,Credit Card,10,3334.5
6030,7101,65512,2025-02-01,Delivered,Net Banking,0,2536.0
6031,7104,65531,2025-11-10,Delivered,UPI,10,1571.4
6032,7110,65587,2025-05-05,Delivered,Net Banking,5,2883.25
6033,7110,65589,2025-06-14,Delivered,Debit Card,0,1372.0
6034,7112,65623,2025-05-04,Delivered,Credit Card,0,2394.0
6035,7112,65625,2025-05-19,Delivered,UPI,5,1174.2
6036,7115,65637,2025-05-12,Delivered,Debit Card,0,4153.0
6037,7115,65638,2025-05-15,Delivered,UPI,15,1937.15
6038,7117,65653,2025-06-09,Delivered,Debit Card,5,875.9
6039,7123,65709,2025-08-09,Delivered,Debit Card,0,9902.0
6040,7124,65716,2025-05-02,Delivered,COD,0,922.0
6041,7125,65741,2025-05-23,Delivered,UPI,0,2404.0
6042,7125,65742,2025-05-24,Delivered,COD,10,3402.0
6043,7127,65750,2025-01-09,Delivered,UPI,5,836.0
6044,7131,65794,2025-04-24,Delivered,UPI,0,2171.0
6045,7132,65806,2024-12-06,Delivered,COD,0,3910.0
6046,7132,65818,2025-03-04,Delivered,COD,5,521.55
6047,7135,65848,2025-09-21,Delivered,UPI,10,11190.6
6048,7137,65870,2025-05-06,Delivered,UPI,20,1924.8
6049,7141,65910,2025-07-18,Delivered,UPI,15,906.1
6050,7142,65916,2025-04-28,Delivered,UPI,10,4381.2
6051,7145,65933,2025-10-17,Delivered,UPI,0,8642.0
6052,7146,65945,2025-07-31,Delivered,UPI,15,948.6
6053,7147,65961,2025-11-05,Delivered,UPI,0,2496.0
6054,7148,65973,2025-08-07,Delivered,UPI,15,3371.95
6055,7150,65988,2025-10-07,Delivered,UPI,5,9177.0
6056,7151,65991,2025-06-15,Returned,Net Banking,0,8634.0
6057,7151,65993,2025-07-12,Delivered,COD,0,545.0
6058,7152,65999,2024-11-30,Delivered,Credit Card,10,2041.2
6059,7152,66001,2025-02-08,Returned,Credit Card,5,328.7
6060,7152,66009,2025-05-05,Delivered,COD,0,4880.0
6061,7152,66012,2025-05-16,Delivered,COD,15,614.55
6062,7154,66032,2025-02-19,Delivered,UPI,0,8246.0
6063,7155,66050,2025-03-25,Delivered,COD,5,2274.3
6064,7156,66060,2025-01-04,Delivered,UPI,0,4365.0
6065,7159,66077,2025-07-16,Delivered,Credit Card,0,4755.0
6066,7161,66098,2024-12-05,Delivered,UPI,0,4310.0
6067,7161,66114,2025-04-20,Delivered,Credit Card,15,2475.2
6068,7163,66131,2025-01-02,Delivered,UPI,5,7061.35
6069,7163,66134,2025-04-02,Delivered,UPI,0,2048.0
6070,7163,66139,2025-06-23,Delivered,Debit Card,0,1016.0
6071,7163,66142,2025-10-12,Delivered,UPI,0,1245.0
6072,7165,66150,2025-06-26,Delivered,Net Banking,15,592.45
6073,7166,66162,2025-01-04,Delivered,Credit Card,5,248.9
6074,7167,66179,2025-04-01,Returned,UPI,20,3723.2
6075,7167,66190,2025-06-08,Delivered,COD,10,3466.8
6076,7168,66207,2025-06-01,Delivered,UPI,15,3225.75
6077,7169,66215,2025-03-09,Delivered,UPI,5,4772.8
6078,7169,66218,2025-05-03,Delivered,UPI,10,3890.7
6079,7169,66222,2025-06-11,Delivered,UPI,0,8634.0
6080,7169,66224,2025-07-06,Delivered,UPI,20,1060.8
6081,7170,66230,2025-06-18,Delivered,COD,15,1179.8
6082,7170,66234,2025-08-10,Delivered,UPI,0,5244.0
6083,7171,66241,2025-12-11,Delivered,UPI,0,474.0
6084,7173,66256,2025-10-13,Delivered,Net Banking,20,4931.2
6085,7174,66260,2025-07-01,Delivered,COD,15,5849.7
6086,7174,66268,2025-08-08,Delivered,UPI,10,3501.0
6087,7177,66287,2025-03-14,Cancelled,Credit Card,10,806.4
6088,7179,66302,2025-09-05,Delivered,Credit Card,10,6260.4
6089,7181,66315,2025-05-19,Returned,Net Banking,5,1784.1
6090,7181,66317,2025-05-24,Delivered,UPI,0,3212.0
6091,7182,66329,2025-08-13,Delivered,UPI,0,1720.0
6092,7183,66337,2024-12-29,Delivered,Net Banking,0,5661.0
6093,7185,66357,2025-09-21,Delivered,COD,0,2982.0
6094,7186,66368,2025-11-09,Delivered,COD,5,1459.2
6095,7188,66373,2025-05-13,Delivered,UPI,0,2165.0
6096,7190,66389,2025-09-11,Delivered,Credit Card,15,1166.2
6097,7191,66395,2025-04-10,Delivered,UPI,5,3793.35
6098,7192,66406,2025-04-01,Delivered,UPI,0,1970.0
6099,7192,66409,2025-04-16,Delivered,UPI,5,972.8
6100,7192,66412,2025-06-04,Delivered,COD,20,3246.4
6101,7193,66423,2025-03-18,Delivered,Debit Card,10,4932.9
6102,7197,66451,2025-08-15,Delivered,Credit Card,10,1797.3
6103,7197,66455,2025-08-25,Delivered,UPI,0,2600.0
6104,7200,66462,2025-08-02,Delivered,COD,10,4415.4
6105,7200,66469,2025-10-08,Delivered,UPI,10,579.6
6106,7202,66485,2025-05-20,Delivered,COD,10,2498.4
6107,7206,66514,2025-02-24,Delivered,COD,30,3409.7
6108,7206,66515,2025-03-02,Delivered,UPI,5,2090.0
6109,7206,66521,2025-04-04,Delivered,Debit Card,0,1235.0
6110,7206,66522,2025-04-05,Delivered,Credit Card,0,5654.0
6111,7209,66538,2025-07-09,Delivered,Credit Card,20,3904.0
6112,7210,66554,2025-01-06,Delivered,Net Banking,5,5781.7
6113,7211,66565,2025-01-20,Delivered,Net Banking,20,3227.2
6114,7214,66589,2025-05-14,Delivered,UPI,10,6955.2
6115,7214,66591,2025-07-18,Delivered,Debit Card,0,2526.0
6116,7217,66623,2025-04-03,Delivered,UPI,0,3329.0
6117,7217,66625,2025-04-26,Delivered,Debit Card,0,3900.0
6118,7219,66635,2025-09-23,Delivered,UPI,0,1995.0
6119,7222,66653,2025-08-29,Delivered,Credit Card,0,6498.0
6120,7223,66661,2025-06-25,Delivered,COD,0,5354.0
6121,7224,66670,2025-09-08,Delivered,UPI,0,1446.0
6122,7225,66680,2025-03-30,Delivered,Debit Card,20,4100.0
6123,7225,66681,2025-04-25,Delivered,COD,5,7710.2
6124,7226,66701,2025-02-06,Delivered,UPI,10,3076.2
6125,7228,66727,2025-09-25,Delivered,Debit Card,10,1598.4
6126,7228,66729,2025-09-27,Delivered,COD,0,2220.0
6127,7231,66757,2025-03-21,Delivered,COD,15,1431.4
6128,7232,66766,2025-08-14,Delivered,UPI,15,854.25
6129,7232,66769,2025-08-27,Delivered,UPI,15,3386.4
6130,7237,66803,2025-12-30,Delivered,UPI,10,13384.8
6131,7238,66820,2025-03-01,Delivered,Net Banking,0,3134.0
6132,7238,66825,2025-04-30,Delivered,UPI,10,2056.5
6133,7241,66829,2025-07-25,Delivered,UPI,30,3220.0
6134,7241,66834,2025-09-09,Delivered,Debit Card,10,1252.8
6135,7242,66850,2025-05-10,Delivered,COD,10,10842.3
6136,7245,66867,2025-12-12,Delivered,Debit Card,0,4054.0
6137,7247,66875,2025-06-16,Delivered,UPI,10,2664.9
6138,7247,66881,2025-10-17,Delivered,UPI,0,644.0
6139,7249,66893,2025-08-06,Delivered,Debit Card,0,7416.0
6140,7249,66896,2025-09-11,Delivered,Debit Card,20,3511.2
6141,7251,66903,2025-12-16,Delivered,Credit Card,5,2929.8
6142,7252,66905,2024-11-28,Delivered,Debit Card,10,6126.3
6143,7258,66952,2025-05-19,Delivered,Credit Card,0,1880.0
6144,7258,66953,2025-08-24,Delivered,UPI,0,8157.0
6145,7261,66959,2025-10-19,Delivered,UPI,10,940.5
6146,7265,66982,2025-10-10,Delivered,Credit Card,0,1402.0
6147,7268,66992,2025-08-02,Delivered,Net Banking,0,3015.0
6148,7269,67001,2025-04-25,Delivered,COD,30,1069.6
6149,7272,67012,2025-05-25,Delivered,Credit Card,0,1146.0
6150,7273,67019,2025-02-16,Delivered,UPI,20,2124.0
6151,7273,67021,2025-02-21,Delivered,UPI,10,1157.4
6152,7273,67022,2025-02-25,Delivered,UPI,0,2222.0
6153,7273,67023,2025-03-05,Delivered,Credit Card,15,3167.1
6154,7273,67025,2025-03-16,Returned,Debit Card,0,5124.0
6155,7273,67028,2025-03-30,Delivered,Debit Card,20,4609.6
6156,7274,67045,2025-01-16,Delivered,Credit Card,5,1352.8
6157,7274,67048,2025-02-12,Delivered,Credit Card,10,2302.2
6158,7274,67054,2025-05-18,Delivered,UPI,5,3221.45
6159,7280,67074,2025-09-01,Delivered,UPI,5,2312.3
6160,7282,67090,2025-06-18,Delivered,UPI,0,1961.0
6161,7283,67099,2025-09-27,Delivered,UPI,10,6508.8
6162,7287,67110,2025-06-28,Delivered,Credit Card,0,3852.0
6163,7287,67111,2025-08-29,Delivered,UPI,0,16291.0
6164,7287,67112,2025-09-16,Delivered,UPI,10,1827.0
6165,7288,67126,2025-05-15,Delivered,COD,5,3953.9
6166,7288,67131,2025-05-31,Delivered,COD,0,4370.0
6167,7289,67136,2024-12-13,Returned,Debit Card,0,4288.0
6168,7289,67150,2025-06-11,Delivered,Debit Card,10,1511.1
6169,7292,67169,2025-06-17,Delivered,UPI,10,1672.2
6170,7293,67179,2024-12-15,Delivered,COD,10,3076.2
6171,7293,67186,2025-02-07,Returned,Debit Card,0,3368.0
6172,7293,67189,2025-05-02,Delivered,UPI,5,645.05
6173,7294,67199,2025-07-08,Delivered,COD,20,597.6
6174,7298,67228,2025-11-26,Delivered,Net Banking,0,3322.0
6175,7299,67232,2025-02-05,Delivered,UPI,0,2382.0
6176,7300,67250,2025-06-26,Delivered,UPI,5,4092.6
6177,7301,67262,2025-03-03,Delivered,Credit Card,5,10232.45
6178,7304,67298,2025-06-30,Delivered,UPI,0,1316.0
6179,7306,67308,2025-08-15,Delivered,Debit Card,30,5128.9
6180,7309,67323,2024-12-27,Delivered,Debit Card,10,1782.9
6181,7309,67337,2025-03-24,Delivered,UPI,5,2509.9
6182,7311,67357,2025-01-28,Delivered,Debit Card,0,2382.0
6183,7317,67407,2025-11-04,Delivered,Credit Card,0,1860.0
6184,7319,67408,2025-09-04,Delivered,Credit Card,0,1582.0
6185,7320,67416,2025-01-19,Delivered,Credit Card,0,608.0
6186,7320,67428,2025-03-26,Delivered,UPI,15,2717.45
6187,7321,67438,2025-02-02,Delivered,Net Banking,5,12622.65
6188,7321,67444,2025-02-19,Delivered,Net Banking,0,2404.0
6189,7321,67448,2025-03-04,Delivered,UPI,10,940.5
6190,7324,67492,2025-01-29,Returned,UPI,15,1063.35
6191,7324,67497,2025-04-29,Delivered,COD,0,3363.0
6192,7324,67498,2025-05-02,Delivered,Credit Card,15,3842.85
6193,7325,67503,2025-01-02,Delivered,Credit Card,5,8113.95
6194,7325,67505,2025-01-06,Delivered,Debit Card,0,3423.0
6195,7328,67517,2025-06-26,Delivered,UPI,15,3064.25
6196,7328,67519,2025-07-02,Delivered,Credit Card,10,4865.4
6197,7329,67531,2024-12-06,Delivered,UPI,10,2850.3
6198,7329,67532,2024-12-07,Delivered,COD,10,1764.0
6199,7329,67535,2024-12-24,Returned,Net Banking,10,2655.0
6200,7332,67559,2025-09-16,Returned,COD,10,3139.2
6201,7332,67560,2025-09-17,Delivered,Net Banking,15,634.95
6202,7334,67567,2025-01-29,Delivered,Credit Card,5,1829.7
6203,7334,67569,2025-03-01,Delivered,UPI,15,5527.55
6204,7337,67581,2025-03-01,Delivered,Debit Card,30,6252.4
6205,7337,67590,2025-07-30,Delivered,Credit Card,0,812.0
6206,7338,67597,2025-04-21,Delivered,Credit Card,0,2600.0
6207,7339,67609,2025-04-08,Delivered,UPI,20,2301.6
6208,7340,67629,2025-12-08,Delivered,Net Banking,10,2907.0
6209,7341,67631,2025-12-24,Delivered,UPI,20,1110.4
6210,7342,67638,2025-08-14,Delivered,Credit Card,20,276.8
6211,7343,67652,2025-07-29,Delivered,Credit Card,0,1385.0
6212,7346,67670,2025-09-15,Delivered,UPI,0,4051.0
6213,7347,67679,2025-08-25,Delivered,COD,0,2439.0
6214,7348,67686,2025-08-27,Delivered,Credit Card,5,3279.4
6215,7349,67706,2025-05-20,Returned,COD,0,7040.0
6216,7349,67709,2025-07-10,Delivered,UPI,10,1953.9
6217,7353,67730,2024-12-11,Delivered,Credit Card,5,7947.7
6218,7353,67743,2025-03-28,Cancelled,COD,5,3477.0
6219,7354,67751,2024-11-28,Delivered,UPI,10,1261.8
6220,7355,67776,2024-12-19,Delivered,COD,20,1174.4
6221,7355,67783,2025-04-16,Delivered,COD,0,2070.0
6222,7355,67791,2025-08-12,Delivered,UPI,0,1372.0
6223,7357,67795,2025-12-25,Delivered,UPI,20,750.4
6224,7360,67810,2025-04-20,Delivered,Net Banking,5,820.8
6225,7362,67830,2025-02-21,Returned,COD,0,1985.0
6226,7362,67836,2025-09-27,Delivered,Credit Card,10,8600.4
6227,7364,67854,2025-01-06,Delivered,UPI,5,1303.4
6228,7367,67888,2024-12-18,Delivered,Credit Card,0,7333.0
6229,7367,67903,2025-02-23,Delivered,Credit Card,30,1345.4
6230,7368,67912,2025-01-14,Delivered,Debit Card,20,2434.4
6231,7369,67934,2025-07-26,Delivered,Debit Card,0,520.0
6232,7370,67942,2025-03-05,Delivered,COD,30,1946.0
6233,7370,67947,2025-03-16,Delivered,Debit Card,0,3112.0
6234,7372,67967,2025-06-13,Delivered,Credit Card,0,4035.0
6235,7374,67985,2024-12-30,Delivered,UPI,30,1671.6
6236,7374,67986,2025-01-03,Delivered,Net Banking,0,676.0
6237,7374,67993,2025-01-28,Delivered,Credit Card,5,4009.0
6238,7375,68006,2025-01-04,Delivered,Debit Card,10,490.5
6239,7375,68021,2025-04-15,Delivered,Credit Card,10,4600.8
6240,7376,68037,2025-04-23,Delivered,Credit Card,10,2705.4
6241,7377,68044,2025-02-10,Delivered,Debit Card,15,3755.3
6242,7379,68070,2025-10-01,Delivered,Credit Card,10,2320.2
6243,7380,68084,2025-03-29,Delivered,Credit Card,0,4917.0
6244,7387,68136,2025-02-26,Delivered,UPI,0,1491.0
6245,7387,68145,2025-07-20,Delivered,UPI,10,1966.5
6246,7389,68149,2025-12-14,Delivered,Credit Card,0,3124.0
6247,7390,68158,2025-04-26,Delivered,Debit Card,10,3409.2
6248,7391,68165,2025-05-06,Delivered,Net Banking,15,6248.35
6249,7391,68173,2025-11-07,Delivered,Net Banking,0,2877.0
6250,7393,68180,2025-05-31,Delivered,UPI,0,2404.0
6251,7393,68189,2025-07-22,Delivered,Debit Card,10,5175.0
6252,7393,68192,2025-09-05,Delivered,Credit Card,0,4610.0
6253,7395,68194,2025-04-17,Delivered,COD,0,1955.0
6254,7397,68206,2025-04-04,Delivered,COD,0,2221.0
6255,7398,68215,2024-12-27,Delivered,UPI,10,4425.3
6256,7398,68218,2025-01-19,Delivered,COD,0,2700.0
6257,7399,68239,2025-11-12,Delivered,UPI,20,8452.0
6258,7400,68245,2025-05-01,Delivered,Credit Card,10,1351.8
6259,7400,68249,2025-05-18,Delivered,Net Banking,10,3432.6
6260,7400,68253,2025-07-03,Delivered,Credit Card,15,940.1
6261,7400,68256,2025-07-19,Delivered,UPI,5,8401.8
6262,7404,68275,2025-09-30,Delivered,UPI,0,2439.0
6263,7405,68281,2025-01-17,Returned,Debit Card,15,6995.5
6264,7405,68285,2025-04-19,Delivered,Credit Card,30,711.2
6265,7405,68286,2025-05-02,Delivered,UPI,10,5375.7
6266,7407,68307,2024-12-28,Delivered,UPI,5,1032.65
6267,7408,68312,2025-10-28,Returned,UPI,10,4669.2
6268,7409,68318,2025-03-05,Delivered,COD,20,8144.8
6269,7411,68340,2024-12-09,Delivered,UPI,10,618.3
6270,7411,68341,2025-01-08,Delivered,COD,0,1808.0
6271,7411,68344,2025-05-04,Delivered,Credit Card,15,4179.45
6272,7411,68346,2025-06-15,Cancelled,Debit Card,0,1476.0
6273,7411,68347,2025-06-18,Delivered,UPI,0,8491.0
6274,7411,68349,2025-07-22,Delivered,UPI,0,520.0
6275,7412,68364,2025-07-20,Delivered,UPI,10,5973.3
6276,7414,68373,2025-07-19,Delivered,UPI,15,7466.4
6277,7414,68379,2025-10-03,Delivered,COD,0,2580.0
6278,7416,68385,2025-09-01,Delivered,UPI,0,1607.0
6279,7417,68392,2025-06-10,Delivered,UPI,0,6509.0
6280,7417,68393,2025-06-25,Delivered,UPI,15,593.3
6281,7418,68398,2024-12-02,Delivered,Credit Card,0,3296.0
6282,7418,68413,2025-02-15,Delivered,UPI,10,1859.4
6283,7420,68428,2025-03-02,Delivered,COD,15,583.95
6284,7420,68431,2025-04-06,Delivered,UPI,0,1007.0
6285,7423,68452,2025-09-05,Delivered,UPI,10,2117.7
6286,7423,68453,2025-09-08,Cancelled,Credit Card,5,2369.3
6287,7423,68454,2025-09-18,Delivered,UPI,20,812.8
6288,7424,68471,2025-05-13,Delivered,UPI,0,4920.0
6289,7424,68473,2025-06-05,Delivered,UPI,0,5298.0
6290,7428,68522,2025-05-20,Delivered,UPI,5,354.35
6291,7428,68524,2025-06-08,Delivered,Net Banking,30,7236.6
6292,7428,68525,2025-07-03,Delivered,UPI,0,8458.0
6293,7430,68540,2025-04-17,Delivered,COD,10,921.6
6294,7431,68551,2025-04-05,Delivered,Net Banking,20,3811.2
6295,7431,68554,2025-08-11,Delivered,UPI,0,1930.0
6296,7432,68569,2025-04-17,Delivered,Credit Card,0,2200.0
6297,7433,68587,2025-09-22,Delivered,Credit Card,20,10288.0
6298,7435,68593,2024-12-30,Delivered,COD,30,3015.6
6299,7435,68607,2025-07-12,Delivered,Net Banking,0,6394.0
6300,7436,68610,2025-05-13,Delivered,Credit Card,0,5384.0
6301,7436,68620,2025-06-16,Delivered,COD,0,2656.0
6302,7439,68644,2024-11-10,Delivered,Debit Card,5,642.2
6303,7439,68645,2024-11-27,Cancelled,COD,10,305.1
6304,7439,68652,2025-03-12,Cancelled,UPI,0,2572.0
6305,7439,68654,2025-04-03,Delivered,UPI,5,3300.3
6306,7439,68664,2025-07-01,Delivered,UPI,0,3031.0
6307,7441,68666,2025-04-12,Delivered,UPI,5,1534.25
6308,7443,68679,2025-10-10,Delivered,COD,10,1220.4
6309,7445,68687,2025-02-12,Delivered,Credit Card,15,4140.35
6310,7448,68722,2025-01-16,Delivered,COD,20,4057.6
6311,7448,68725,2025-01-20,Delivered,Net Banking,10,2051.1
6312,7450,68742,2025-08-14,Delivered,Debit Card,15,3916.8
6313,7452,68753,2025-12-02,Delivered,COD,5,6496.1
6314,7453,68754,2025-06-13,Returned,Net Banking,0,6418.0
6315,7461,68807,2025-07-29,Delivered,Debit Card,20,3658.4
6316,7463,68825,2024-12-15,Delivered,Debit Card,20,6608.0
6317,7463,68843,2025-04-24,Delivered,UPI,20,2360.0
6318,7464,68849,2025-08-13,Delivered,UPI,10,2589.3
6319,7466,68873,2025-07-10,Delivered,COD,0,5822.0
6320,7467,68877,2025-02-25,Delivered,Net Banking,10,3277.8
6321,7468,68888,2024-12-14,Cancelled,UPI,0,3821.0
6322,7468,68890,2024-12-21,Delivered,UPI,30,1432.2
6323,7469,68905,2025-08-13,Delivered,COD,10,6560.1
6324,7471,68917,2024-12-10,Delivered,Debit Card,10,1769.4
6325,7472,68935,2025-08-16,Delivered,Debit Card,0,5860.0
6326,7472,68939,2025-10-11,Delivered,UPI,20,3819.2
6327,7475,68955,2025-08-24,Delivered,COD,20,348.8
6328,7477,68963,2025-09-25,Delivered,Net Banking,5,3795.25
6329,7481,68981,2024-12-10,Delivered,UPI,30,3015.6
6330,7481,68992,2025-05-26,Delivered,UPI,0,9692.0
6331,7485,69040,2025-03-16,Delivered,UPI,0,6312.0
6332,7486,69056,2024-12-24,Delivered,Credit Card,0,1323.0
6333,7486,69057,2024-12-30,Delivered,Credit Card,10,2949.3
6334,7486,69058,2024-12-31,Delivered,Net Banking,10,4221.0
6335,7486,69073,2025-04-07,Delivered,Net Banking,0,2404.0
6336,7487,69077,2025-01-01,Delivered,Credit Card,15,1711.9
6337,7487,69078,2025-03-12,Delivered,Credit Card,10,857.7
6338,7487,69080,2025-04-02,Delivered,Credit Card,20,2036.8
6339,7489,69091,2024-12-11,Delivered,Net Banking,0,4493.0
6340,7489,69092,2024-12-13,Delivered,Credit Card,0,910.0
6341,7490,69108,2025-06-05,Delivered,UPI,30,1243.2
6342,7492,69128,2025-05-17,Delivered,UPI,0,3510.0
6343,7493,69137,2025-06-24,Delivered,Net Banking,10,950.4
6344,7494,69149,2025-05-03,Delivered,UPI,20,3167.2
6345,7494,69151,2025-05-18,Delivered,UPI,10,4135.5
6346,7494,69155,2025-06-08,Delivered,Credit Card,0,4709.0
6347,7500,69204,2025-04-11,Delivered,UPI,0,4595.0
6348,7500,69208,2025-05-15,Delivered,UPI,0,13153.0
6349,7503,69225,2025-11-23,Delivered,Credit Card,30,6273.4
6350,7508,69243,2024-12-06,Delivered,UPI,5,5831.1
6351,7510,69274,2025-04-16,Delivered,Credit Card,15,4687.75
6352,7510,69283,2025-10-15,Delivered,UPI,10,1601.1
6353,7511,69289,2025-10-26,Delivered,Debit Card,0,4196.0
6354,7514,69306,2025-01-29,Delivered,UPI,10,9122.4
6355,7514,69307,2025-02-26,Delivered,Credit Card,0,2815.0
6356,7514,69310,2025-03-02,Delivered,COD,20,3496.0
6357,7514,69311,2025-04-01,Delivered,UPI,0,1024.0
6358,7514,69321,2025-04-27,Delivered,UPI,15,6990.4
6359,7514,69325,2025-05-19,Delivered,COD,15,4956.35
6360,7521,69356,2025-05-27,Delivered,Debit Card,5,1765.1
6361,7521,69357,2025-07-02,Delivered,COD,0,3691.0
6362,7522,69364,2025-05-18,Returned,UPI,5,8955.65
6363,7522,69366,2025-05-24,Delivered,COD,10,3728.7
6364,7523,69378,2025-04-01,Delivered,UPI,0,2033.0
6365,7529,69406,2024-11-28,Delivered,Net Banking,0,6476.0
6366,7530,69423,2025-03-01,Delivered,UPI,15,7289.6
6367,7530,69427,2025-10-28,Delivered,Net Banking,15,3517.3
6368,7531,69429,2024-12-17,Delivered,COD,0,1880.0
6369,7532,69435,2025-11-03,Delivered,Credit Card,15,2329.0
6370,7533,69443,2025-07-15,Delivered,UPI,10,2738.7
6371,7533,69446,2025-09-26,Delivered,UPI,5,2109.95
6372,7533,69447,2025-12-07,Delivered,Credit Card,0,2503.0
6373,7535,69463,2025-02-21,Delivered,Credit Card,0,4490.0
6374,7535,69464,2025-03-11,Delivered,UPI,5,3273.7
6375,7535,69468,2025-04-19,Delivered,UPI,20,1297.6
6376,7535,69472,2025-07-08,Delivered,UPI,15,2261.0
6377,7537,69496,2025-07-15,Delivered,Debit Card,0,1191.0
6378,7537,69498,2025-09-18,Returned,COD,5,2109.95
6379,7541,69522,2025-06-05,Delivered,Debit Card,10,2496.6
6380,7543,69531,2025-10-29,Delivered,UPI,0,2585.0
6381,7545,69550,2025-07-26,Delivered,Credit Card,20,1375.2
6382,7547,69581,2025-07-13,Delivered,UPI,5,2141.3
6383,7548,69585,2025-02-24,Delivered,UPI,10,1241.1
6384,7548,69588,2025-03-27,Delivered,UPI,10,981.0
6385,7551,69627,2025-01-23,Delivered,UPI,10,845.1
6386,7551,69634,2025-04-08,Delivered,UPI,15,926.5
6387,7552,69648,2025-11-22,Delivered,UPI,30,3315.2
6388,7554,69655,2024-12-18,Delivered,UPI,15,5017.55
6389,7554,69661,2025-02-18,Delivered,UPI,5,1310.05
6390,7554,69666,2025-03-14,Delivered,Credit Card,30,1846.6
6391,7555,69675,2024-11-03,Delivered,Net Banking,5,8646.9
6392,7555,69685,2025-02-14,Returned,UPI,0,723.0
6393,7557,69722,2025-08-22,Cancelled,Net Banking,0,1235.0
6394,7558,69728,2025-05-11,Delivered,UPI,0,1622.0
6395,7561,69745,2025-09-24,Delivered,Credit Card,10,10228.5
6396,7563,69756,2025-02-23,Delivered,Debit Card,0,864.0
6397,7564,69780,2025-07-12,Delivered,UPI,0,1468.0
6398,7566,69793,2025-01-07,Delivered,Net Banking,0,1578.0
6399,7567,69807,2025-01-24,Delivered,COD,0,1791.0
6400,7567,69809,2025-02-04,Delivered,Net Banking,10,995.4
6401,7567,69822,2025-04-25,Delivered,Debit Card,5,1091.55
6402,7569,69825,2024-11-24,Delivered,UPI,10,3976.2
6403,7569,69826,2024-12-04,Delivered,Debit Card,10,11019.6
6404,7569,69832,2025-01-16,Delivered,Net Banking,0,1236.0
6405,7569,69833,2025-01-29,Delivered,UPI,20,2457.6
6406,7569,69844,2025-03-12,Delivered,Debit Card,0,3374.0
6407,7571,69856,2025-07-29,Delivered,COD,10,1736.1
6408,7571,69859,2025-08-21,Delivered,Debit Card,0,1323.0
6409,7573,69866,2025-02-21,Delivered,COD,0,4274.0
6410,7573,69875,2025-05-04,Delivered,UPI,15,4890.9
6411,7574,69882,2024-11-11,Delivered,UPI,0,2185.0
6412,7574,69906,2025-03-24,Delivered,COD,15,5461.25
6413,7575,69910,2025-06-06,Delivered,Net Banking,0,954.0
6414,7575,69912,2025-07-03,Delivered,Debit Card,15,2590.8
6415,7578,69929,2025-04-27,Delivered,Credit Card,20,4834.4
6416,7579,69937,2025-06-25,Delivered,UPI,0,1362.0
6417,7581,69961,2025-10-14,Delivered,COD,5,3313.6
6418,7584,69982,2025-07-26,Delivered,Credit Card,30,1313.2
6419,7585,69986,2025-01-25,Returned,UPI,10,1737.0
6420,7585,69990,2025-03-20,Delivered,UPI,0,896.0
6421,7586,70010,2025-01-12,Delivered,Credit Card,0,14870.0
6422,7586,70015,2025-02-13,Delivered,COD,10,5607.0
6423,7586,70018,2025-03-03,Delivered,UPI,10,1953.9
6424,7586,70022,2025-04-27,Delivered,UPI,5,1395.55
6425,7587,70023,2025-03-12,Delivered,UPI,10,1443.6
6426,7587,70025,2025-05-05,Delivered,Debit Card,20,3424.8
6427,7588,70034,2025-01-28,Delivered,Credit Card,0,1358.0
6428,7588,70040,2025-07-04,Delivered,UPI,5,3152.1
6429,7589,70043,2025-01-14,Delivered,UPI,0,919.0
6430,7589,70058,2025-07-09,Delivered,UPI,15,2347.7
6431,7590,70059,2025-02-27,Delivered,Credit Card,15,1413.55
6432,7590,70064,2025-04-21,Delivered,UPI,10,1722.6
6433,7590,70070,2025-06-12,Delivered,UPI,15,781.15
6434,7590,70072,2025-06-16,Delivered,Credit Card,15,3104.2
6435,7592,70082,2025-01-20,Delivered,Debit Card,10,940.5
6436,7592,70097,2025-09-09,Delivered,COD,5,4350.05
6437,7594,70118,2025-03-21,Delivered,UPI,5,5280.1
6438,7595,70128,2025-06-08,Delivered,Debit Card,30,2207.8
6439,7596,70133,2025-07-05,Cancelled,Credit Card,30,4111.8
6440,7596,70135,2025-07-24,Delivered,Credit Card,15,1820.7
6441,7601,70191,2025-07-24,Cancelled,Debit Card,15,2707.25
6442,7602,70202,2025-06-23,Delivered,UPI,10,1234.8
6443,7603,70212,2025-08-09,Delivered,Debit Card,10,3654.9
6444,7604,70217,2024-12-01,Delivered,Net Banking,5,1502.9
6445,7604,70222,2025-02-16,Delivered,Debit Card,15,2521.95
6446,7604,70225,2025-06-20,Delivered,Debit Card,0,1402.0
6447,7605,70237,2024-12-30,Delivered,UPI,5,1795.5
6448,7605,70244,2025-04-16,Delivered,UPI,10,1125.9
6449,7606,70257,2024-12-12,Delivered,UPI,0,5276.0
6450,7606,70270,2025-02-08,Delivered,COD,5,9168.45
6451,7606,70274,2025-03-13,Delivered,Credit Card,0,1789.0
6452,7611,70295,2025-06-12,Delivered,Net Banking,10,3445.2
6453,7611,70297,2025-07-21,Delivered,Credit Card,5,8829.3
6454,7615,70331,2025-08-07,Delivered,Debit Card,0,2760.0
6455,7616,70335,2025-03-27,Delivered,Net Banking,0,11776.0
6456,7616,70339,2025-04-19,Delivered,UPI,0,2185.0
6457,7617,70350,2025-03-08,Delivered,Net Banking,20,1570.4
6458,7617,70351,2025-03-11,Delivered,COD,0,1986.0
6459,7621,70372,2024-12-23,Returned,COD,0,6102.0
6460,7621,70386,2025-03-20,Delivered,Debit Card,20,4758.4
6461,7621,70388,2025-03-22,Delivered,UPI,0,4389.0
6462,7621,70391,2025-04-02,Delivered,Credit Card,10,1515.6
6463,7623,70410,2025-02-11,Delivered,Credit Card,10,3356.1
6464,7624,70437,2025-07-13,Delivered,Credit Card,0,6568.0
6465,7625,70445,2025-07-12,Delivered,Debit Card,0,2724.0
6466,7628,70470,2025-05-29,Delivered,UPI,5,1736.6
6467,7629,70475,2025-07-30,Delivered,UPI,5,729.6
6468,7630,70481,2025-09-13,Delivered,COD,5,665.0
6469,7632,70493,2025-04-16,Delivered,UPI,10,6103.8
6470,7632,70498,2025-06-22,Delivered,UPI,30,487.9
6471,7632,70502,2025-09-04,Delivered,Debit Card,15,3127.15
6472,7634,70517,2025-09-11,Delivered,UPI,20,1395.2
6473,7636,70532,2025-07-30,Returned,UPI,0,697.0
6474,7639,70555,2025-01-27,Delivered,Net Banking,15,854.25
6475,7639,70556,2025-02-05,Delivered,Debit Card,5,3046.65
6476,7639,70560,2025-02-16,Delivered,Net Banking,10,3254.4
6477,7640,70574,2025-07-17,Delivered,COD,20,6833.6
6478,7640,70575,2025-07-19,Delivered,Net Banking,20,2277.6
6479,7640,70577,2025-07-27,Returned,Debit Card,10,1024.2
6480,7642,70599,2025-01-27,Delivered,Credit Card,10,5472.0
6481,7642,70605,2025-02-23,Delivered,UPI,5,2442.45
6482,7643,70617,2025-03-30,Delivered,Debit Card,0,9515.0
6483,7643,70618,2025-05-09,Delivered,UPI,0,3328.0
6484,7643,70624,2025-08-22,Delivered,Debit Card,15,906.1
6485,7645,70638,2025-01-10,Delivered,COD,0,3411.0
6486,7645,70646,2025-07-25,Delivered,Credit Card,10,1287.9
6487,7646,70659,2025-08-09,Delivered,UPI,30,4197.9
6488,7653,70686,2025-04-07,Delivered,Net Banking,20,6587.2
6489,7657,70721,2025-09-12,Returned,UPI,0,1929.0
6490,7657,70722,2025-10-02,Delivered,UPI,0,6826.0
6491,7661,70746,2025-08-05,Delivered,Credit Card,0,1821.0
6492,7661,70748,2025-09-10,Delivered,UPI,10,1446.3
6493,7662,70752,2025-05-01,Delivered,UPI,5,891.1
6494,7664,70762,2025-03-17,Delivered,UPI,5,9691.9
6495,7665,70782,2025-01-26,Delivered,UPI,30,3629.5
6496,7666,70800,2025-05-20,Delivered,Debit Card,20,6953.6
6497,7666,70803,2025-06-10,Delivered,COD,0,2387.0
6498,7667,70824,2025-04-02,Delivered,COD,15,3501.15
6499,7671,70865,2025-03-20,Delivered,Net Banking,0,1146.0
6500,7671,70868,2025-04-04,Delivered,Debit Card,10,1954.8
6501,7672,70877,2025-10-04,Delivered,COD,5,1733.75
6502,7673,70881,2025-01-23,Delivered,UPI,5,749.55
6503,7673,70883,2025-02-17,Delivered,Debit Card,0,7661.0
6504,7673,70893,2025-04-30,Delivered,UPI,0,5738.0
6505,7674,70916,2025-02-27,Delivered,COD,0,3880.0
6506,7674,70922,2025-04-17,Delivered,UPI,0,1251.0
6507,7674,70923,2025-04-21,Returned,COD,5,3350.65
6508,7676,70941,2025-07-25,Delivered,UPI,0,2221.0
6509,7677,70952,2025-10-18,Delivered,Debit Card,10,426.6
6510,7679,70960,2025-04-12,Delivered,UPI,10,3565.8
6511,7679,70963,2025-06-21,Returned,Credit Card,15,10514.5
6512,7679,70964,2025-06-30,Delivered,Net Banking,0,4359.0
6513,7679,70970,2025-10-07,Delivered,Debit Card,5,1765.1
6514,7680,70978,2024-12-24,Delivered,Net Banking,10,6490.8
6515,7680,70984,2025-01-25,Delivered,COD,0,2394.0
6516,7680,70990,2025-02-20,Delivered,Credit Card,5,836.0
6517,7683,71017,2025-08-16,Delivered,UPI,10,4445.1
6518,7686,71023,2025-05-07,Delivered,UPI,0,1745.0
6519,7688,71053,2025-06-23,Delivered,Credit Card,30,2669.8
6520,7688,71055,2025-08-09,Delivered,Credit Card,15,3571.7
6521,7688,71056,2025-11-16,Delivered,Credit Card,5,6047.7
6522,7689,71068,2025-04-07,Delivered,Debit Card,5,983.25
6523,7691,71089,2025-07-27,Delivered,UPI,15,1740.8
6524,7693,71101,2025-08-29,Delivered,UPI,15,4107.2
6525,7696,71132,2025-09-27,Returned,COD,10,2934.0
6526,7700,71150,2025-01-18,Delivered,COD,5,4230.35
6527,7701,71168,2025-03-30,Delivered,UPI,15,5428.1
6528,7702,71191,2025-03-27,Delivered,Credit Card,20,947.2
6529,7702,71193,2025-04-03,Delivered,UPI,10,1784.7
6530,7702,71194,2025-04-04,Delivered,Debit Card,0,6146.0
6531,7703,71198,2025-02-16,Delivered,UPI,5,2122.3
6532,7703,71202,2025-04-06,Delivered,UPI,0,2165.0
6533,7703,71206,2025-06-04,Delivered,UPI,20,7023.2
6534,7703,71207,2025-06-13,Delivered,Debit Card,0,9085.0
6535,7703,71209,2025-07-27,Returned,Credit Card,0,2621.0
6536,7703,71212,2025-09-19,Delivered,UPI,20,3588.0
6537,7705,71221,2025-03-29,Delivered,Debit Card,5,1318.6
6538,7706,71245,2025-01-27,Returned,COD,15,2586.55
6539,7706,71248,2025-02-06,Delivered,COD,0,3886.0
6540,7706,71254,2025-02-19,Delivered,Debit Card,30,1906.8
6541,7707,71256,2025-11-17,Delivered,COD,20,2940.0
6542,7709,71264,2025-01-18,Delivered,UPI,20,528.8
6543,7709,71280,2025-05-04,Delivered,Debit Card,10,3708.9
6544,7710,71284,2025-02-06,Delivered,COD,15,4914.7
6545,7710,71286,2025-07-12,Delivered,UPI,20,2898.4
6546,7710,71290,2025-09-17,Delivered,UPI,0,3263.0
6547,7714,71316,2025-02-28,Delivered,Debit Card,0,4808.0
6548,7714,71323,2025-04-29,Delivered,COD,20,892.8
6549,7715,71334,2025-07-20,Delivered,COD,20,560.0
6550,7716,71340,2025-06-16,Delivered,UPI,0,4920.0
6551,7716,71343,2025-07-30,Delivered,Net Banking,0,2585.0
6552,7716,71344,2025-08-21,Delivered,UPI,0,2950.0
6553,7719,71357,2025-03-14,Delivered,Net Banking,0,1362.0
6554,7719,71359,2025-05-13,Delivered,Net Banking,5,4330.1
6555,7719,71363,2025-07-17,Delivered,Credit Card,10,1252.8
6556,7721,71377,2025-08-12,Delivered,Net Banking,0,6594.0
6557,7723,71383,2025-01-07,Delivered,Credit Card,0,11085.0
6558,7724,71408,2025-07-24,Delivered,UPI,0,3661.0
6559,7728,71446,2025-07-14,Delivered,COD,0,4810.0
6560,7728,71448,2025-07-24,Delivered,Debit Card,5,3954.85
6561,7729,71459,2025-08-02,Delivered,Credit Card,10,1430.1
6562,7731,71475,2025-06-16,Delivered,Net Banking,0,480.0
6563,7731,71477,2025-07-11,Delivered,UPI,0,2142.0
6564,7732,71482,2025-06-10,Delivered,Debit Card,15,6431.1
6565,7732,71485,2025-10-08,Delivered,COD,20,2208.0
6566,7733,71493,2025-03-08,Delivered,COD,5,4792.75
6567,7733,71495,2025-03-18,Delivered,COD,20,2744.8
6568,7733,71497,2025-04-09,Delivered,UPI,0,3046.0
6569,7733,71502,2025-05-14,Delivered,Credit Card,0,5508.0
6570,7735,71527,2024-11-14,Delivered,UPI,15,445.4
6571,7737,71561,2025-03-08,Delivered,UPI,0,1323.0
6572,7737,71570,2025-04-26,Delivered,Credit Card,10,610.2
6573,7737,71574,2025-05-09,Delivered,UPI,20,8053.6
6574,7739,71587,2025-06-04,Delivered,UPI,20,2385.6
6575,7739,71589,2025-07-17,Returned,COD,0,4034.0
6576,7741,71593,2025-12-31,Delivered,COD,15,2187.9
6577,7742,71595,2025-05-01,Returned,Credit Card,20,641.6
6578,7742,71605,2025-09-25,Delivered,Credit Card,10,4494.6
6579,7744,71608,2025-04-06,Delivered,Credit Card,0,2091.0
6580,7744,71610,2025-04-20,Delivered,Credit Card,0,1828.0
6581,7744,71613,2025-05-15,Delivered,Debit Card,0,5417.0
6582,7744,71616,2025-06-10,Delivered,COD,0,5436.0
6583,7744,71617,2025-06-11,Delivered,Debit Card,5,3725.9
6584,7746,71625,2025-06-09,Delivered,Net Banking,0,568.0
6585,7749,71644,2025-09-26,Delivered,UPI,5,4930.5
6586,7750,71646,2025-02-05,Delivered,UPI,0,2200.0
6587,7751,71660,2025-06-24,Delivered,Credit Card,30,364.7
6588,7751,71668,2025-08-24,Delivered,Debit Card,0,2832.0
6589,7752,71685,2025-01-16,Delivered,UPI,10,1659.6
6590,7753,71712,2025-03-17,Delivered,Credit Card,20,2301.6
6591,7753,71720,2025-04-23,Delivered,UPI,5,4365.25
6592,7754,71728,2025-01-06,Delivered,UPI,5,3099.85
6593,7758,71781,2025-02-26,Delivered,Credit Card,0,8632.0
6594,7761,71798,2024-11-10,Delivered,Credit Card,30,3077.9
6595,7761,71805,2024-12-19,Delivered,COD,0,6244.0
6596,7762,71840,2025-02-01,Delivered,UPI,30,537.6
6597,7762,71841,2025-02-05,Delivered,COD,0,2994.0
6598,7762,71846,2025-02-14,Delivered,UPI,15,2109.7
6599,7762,71849,2025-03-11,Delivered,Debit Card,15,3495.2
6600,7762,71850,2025-03-12,Delivered,UPI,0,5624.0
6601,7763,71860,2024-12-09,Delivered,UPI,0,4173.0
6602,7763,71862,2024-12-21,Delivered,UPI,5,665.0
6603,7763,71867,2025-02-16,Cancelled,UPI,5,6109.45
6604,7770,71918,2025-04-12,Delivered,UPI,30,2887.5
6605,7772,71942,2025-05-13,Delivered,Net Banking,0,3825.0
6606,7773,71953,2025-10-15,Delivered,COD,0,6660.0
6607,7774,71970,2025-04-02,Delivered,COD,10,4896.0
6608,7774,71976,2025-04-19,Delivered,Debit Card,10,2148.3
6609,7776,71988,2025-07-03,Returned,Credit Card,15,1028.5
6610,7777,71996,2024-12-16,Delivered,Debit Card,10,2051.1
6611,7779,72015,2025-02-01,Delivered,COD,0,6543.0
6612,7780,72027,2025-07-12,Delivered,Net Banking,10,4524.3
6613,7782,72067,2025-11-06,Delivered,Net Banking,10,2795.4
6614,7786,72080,2025-08-23,Delivered,COD,5,3735.4
6615,7787,72089,2024-12-12,Delivered,Net Banking,5,3138.8
6616,7787,72101,2025-02-23,Delivered,UPI,0,1582.0
6617,7787,72105,2025-03-24,Delivered,Debit Card,30,1348.2
6618,7788,72112,2025-01-07,Delivered,COD,15,3057.45
6619,7790,72124,2025-01-13,Delivered,Debit Card,10,10893.6
6620,7790,72130,2025-04-11,Delivered,UPI,5,4596.1
6621,7790,72131,2025-05-15,Returned,Net Banking,0,3907.0
6622,7797,72187,2025-02-06,Delivered,Credit Card,20,836.0
6623,7798,72202,2025-06-26,Delivered,UPI,5,1579.85
6624,7799,72208,2025-06-17,Delivered,UPI,0,5767.0
6625,7801,72219,2024-12-30,Delivered,COD,0,6147.0
6626,7801,72222,2025-02-01,Delivered,Net Banking,10,3242.7
6627,7801,72224,2025-03-12,Delivered,UPI,15,4868.8
6628,7801,72226,2025-03-23,Delivered,Net Banking,20,2662.4
6629,7802,72238,2024-12-16,Delivered,COD,30,1554.7
6630,7802,72245,2025-08-01,Delivered,UPI,0,3564.0
6631,7803,72260,2025-03-16,Delivered,UPI,0,3551.0
6632,7804,72272,2025-06-08,Cancelled,UPI,10,2768.4
6633,7815,72370,2025-04-15,Delivered,Credit Card,10,1853.1
6634,7817,72393,2025-11-21,Delivered,Debit Card,10,7443.9
6635,7819,72403,2025-01-07,Returned,Credit Card,15,3192.6
6636,7819,72407,2025-02-05,Delivered,Net Banking,10,2148.3
6637,7819,72414,2025-03-19,Cancelled,Debit Card,0,8876.0
6638,7821,72420,2025-03-29,Delivered,UPI,0,1828.0
6639,7821,72421,2025-03-30,Delivered,UPI,20,1103.2
6640,7821,72430,2025-06-03,Delivered,UPI,0,608.0
6641,7823,72438,2025-06-20,Delivered,UPI,20,4700.0
6642,7824,72451,2025-06-03,Delivered,COD,0,1606.0
6643,7824,72454,2025-08-26,Delivered,COD,30,4108.3
6644,7826,72474,2025-11-26,Delivered,COD,10,650.7
6645,7827,72480,2025-07-28,Cancelled,UPI,20,2104.8
6646,7836,72554,2025-03-07,Returned,UPI,20,4675.2
6647,7836,72555,2025-03-15,Returned,UPI,10,2765.7
6648,7836,72561,2025-05-23,Cancelled,UPI,5,1871.5
6649,7836,72563,2025-06-04,Delivered,UPI,5,4653.1
6650,7838,72590,2025-05-05,Delivered,COD,10,1820.7
6651,7840,72598,2025-02-06,Delivered,UPI,15,6744.75
6652,7840,72610,2025-03-21,Delivered,UPI,10,9626.4
6653,7842,72622,2025-12-11,Delivered,UPI,15,4911.3
6654,7843,72625,2024-12-06,Delivered,UPI,15,4785.5
6655,7845,72650,2025-03-13,Returned,UPI,15,4189.65
6656,7846,72661,2025-05-27,Delivered,COD,20,2313.6
6657,7847,72682,2025-04-08,Delivered,UPI,15,1846.2
6658,7847,72690,2025-07-02,Delivered,Debit Card,0,1056.0
6659,7848,72694,2025-05-26,Delivered,UPI,0,9742.0
6660,7848,72697,2025-10-02,Delivered,Credit Card,15,1327.7
6661,7848,72699,2025-11-03,Delivered,UPI,0,4961.0
6662,7848,72700,2025-12-11,Delivered,Debit Card,5,4123.95
6663,7849,72704,2025-05-26,Delivered,UPI,5,3281.3
6664,7849,72708,2025-07-20,Delivered,UPI,10,1301.4
6665,7856,72744,2025-05-10,Delivered,UPI,0,4143.0
6666,7858,72756,2025-04-27,Delivered,Net Banking,0,2033.0
6667,7859,72767,2025-01-13,Delivered,Net Banking,0,2774.0
6668,7859,72772,2025-06-02,Delivered,UPI,0,4403.0
6669,7859,72774,2025-08-29,Delivered,Net Banking,10,3552.3
6670,7860,72780,2025-03-29,Delivered,COD,10,4102.2
6671,7860,72782,2025-05-30,Delivered,UPI,0,1790.0
6672,7860,72785,2025-11-11,Delivered,Debit Card,20,1763.2
6673,7863,72793,2025-03-17,Delivered,Net Banking,10,2233.8
6674,7865,72828,2025-06-26,Delivered,COD,0,4028.0
6675,7867,72834,2025-05-26,Delivered,Net Banking,15,1608.2
6676,7870,72850,2025-05-11,Delivered,Debit Card,10,4462.2
6677,7871,72864,2025-04-11,Delivered,Credit Card,0,6923.0
6678,7871,72865,2025-04-12,Delivered,Net Banking,20,7184.0
6679,7872,72878,2025-04-07,Delivered,UPI,10,9229.5
6680,7878,72906,2025-06-16,Delivered,Debit Card,20,1104.0
6681,7879,72913,2025-09-09,Returned,Credit Card,0,4359.0
6682,7881,72939,2025-07-15,Cancelled,Credit Card,20,8726.4
6683,7881,72941,2025-07-24,Delivered,COD,0,2936.0
6684,7883,72968,2025-08-09,Delivered,UPI,15,7878.65
6685,7884,72972,2024-12-22,Delivered,Net Banking,15,3025.15
6686,7884,72987,2025-11-07,Delivered,UPI,10,2850.3
6687,7885,72992,2025-11-21,Returned,UPI,0,1955.0
6688,7892,73031,2025-01-15,Delivered,COD,0,6342.0
6689,7894,73049,2025-12-13,Delivered,UPI,10,792.9
6690,7900,73073,2025-08-01,Delivered,COD,10,1157.4
6691,7901,73095,2025-01-25,Delivered,Credit Card,0,2956.0
6692,7901,73101,2025-02-25,Delivered,Net Banking,10,5975.1
6693,7902,73105,2025-12-03,Delivered,COD,0,3650.0
6694,7903,73109,2025-07-19,Delivered,Debit Card,0,7273.0
6695,7903,73113,2025-08-15,Delivered,Net Banking,30,5048.4
6696,7903,73115,2025-09-02,Delivered,COD,0,337.0
6697,7904,73118,2025-07-17,Delivered,Credit Card,0,11371.0
6698,7905,73130,2025-09-16,Delivered,Credit Card,10,2148.3
6699,7906,73132,2024-11-29,Delivered,Debit Card,0,6334.0
6700,7906,73136,2025-01-19,Delivered,Credit Card,0,4289.0
6701,7913,73225,2025-01-19,Delivered,Debit Card,10,940.5
6702,7913,73232,2025-04-16,Delivered,UPI,0,2499.0
6703,7913,73233,2025-04-20,Delivered,COD,0,5573.0
6704,7916,73263,2025-12-13,Returned,Net Banking,20,1731.2
6705,7918,73272,2024-11-28,Delivered,UPI,0,3021.0
6706,7918,73277,2025-01-22,Delivered,UPI,0,954.0
6707,7920,73300,2025-03-24,Delivered,COD,10,3708.9
6708,7921,73321,2025-02-14,Returned,Net Banking,0,2784.0
6709,7922,73331,2024-11-02,Delivered,COD,10,2850.3
6710,7923,73336,2024-11-14,Delivered,Debit Card,0,1810.0
6711,7923,73337,2024-12-15,Returned,UPI,15,2773.55
6712,7923,73340,2025-01-15,Delivered,UPI,15,2255.05
6713,7923,73343,2025-02-18,Returned,UPI,30,490.0
6714,7927,73369,2025-05-10,Delivered,UPI,0,4239.0
6715,7931,73381,2024-12-24,Delivered,Credit Card,15,2737.85
6716,7931,73383,2025-01-13,Delivered,UPI,10,1430.1
6717,7933,73399,2024-11-16,Delivered,Net Banking,0,7500.0
6718,7933,73403,2024-11-24,Delivered,Debit Card,5,873.05
6719,7936,73435,2025-05-15,Delivered,Net Banking,5,9272.0
6720,7937,73438,2024-12-05,Delivered,Debit Card,10,1692.0
6721,7940,73492,2025-04-18,Delivered,UPI,0,1106.0
6722,7940,73493,2025-04-23,Delivered,Debit Card,10,347.4
6723,7940,73494,2025-04-26,Delivered,Net Banking,10,806.4
6724,7940,73496,2025-05-04,Returned,UPI,0,4121.0
6725,7941,73505,2025-05-29,Delivered,UPI,0,1930.0
6726,7943,73523,2025-05-13,Delivered,Credit Card,10,2219.4
6727,7944,73532,2025-04-20,Delivered,UPI,10,2745.9
6728,7944,73543,2025-05-16,Cancelled,Debit Card,0,4804.0
6729,7947,73558,2025-07-03,Delivered,Credit Card,0,2404.0
6730,7947,73564,2025-08-31,Returned,Credit Card,15,690.2
6731,7948,73576,2025-01-06,Delivered,UPI,15,2302.65
6732,7949,73591,2025-03-26,Delivered,UPI,0,3755.0
6733,7950,73605,2025-04-08,Cancelled,Credit Card,15,3133.1
6734,7950,73609,2025-06-08,Delivered,COD,20,379.2
6735,7950,73611,2025-07-02,Delivered,UPI,10,1769.4
6736,7953,73625,2024-12-03,Delivered,Credit Card,30,3817.1
6737,7953,73628,2024-12-23,Delivered,Credit Card,5,820.8
6738,7953,73629,2024-12-24,Delivered,Credit Card,0,2326.0
6739,7953,73641,2025-03-04,Delivered,UPI,30,1799.7
6740,7953,73642,2025-03-09,Delivered,Debit Card,0,6030.0
6741,7955,73660,2025-08-16,Delivered,UPI,0,896.0
6742,7956,73668,2025-07-21,Delivered,COD,5,2775.9
6743,7959,73685,2025-03-01,Delivered,Debit Card,30,2336.6
6744,7959,73689,2025-05-14,Delivered,Credit Card,15,2242.3
6745,7961,73700,2025-04-13,Delivered,Credit Card,0,4967.0
6746,7962,73718,2025-02-22,Delivered,Credit Card,0,1606.0
6747,7965,73766,2025-02-15,Delivered,Debit Card,20,1947.2
6748,7966,73773,2025-01-13,Delivered,COD,5,3526.4
6749,7968,73794,2025-10-25,Delivered,UPI,0,3874.0
6750,7969,73798,2025-07-11,Delivered,UPI,15,6522.05
6751,7969,73801,2025-08-11,Delivered,UPI,20,454.4
6752,7969,73805,2025-08-17,Delivered,UPI,20,384.0
6753,7970,73822,2025-06-17,Delivered,Net Banking,0,4303.0
6754,7970,73823,2025-06-29,Returned,Debit Card,5,4000.45
6755,7973,73847,2025-04-05,Delivered,Debit Card,0,8486.0
6756,7976,73865,2025-02-20,Delivered,UPI,0,3023.0
6757,7976,73869,2025-04-04,Returned,UPI,15,1118.6
6758,7976,73870,2025-05-03,Delivered,COD,10,2720.7
6759,7976,73871,2025-06-25,Delivered,UPI,15,1794.35
6760,7977,73881,2025-06-20,Delivered,UPI,15,5765.55
6761,7977,73884,2025-07-04,Delivered,Debit Card,20,9964.8
6762,7978,73894,2025-04-11,Delivered,COD,20,1993.6
6763,7978,73901,2025-06-09,Delivered,COD,0,3752.0
6764,7983,73922,2025-02-18,Delivered,UPI,15,4651.2
6765,7983,73931,2025-03-29,Delivered,Credit Card,0,7301.0
6766,7989,73989,2025-06-11,Delivered,Debit Card,0,3753.0
6767,7990,73993,2025-04-25,Delivered,Debit Card,15,1267.35
6768,7990,73998,2025-06-20,Delivered,UPI,20,2209.6
6769,7990,74000,2025-07-27,Delivered,COD,10,5989.5
6770,7992,74012,2025-08-05,Delivered,Credit Card,5,2249.6
6771,7992,74018,2025-11-04,Delivered,Debit Card,20,2068.0
6772,7993,74020,2025-03-03,Delivered,UPI,10,2673.9
6773,7993,74030,2025-04-13,Delivered,Net Banking,20,3314.4
6774,7993,74034,2025-05-31,Delivered,COD,20,825.6
6775,7993,74039,2025-06-26,Delivered,Debit Card,0,1808.0
6776,7994,74042,2025-05-16,Delivered,Net Banking,0,1995.0
6777,7994,74044,2025-07-31,Delivered,Debit Card,20,1395.2
6778,7996,74063,2025-10-18,Delivered,UPI,0,5114.0
6779,7996,74064,2025-10-24,Cancelled,Net Banking,5,4437.45
6780,7998,74077,2025-06-01,Delivered,COD,0,6768.0
6781,7998,74078,2025-06-17,Delivered,Net Banking,15,4253.4
6782,8001,74098,2025-02-15,Returned,Credit Card,5,844.55
6783,8001,74099,2025-03-07,Delivered,UPI,15,1274.15
6784,8002,74116,2024-11-28,Delivered,UPI,15,2185.35
6785,8002,74117,2024-12-04,Delivered,Net Banking,20,1576.0
6786,8007,74154,2025-05-28,Delivered,Debit Card,0,1821.0
6787,8007,74160,2025-07-08,Delivered,UPI,0,10036.0
6788,8009,74171,2025-07-04,Delivered,Credit Card,0,2220.0
6789,8010,74179,2025-01-26,Delivered,Debit Card,20,7917.6
6790,8010,74183,2025-02-27,Delivered,Debit Card,5,686.85
6791,8010,74189,2025-04-20,Delivered,Net Banking,0,5827.0
6792,8010,74197,2025-06-08,Delivered,UPI,0,504.0
6793,8011,74204,2025-09-25,Cancelled,Net Banking,20,1723.2
6794,8012,74214,2025-10-03,Delivered,Credit Card,0,2220.0
6795,8014,74222,2025-10-10,Delivered,COD,0,1181.0
6796,8016,74227,2025-11-20,Delivered,UPI,5,7686.45
6797,8019,74245,2025-06-08,Delivered,Credit Card,20,961.6
6798,8019,74247,2025-07-01,Delivered,Credit Card,15,2621.4
6799,8020,74257,2024-12-26,Delivered,Net Banking,5,8185.2
6800,8020,74260,2025-01-18,Delivered,Debit Card,10,672.3
6801,8022,74278,2025-05-25,Delivered,Credit Card,0,2656.0
6802,8022,74285,2025-06-21,Delivered,Debit Card,10,3353.4
6803,8024,74298,2024-12-24,Delivered,Debit Card,10,2691.0
6804,8024,74303,2025-04-09,Delivered,Credit Card,15,2359.6
6805,8024,74305,2025-04-16,Cancelled,Credit Card,15,917.15
6806,8026,74331,2025-02-13,Delivered,UPI,10,4565.7
6807,8027,74347,2025-09-08,Delivered,UPI,30,2928.8
6808,8029,74357,2024-12-24,Delivered,UPI,10,7801.2
6809,8030,74375,2025-06-07,Delivered,Net Banking,10,1611.0
6810,8030,74379,2025-07-19,Delivered,Debit Card,10,1784.7
6811,8030,74385,2025-08-16,Delivered,UPI,20,2209.6
6812,8031,74406,2025-05-01,Delivered,Debit Card,15,3073.6
6813,8033,74414,2025-02-12,Delivered,COD,15,3187.5
6814,8033,74422,2025-10-31,Delivered,UPI,10,3585.6
6815,8034,74427,2025-07-05,Delivered,UPI,0,2165.0
6816,8036,74439,2025-04-25,Delivered,Credit Card,10,4945.5
6817,8036,74444,2025-06-16,Delivered,Debit Card,20,836.0
6818,8039,74463,2024-12-16,Delivered,UPI,0,3195.0
6819,8039,74473,2025-08-17,Delivered,UPI,0,346.0
6820,8040,74486,2025-06-15,Delivered,Credit Card,20,7437.6
6821,8041,74498,2025-03-14,Delivered,Debit Card,0,1210.0
6822,8043,74513,2025-04-30,Delivered,Credit Card,0,1890.0
6823,8043,74517,2025-07-19,Delivered,Credit Card,5,1758.45
6824,8043,74518,2025-07-27,Delivered,Debit Card,20,1335.2
6825,8043,74519,2025-08-10,Delivered,UPI,10,5179.5
6826,8044,74527,2025-11-14,Delivered,COD,10,822.6
6827,8046,74534,2025-12-09,Delivered,UPI,0,3880.0
6828,8049,74557,2025-10-15,Delivered,UPI,15,1509.6
6829,8051,74564,2025-06-01,Delivered,Debit Card,20,1588.0
6830,8051,74567,2025-06-28,Delivered,Net Banking,5,4466.9
6831,8051,74572,2025-07-24,Delivered,UPI,5,4379.5
6832,8053,74592,2025-03-17,Delivered,Credit Card,10,8481.6
6833,8057,74632,2025-07-21,Delivered,Net Banking,10,6249.6
6834,8058,74637,2025-08-14,Delivered,Net Banking,5,3922.55
6835,8060,74646,2025-05-04,Returned,UPI,20,2961.6
6836,8060,74652,2025-06-17,Delivered,Credit Card,0,7711.0
6837,8066,74701,2025-06-21,Delivered,Credit Card,20,961.6
6838,8066,74703,2025-08-10,Delivered,Debit Card,15,3794.4
6839,8068,74742,2025-07-11,Delivered,COD,15,861.05
6840,8069,74748,2025-04-14,Delivered,Credit Card,15,6436.2
6841,8070,74759,2025-07-22,Delivered,UPI,0,5142.0
6842,8072,74773,2025-03-26,Delivered,COD,20,6558.4
6843,8072,74782,2025-05-24,Delivered,UPI,10,1511.1
6844,8073,74793,2025-02-27,Delivered,UPI,5,1909.5
6845,8076,74826,2025-12-12,Delivered,UPI,5,4634.1
6846,8080,74840,2025-09-27,Delivered,UPI,5,2062.45
6847,8081,74843,2025-09-21,Delivered,UPI,0,1737.0
6848,8082,74846,2024-12-23,Delivered,UPI,0,4400.0
6849,8082,74854,2025-03-11,Delivered,Net Banking,30,1302.0
6850,8083,74867,2025-10-20,Returned,Credit Card,15,1452.65
6851,8084,74872,2025-01-27,Delivered,UPI,10,1764.9
6852,8085,74896,2025-06-16,Delivered,UPI,0,2492.0
6853,8091,74932,2025-03-26,Delivered,UPI,10,2502.0
6854,8091,74938,2025-05-07,Delivered,Net Banking,0,10437.0
6855,8094,74958,2025-09-25,Delivered,UPI,0,1582.0
6856,8096,74969,2025-12-21,Delivered,UPI,5,1599.8
6857,8098,74987,2025-02-26,Delivered,COD,30,965.3
6858,8098,74992,2025-05-07,Returned,Net Banking,15,6382.65
6859,8098,74995,2025-08-02,Delivered,COD,20,1823.2
6860,8099,74997,2025-11-04,Delivered,Net Banking,20,1097.6
6861,8099,74999,2025-12-02,Delivered,UPI,10,911.7
6862,8100,75002,2025-07-16,Delivered,UPI,5,4812.7
6863,8101,75005,2025-11-14,Delivered,Credit Card,0,4117.0
6864,8108,75039,2025-01-01,Delivered,COD,0,2220.0
6865,8108,75042,2025-02-02,Delivered,Debit Card,0,4330.0
6866,8108,75049,2025-04-29,Delivered,UPI,0,1622.0
6867,8111,75078,2025-06-18,Delivered,Credit Card,10,2469.6
6868,8113,75086,2025-05-31,Delivered,Credit Card,20,3811.2
6869,8116,75110,2025-05-07,Cancelled,UPI,10,2502.0
6870,8117,75124,2025-10-16,Cancelled,Credit Card,15,8900.35
6871,8118,75125,2025-03-20,Delivered,Credit Card,5,2075.75
6872,8125,75200,2025-08-20,Delivered,Net Banking,20,1284.8
6873,8127,75209,2025-01-14,Delivered,Debit Card,10,1077.3
6874,8127,75210,2025-02-02,Delivered,UPI,15,2118.2
6875,8127,75221,2025-03-08,Delivered,UPI,5,3205.3
6876,8131,75240,2025-09-22,Delivered,Credit Card,0,4113.0
6877,8132,75243,2025-04-26,Delivered,Net Banking,15,3530.05
6878,8132,75246,2025-05-07,Delivered,UPI,15,2028.95
6879,8134,75264,2025-07-17,Returned,UPI,15,2921.45
6880,8134,75267,2025-08-20,Delivered,Credit Card,15,2346.0
6881,8135,75278,2025-05-21,Delivered,Net Banking,0,6294.0
6882,8136,75288,2024-12-22,Delivered,UPI,5,4121.1
6883,8136,75291,2025-01-11,Delivered,Debit Card,0,896.0
6884,8139,75333,2025-03-25,Returned,COD,15,6886.7
6885,8139,75337,2025-04-07,Delivered,Debit Card,0,11267.0
6886,8141,75371,2025-06-16,Delivered,Debit Card,10,14652.0
6887,8141,75372,2025-08-01,Delivered,UPI,10,2106.0
6888,8142,75376,2025-03-22,Delivered,Credit Card,10,971.1
6889,8142,75387,2025-08-18,Returned,UPI,0,3396.0
6890,8146,75401,2025-04-08,Delivered,UPI,0,568.0
6891,8146,75402,2025-04-15,Returned,UPI,5,5047.35
6892,8147,75404,2025-10-13,Delivered,COD,0,4058.0
6893,8150,75414,2025-01-25,Returned,UPI,10,4295.7
6894,8150,75427,2025-04-18,Delivered,Credit Card,15,2351.95
6895,8151,75444,2025-07-17,Delivered,UPI,0,6351.0
6896,8152,75452,2025-10-12,Delivered,Credit Card,20,872.0
6897,8153,75456,2025-02-04,Delivered,COD,5,9779.3
6898,8153,75457,2025-02-10,Delivered,COD,10,2051.1
6899,8153,75466,2025-03-16,Delivered,Credit Card,0,3043.0
6900,8154,75474,2025-04-18,Cancelled,Credit Card,10,2502.0
6901,8157,75513,2025-02-27,Cancelled,UPI,10,1980.9
6902,8160,75526,2025-11-06,Delivered,Credit Card,30,965.3
6903,8160,75527,2025-12-08,Delivered,COD,15,9307.5
6904,8161,75535,2025-07-03,Cancelled,UPI,5,6791.55
6905,8161,75537,2025-07-11,Delivered,UPI,5,6597.75
6906,8161,75539,2025-07-19,Delivered,COD,10,2845.8
6907,8162,75551,2025-06-06,Returned,Net Banking,10,6269.4
6908,8162,75553,2025-06-21,Delivered,UPI,10,3866.4
6909,8162,75555,2025-08-07,Delivered,Debit Card,10,2970.0
6910,8163,75559,2025-12-30,Delivered,Credit Card,0,1808.0
6911,8165,75581,2025-03-22,Delivered,UPI,0,2086.0
6912,8166,75596,2025-06-16,Cancelled,COD,0,1468.0
6913,8166,75600,2025-07-17,Delivered,Debit Card,20,1535.2
6914,8168,75608,2025-02-07,Returned,Credit Card,0,4177.0
6915,8170,75631,2025-02-18,Delivered,Debit Card,10,1953.9
6916,8170,75638,2025-05-23,Delivered,COD,0,864.0
6917,8173,75653,2024-11-26,Returned,COD,5,9171.3
6918,8173,75661,2025-03-14,Delivered,COD,15,3905.75
6919,8173,75662,2025-04-02,Delivered,COD,0,2896.0
6920,8173,75666,2025-10-29,Delivered,COD,15,2390.2
6921,8179,75704,2025-09-15,Delivered,Credit Card,20,3945.6
6922,8180,75709,2025-08-24,Delivered,Credit Card,20,4419.2
6923,8186,75754,2024-12-25,Delivered,Debit Card,20,988.0
6924,8187,75759,2024-12-20,Delivered,Credit Card,10,4027.5
6925,8190,75788,2025-06-25,Returned,COD,0,3023.0
6926,8190,75793,2025-07-16,Delivered,UPI,0,3401.0
6927,8191,75798,2025-02-10,Delivered,Net Banking,5,5660.1
6928,8193,75834,2025-09-21,Delivered,Net Banking,15,1847.9
6929,8195,75841,2025-08-10,Delivered,Credit Card,0,1005.0
6930,8195,75843,2025-08-17,Delivered,UPI,5,1318.6
6931,8201,75893,2025-02-04,Delivered,UPI,0,6880.0
6932,8201,75902,2025-04-22,Delivered,UPI,0,2432.0
6933,8202,75912,2025-11-10,Delivered,COD,0,436.0
6934,8204,75915,2025-12-17,Delivered,Credit Card,5,3264.2
6935,8206,75919,2025-03-25,Delivered,Debit Card,0,1614.0
6936,8206,75925,2025-07-13,Delivered,UPI,5,4671.15
6937,8206,75926,2025-07-27,Delivered,COD,20,2884.8
6938,8207,75929,2025-10-26,Delivered,Net Banking,0,2174.0
6939,8209,75942,2025-03-22,Delivered,UPI,20,2962.4
6940,8210,75956,2025-07-03,Delivered,UPI,0,2173.0
6941,8211,75964,2025-03-25,Delivered,Credit Card,5,2725.55
6942,8211,75968,2025-05-07,Delivered,UPI,0,1210.0
6943,8211,75973,2025-06-02,Delivered,Credit Card,0,1201.0
6944,8213,75980,2025-01-29,Delivered,UPI,0,698.0
6945,8214,75988,2025-06-26,Cancelled,Credit Card,15,4085.1
6946,8214,75992,2025-10-20,Delivered,Credit Card,10,4714.2
6947,8215,76004,2025-05-26,Delivered,Net Banking,15,5496.95
6948,8218,76027,2025-03-15,Delivered,Debit Card,5,2775.9
6949,8220,76039,2024-12-01,Delivered,COD,30,2401.0
6950,8220,76043,2025-04-30,Delivered,COD,15,1179.8
6951,8224,76073,2024-12-21,Delivered,UPI,15,4148.0
6952,8224,76088,2025-04-03,Delivered,Credit Card,20,3933.6
6953,8225,76106,2025-06-08,Delivered,Debit Card,0,4850.0
6954,8229,76118,2025-06-03,Delivered,UPI,15,3992.45
6955,8231,76141,2025-02-24,Returned,COD,0,723.0
6956,8232,76170,2025-03-17,Delivered,UPI,10,2617.2
6957,8234,76186,2025-04-22,Delivered,Debit Card,10,1899.9
6958,8235,76194,2025-04-16,Delivered,Credit Card,15,294.1
6959,8235,76198,2025-07-22,Delivered,UPI,0,2232.0
6960,8235,76200,2025-08-15,Delivered,Credit Card,0,7839.0
6961,8236,76206,2025-02-02,Delivered,UPI,0,881.0
6962,8236,76209,2025-02-11,Delivered,UPI,0,644.0
6963,8236,76223,2025-04-14,Delivered,UPI,20,4390.4
6964,8236,76224,2025-04-18,Delivered,UPI,0,4222.0
6965,8237,76228,2025-11-22,Delivered,COD,15,6152.3
6966,8240,76243,2024-12-29,Delivered,Credit Card,20,348.8
6967,8241,76248,2025-03-21,Delivered,UPI,5,1563.7
6968,8241,76249,2025-04-07,Delivered,Debit Card,0,2059.0
6969,8243,76262,2024-12-01,Delivered,COD,10,2034.9
6970,8243,76264,2025-02-15,Delivered,UPI,0,5528.0
6971,8243,76269,2025-05-10,Delivered,UPI,0,1629.0
6972,8243,76274,2025-07-23,Delivered,COD,0,17463.0
6973,8243,76275,2025-11-07,Cancelled,Net Banking,15,3155.2
6974,8244,76283,2025-05-29,Delivered,Debit Card,0,1776.0
6975,8244,76288,2025-06-22,Delivered,UPI,15,1708.5
6976,8247,76298,2025-06-16,Delivered,Credit Card,0,10846.0
6977,8247,76299,2025-07-15,Delivered,Credit Card,30,1809.5
6978,8250,76312,2025-05-01,Delivered,Credit Card,15,4156.5
6979,8252,76333,2025-08-06,Delivered,Credit Card,5,663.1
6980,8253,76337,2025-04-02,Delivered,UPI,20,1739.2
6981,8253,76338,2025-04-27,Returned,COD,30,3465.7
6982,8255,76351,2025-04-02,Delivered,Net Banking,20,1736.8
6983,8255,76358,2025-05-28,Delivered,COD,0,4464.0
6984,8255,76359,2025-05-30,Delivered,UPI,0,2587.0
6985,8256,76378,2024-12-27,Delivered,Credit Card,15,428.4
6986,8259,76412,2025-02-22,Delivered,Net Banking,20,5352.8
6987,8260,76428,2025-02-25,Delivered,Credit Card,5,1035.5
6988,8260,76434,2025-04-06,Delivered,Credit Card,0,1614.0
6989,8264,76453,2025-06-03,Delivered,UPI,0,1180.0
6990,8264,76457,2025-08-22,Delivered,UPI,10,1005.3
6991,8265,76463,2025-11-14,Delivered,UPI,10,10211.4
6992,8266,76465,2025-07-12,Delivered,Credit Card,0,4143.0
6993,8268,76481,2025-07-25,Delivered,Net Banking,0,2576.0
6994,8269,76490,2025-03-04,Delivered,COD,20,3604.8
6995,8269,76492,2025-04-22,Delivered,UPI,30,1933.4
6996,8270,76507,2025-03-06,Delivered,Net Banking,0,2093.0
6997,8270,76508,2025-03-18,Delivered,COD,15,4122.5
6998,8270,76516,2025-04-24,Delivered,Net Banking,0,5200.0
6999,8270,76519,2025-05-27,Delivered,UPI,15,1491.75
7000,8276,76552,2025-01-07,Delivered,Debit Card,0,700.0
7001,8276,76554,2025-01-24,Delivered,UPI,5,4418.45
7002,8276,76556,2025-02-27,Returned,Net Banking,10,3108.6
7003,8276,76561,2025-05-23,Delivered,Net Banking,10,1611.9
7004,8277,76567,2025-09-24,Delivered,Debit Card,20,4632.0
7005,8278,76569,2025-03-16,Delivered,UPI,5,3943.45
7006,8278,76571,2025-04-01,Returned,Credit Card,0,2353.0
7007,8278,76576,2025-04-25,Delivered,UPI,15,1049.75
7008,8278,76580,2025-05-21,Delivered,COD,5,1426.9
7009,8278,76584,2025-06-04,Delivered,UPI,0,2993.0
7010,8281,76609,2025-05-13,Delivered,Credit Card,0,3230.0
7011,8283,76619,2024-12-27,Delivered,COD,5,965.2
7012,8283,76626,2025-04-23,Delivered,UPI,0,9349.0
7013,8283,76637,2025-07-09,Delivered,Credit Card,30,1262.1
7014,8284,76643,2025-01-18,Delivered,Net Banking,0,6315.0
7015,8285,76651,2025-03-29,Returned,UPI,20,1564.0
7016,8285,76655,2025-04-10,Delivered,Credit Card,15,445.4
7017,8288,76677,2025-04-28,Delivered,Debit Card,10,4419.0
7018,8290,76702,2025-04-05,Returned,COD,0,2490.0
7019,8290,76708,2025-07-28,Delivered,UPI,5,7470.8
7020,8291,76716,2025-03-26,Delivered,Net Banking,0,2709.0
7021,8291,76728,2025-05-27,Delivered,UPI,5,12840.2
7022,8291,76731,2025-06-05,Delivered,UPI,10,4020.3
7023,8294,76752,2025-07-08,Delivered,UPI,0,4819.0
7024,8295,76761,2025-05-16,Delivered,UPI,15,2614.6
7025,8297,76781,2025-08-23,Delivered,UPI,0,4522.0
7026,8301,76798,2024-12-07,Delivered,Credit Card,0,4595.0
7027,8301,76810,2025-03-30,Returned,UPI,0,7132.0
7028,8302,76823,2024-12-01,Delivered,COD,10,4478.4
7029,8302,76832,2025-02-02,Delivered,UPI,20,3494.4
7030,8302,76842,2025-03-23,Delivered,Debit Card,5,3873.15
7031,8304,76866,2025-05-13,Delivered,Debit Card,0,7792.0
7032,8305,76874,2025-03-04,Delivered,Credit Card,0,2869.0
7033,8307,76885,2025-01-20,Delivered,Net Banking,20,2080.0
7034,8307,76890,2025-05-03,Returned,UPI,20,5992.0
7035,8307,76892,2025-06-04,Delivered,Debit Card,5,2489.0
7036,8309,76922,2025-03-21,Delivered,UPI,20,3435.2
7037,8311,76935,2025-08-09,Delivered,Debit Card,0,1458.0
7038,8311,76940,2025-09-28,Delivered,Credit Card,10,2480.4
7039,8312,76953,2025-06-25,Delivered,Credit Card,5,2109.0
7040,8312,76954,2025-08-08,Delivered,COD,0,723.0
7041,8315,76970,2025-09-15,Delivered,UPI,10,2582.1
7042,8317,76989,2025-07-14,Delivered,COD,15,1661.75
7043,8317,76990,2025-08-04,Delivered,Credit Card,0,2382.0
7044,8326,77054,2025-05-02,Delivered,Debit Card,0,1615.0
7045,8327,77080,2025-03-25,Delivered,Debit Card,20,528.8
7046,8327,77082,2025-04-01,Delivered,UPI,5,1061.15
7047,8328,77088,2025-07-06,Delivered,UPI,5,4141.05
7048,8332,77113,2025-06-07,Delivered,UPI,0,6350.0
7049,8333,77139,2025-03-26,Delivered,UPI,5,4712.95
7050,8334,77149,2025-06-24,Delivered,Debit Card,0,2492.0
7051,8338,77171,2025-03-14,Delivered,Debit Card,10,2300.4
7052,8339,77184,2025-05-21,Delivered,Credit Card,0,7904.0
7053,8340,77199,2025-03-25,Delivered,UPI,20,2302.4
7054,8342,77213,2025-02-17,Delivered,Debit Card,15,8272.2
7055,8342,77216,2025-04-13,Returned,COD,0,3760.0
7056,8342,77221,2025-09-03,Delivered,UPI,15,1989.0
7057,8342,77222,2025-09-21,Delivered,Net Banking,0,3446.0
7058,8343,77236,2025-05-28,Delivered,COD,20,1110.4
7059,8343,77237,2025-06-10,Delivered,COD,5,2717.0
7060,8345,77261,2025-06-04,Cancelled,Net Banking,10,1351.8
7061,8345,77262,2025-06-30,Delivered,UPI,15,797.3
7062,8347,77278,2025-02-03,Delivered,Debit Card,10,259.2
7063,8347,77285,2025-06-07,Delivered,UPI,0,1236.0
7064,8348,77301,2025-02-06,Delivered,Credit Card,0,1892.0
7065,8348,77312,2025-04-07,Delivered,Credit Card,5,2455.75
7066,8350,77331,2025-11-30,Delivered,UPI,0,4660.0
7067,8351,77346,2025-04-29,Delivered,Credit Card,20,8637.6
7068,8352,77354,2025-05-28,Delivered,UPI,5,10995.3
7069,8353,77370,2025-05-03,Delivered,Credit Card,15,4179.45
7070,8356,77400,2025-04-15,Returned,UPI,0,1821.0
7071,8356,77402,2025-05-11,Delivered,UPI,0,3069.0
7072,8356,77409,2025-07-01,Delivered,Debit Card,0,6986.0
7073,8357,77413,2025-07-07,Delivered,UPI,15,7185.05
7074,8358,77440,2025-02-05,Delivered,Net Banking,5,1857.25
7075,8359,77444,2025-11-09,Delivered,Credit Card,0,7932.0
7076,8362,77470,2025-05-09,Delivered,Credit Card,20,1116.8
7077,8362,77476,2025-10-24,Delivered,UPI,20,3902.4
7078,8363,77485,2024-12-26,Delivered,UPI,15,2837.3
7079,8364,77509,2025-01-26,Returned,UPI,5,6236.75
7080,8367,77521,2024-12-05,Delivered,Debit Card,5,4198.05
7081,8368,77533,2025-03-07,Delivered,UPI,15,2621.4
7082,8369,77546,2025-08-08,Delivered,COD,10,2626.2
7083,8371,77565,2025-01-14,Delivered,Debit Card,0,2014.0
7084,8373,77585,2024-11-12,Delivered,COD,15,3298.0
7085,8373,77586,2024-11-15,Delivered,COD,0,2439.0
7086,8373,77588,2025-02-01,Delivered,Net Banking,10,2350.8
7087,8374,77596,2024-12-29,Delivered,Debit Card,0,3021.0
7088,8375,77616,2024-12-18,Delivered,Debit Card,0,700.0
7089,8375,77633,2025-03-06,Delivered,UPI,5,980.4
7090,8375,77634,2025-03-14,Delivered,Credit Card,15,1033.6
7091,8376,77640,2025-10-27,Delivered,UPI,0,2093.0
7092,8377,77651,2025-09-11,Delivered,UPI,15,2366.4
7093,8379,77667,2025-10-13,Delivered,Debit Card,30,1681.4
7094,8385,77704,2025-09-19,Delivered,Credit Card,0,5195.0
7095,8388,77713,2025-04-22,Delivered,Debit Card,10,1024.2
7096,8388,77716,2025-05-24,Delivered,UPI,10,4086.0
7097,8390,77722,2024-11-13,Returned,Net Banking,10,1702.8
7098,8390,77725,2025-02-23,Delivered,Credit Card,0,6610.0
7099,8391,77749,2025-02-08,Delivered,UPI,15,1807.1
7100,8392,77760,2024-11-25,Delivered,COD,30,5649.0
7101,8392,77765,2025-01-03,Delivered,Credit Card,5,5869.1
7102,8393,77787,2025-04-06,Delivered,UPI,15,1372.75
7103,8393,77791,2025-05-03,Delivered,UPI,10,5262.3
7104,8393,77792,2025-05-11,Delivered,Debit Card,0,1582.0
7105,8396,77819,2025-09-19,Delivered,UPI,0,5001.0
7106,8402,77868,2025-03-15,Returned,UPI,10,606.6
7107,8403,77895,2025-05-12,Returned,COD,5,5392.2
7108,8404,77899,2025-09-06,Delivered,COD,30,861.0
7109,8406,77905,2024-12-23,Delivered,Debit Card,10,1626.3
7110,8406,77906,2024-12-27,Delivered,Debit Card,5,1717.6
7111,8406,77916,2025-04-19,Delivered,Debit Card,10,5553.0
7112,8407,77925,2025-03-28,Delivered,UPI,15,482.8
7113,8409,77945,2025-02-12,Cancelled,Debit Card,10,3218.4
7114,8409,77954,2025-03-12,Delivered,Credit Card,0,2478.0
7115,8410,77955,2024-11-18,Delivered,Credit Card,0,3992.0
7116,8410,77965,2025-04-10,Delivered,UPI,0,339.0
7117,8410,77968,2025-04-17,Delivered,Net Banking,0,1708.0
7118,8411,77976,2025-04-22,Delivered,UPI,20,1713.6
7119,8411,77981,2025-07-17,Delivered,Credit Card,0,3031.0
7120,8413,77990,2025-02-17,Delivered,Debit Card,0,4336.0
7121,8413,77997,2025-07-21,Delivered,COD,0,1090.0
7122,8414,78011,2025-06-30,Delivered,COD,5,892.05
7123,8415,78022,2025-05-12,Delivered,Credit Card,20,3684.8
7124,8416,78028,2025-05-09,Delivered,Debit Card,0,1607.0
7125,8416,78031,2025-06-23,Returned,COD,0,608.0
7126,8416,78037,2025-12-01,Delivered,Net Banking,0,2091.0
7127,8417,78041,2025-03-08,Delivered,UPI,5,1081.1
7128,8419,78047,2024-12-23,Returned,COD,0,1446.0
7129,8419,78051,2025-01-30,Delivered,Credit Card,0,3560.0
7130,8419,78055,2025-02-18,Delivered,Net Banking,0,1106.0
7131,8419,78057,2025-03-12,Delivered,COD,0,2385.0
7132,8419,78063,2025-04-25,Delivered,UPI,5,5363.7
7133,8426,78101,2025-10-16,Returned,COD,0,4641.0
7134,8428,78104,2025-01-05,Delivered,Net Banking,0,7120.0
7135,8428,78108,2025-02-24,Delivered,COD,5,4065.05
7136,8428,78114,2025-05-09,Delivered,Net Banking,0,4843.0
7137,8429,78121,2025-06-21,Delivered,Credit Card,15,3940.6
7138,8430,78131,2025-05-24,Delivered,UPI,20,403.2
7139,8430,78133,2025-07-08,Delivered,Credit Card,0,2269.0
7140,8435,78178,2025-08-28,Cancelled,Debit Card,5,1182.75
7141,8438,78206,2025-04-01,Delivered,Credit Card,0,1446.0
7142,8438,78209,2025-04-16,Delivered,UPI,15,244.8
7143,8439,78222,2025-05-20,Delivered,Debit Card,5,3703.1
7144,8439,78225,2025-05-27,Returned,UPI,15,2507.5
7145,8439,78227,2025-06-14,Delivered,Credit Card,0,3790.0
7146,8440,78240,2025-04-22,Returned,Credit Card,5,6441.0
7147,8440,78243,2025-10-19,Delivered,Debit Card,5,2064.35
7148,8442,78257,2025-01-13,Delivered,UPI,10,9262.8
7149,8442,78258,2025-01-24,Delivered,COD,30,2357.6
7150,8444,78297,2025-03-05,Delivered,Debit Card,15,1482.4
7151,8446,78329,2025-08-10,Delivered,Credit Card,0,6848.0
7152,8447,78340,2025-07-28,Delivered,Credit Card,0,1056.0
7153,8449,78357,2024-11-24,Delivered,COD,0,2515.0
7154,8449,78359,2025-01-10,Delivered,Credit Card,15,1730.6
7155,8449,78365,2025-02-23,Delivered,UPI,5,3314.55
7156,8449,78377,2025-04-01,Delivered,Debit Card,0,1593.0
7157,8449,78378,2025-04-11,Delivered,Debit Card,0,2642.0
7158,8449,78379,2025-04-12,Delivered,Debit Card,5,965.2
7159,8450,78384,2024-11-28,Delivered,UPI,0,4186.0
7160,8450,78396,2025-01-15,Delivered,Credit Card,5,4809.85
7161,8452,78409,2025-06-13,Cancelled,UPI,15,1780.75
7162,8452,78412,2025-09-26,Delivered,Credit Card,20,1423.2
7163,8452,78416,2025-12-08,Delivered,Debit Card,10,579.6
7164,8452,78417,2025-12-17,Delivered,Debit Card,0,6487.0
7165,8454,78427,2025-10-16,Delivered,COD,15,5844.6
7166,8455,78438,2025-04-27,Delivered,UPI,0,3886.0
7167,8455,78439,2025-05-01,Delivered,Credit Card,0,1821.0
7168,8457,78462,2025-07-22,Delivered,UPI,0,1079.0
7169,8459,78470,2024-12-22,Delivered,Debit Card,15,11245.5
7170,8459,78473,2025-01-09,Delivered,UPI,10,5976.9
7171,8459,78478,2025-01-23,Delivered,Net Banking,10,2131.2
7172,8459,78492,2025-04-05,Delivered,UPI,15,6437.05
7173,8460,78502,2025-11-28,Delivered,Credit Card,5,5440.65
7174,8462,78518,2025-07-11,Delivered,UPI,0,1402.0
7175,8462,78521,2025-07-22,Delivered,Credit Card,0,881.0
7176,8465,78534,2025-03-09,Delivered,UPI,10,6241.5
7177,8466,78546,2025-01-21,Delivered,Debit Card,30,384.3
7178,8466,78549,2025-02-08,Cancelled,Debit Card,5,4887.75
7179,8466,78553,2025-02-20,Delivered,UPI,5,1782.2
7180,8466,78560,2025-04-18,Delivered,UPI,10,2117.7
7181,8468,78575,2025-09-06,Delivered,Debit Card,0,3650.0
7182,8470,78584,2025-03-17,Delivered,UPI,5,1502.9
7183,8470,78586,2025-04-01,Delivered,UPI,10,4748.4
7184,8476,78628,2025-06-28,Delivered,UPI,0,1079.0
7185,8477,78636,2025-02-11,Delivered,Debit Card,15,8460.05
7186,8477,78649,2025-04-08,Delivered,Credit Card,5,7330.2
7187,8477,78652,2025-04-15,Delivered,Credit Card,0,5894.0
7188,8480,78658,2024-12-14,Delivered,UPI,0,7877.0
7189,8481,78669,2025-08-13,Returned,UPI,5,3976.7
7190,8484,78689,2025-02-14,Delivered,Net Banking,20,1995.2
7191,8484,78696,2025-04-06,Delivered,UPI,10,5028.3
7192,8485,78704,2025-02-03,Delivered,Debit Card,15,289.0
7193,8485,78719,2025-07-06,Delivered,UPI,0,6752.0
7194,8487,78727,2025-09-10,Delivered,Credit Card,0,3558.0
7195,8489,78745,2025-05-05,Delivered,Net Banking,0,1821.0
7196,8489,78746,2025-05-20,Delivered,UPI,0,791.0
7197,8491,78765,2025-02-18,Delivered,UPI,20,828.0
7198,8491,78769,2025-02-24,Delivered,UPI,5,2915.55
7199,8492,78785,2024-12-09,Delivered,Net Banking,20,3933.6
7200,8492,78791,2024-12-26,Delivered,UPI,15,3978.0
7201,8498,78829,2025-12-30,Delivered,Credit Card,10,1120.5
7202,8502,78852,2025-06-24,Delivered,UPI,10,1832.4
7203,8506,78864,2025-08-12,Delivered,Credit Card,15,2791.4
7204,8507,78871,2025-03-23,Delivered,COD,5,627.95
7205,8507,78886,2025-06-13,Delivered,Debit Card,0,4058.0
7206,8508,78890,2025-07-16,Delivered,UPI,0,3615.0
7207,8510,78909,2025-03-02,Delivered,COD,20,1776.0
7208,8510,78916,2025-03-24,Delivered,Credit Card,10,6369.3
7209,8510,78917,2025-04-06,Delivered,Net Banking,15,2683.45
7210,8511,78925,2025-01-04,Delivered,Net Banking,15,3751.9
7211,8511,78933,2025-03-13,Delivered,UPI,20,804.0
7212,8511,78938,2025-04-12,Delivered,UPI,15,2935.9
7213,8513,78945,2025-08-23,Delivered,UPI,15,3299.7
7214,8514,78952,2025-09-01,Delivered,COD,0,3720.0
7215,8515,78967,2025-02-20,Delivered,UPI,20,952.8
7216,8515,78969,2025-02-26,Delivered,UPI,30,4730.6
7217,8518,79025,2025-03-16,Delivered,COD,15,4652.05
7218,8519,79031,2024-12-16,Delivered,Debit Card,5,5329.5
7219,8519,79038,2025-01-08,Delivered,Debit Card,5,1959.85
7220,8520,79059,2025-01-24,Delivered,UPI,20,2152.0
7221,8520,79062,2025-02-26,Delivered,COD,5,4336.75
7222,8521,79074,2025-01-22,Delivered,UPI,5,2317.05
7223,8521,79077,2025-05-05,Delivered,UPI,0,5167.0
7224,8521,79085,2025-09-03,Delivered,Net Banking,20,1688.8
7225,8522,79090,2025-02-13,Delivered,Credit Card,0,2638.0
7226,8522,79093,2025-04-02,Delivered,UPI,10,4395.6
7227,8523,79100,2025-02-05,Delivered,Debit Card,10,3371.4
7228,8523,79101,2025-02-16,Delivered,COD,0,2670.0
7229,8526,79142,2025-09-16,Delivered,UPI,15,5164.6
7230,8528,79154,2025-05-27,Returned,COD,0,3084.0
7231,8530,79166,2025-01-30,Delivered,Debit Card,5,2063.4
7232,8530,79169,2025-07-24,Delivered,UPI,15,9287.1
7233,8531,79188,2025-04-10,Delivered,UPI,0,3597.0
7234,8534,79207,2024-12-24,Delivered,UPI,0,2340.0
7235,8534,79208,2025-01-09,Delivered,COD,10,1446.3
7236,8534,79222,2025-05-09,Delivered,UPI,10,1593.0
7237,8535,79232,2024-11-21,Delivered,UPI,20,4242.4
7238,8537,79258,2024-12-15,Delivered,COD,15,854.25
7239,8538,79283,2025-07-12,Delivered,COD,10,3514.5
7240,8538,79285,2025-07-25,Delivered,Debit Card,10,2788.2
7241,8543,79338,2025-06-04,Delivered,Net Banking,10,1301.4
7242,8545,79351,2025-07-31,Delivered,COD,0,1892.0
7243,8546,79352,2025-03-13,Delivered,UPI,5,1857.25
7244,8546,79356,2025-05-23,Delivered,COD,0,2232.0
7245,8548,79372,2025-07-01,Delivered,COD,15,2286.5
7246,8549,79379,2025-01-02,Returned,Debit Card,15,4305.25
7247,8550,79383,2025-02-17,Delivered,Debit Card,0,1385.0
7248,8550,79387,2025-05-03,Returned,COD,5,6255.75
7249,8551,79398,2025-09-10,Delivered,COD,10,3222.0
7250,8552,79405,2025-10-24,Delivered,Net Banking,10,6210.0
7251,8555,79414,2025-04-16,Delivered,UPI,20,1628.8
7252,8558,79428,2025-02-04,Delivered,Net Banking,10,1255.5
7253,8558,79431,2025-02-21,Delivered,UPI,20,3695.2
7254,8558,79442,2025-05-31,Delivered,UPI,15,734.4
7255,8558,79444,2025-06-13,Delivered,Debit Card,0,7877.0
7256,8564,79475,2025-09-26,Delivered,Debit Card,0,2404.0
7257,8565,79486,2025-05-21,Delivered,COD,10,4340.7
7258,8571,79519,2025-01-16,Delivered,COD,20,836.0
7259,8572,79540,2025-05-27,Delivered,Credit Card,10,1857.6
7260,8573,79551,2025-06-10,Delivered,UPI,0,1446.0
7261,8573,79554,2025-08-02,Delivered,UPI,10,3492.0
7262,8575,79580,2025-08-28,Delivered,COD,30,1946.0
7263,8576,79587,2024-12-23,Delivered,UPI,15,3593.8
7264,8576,79597,2025-02-17,Delivered,UPI,0,4115.0
7265,8576,79603,2025-03-31,Delivered,Net Banking,20,1672.8
7266,8579,79623,2025-02-28,Delivered,COD,0,1615.0
7267,8579,79629,2025-04-19,Delivered,Net Banking,0,1791.0
7268,8579,79630,2025-04-20,Delivered,Debit Card,20,3752.0
7269,8579,79634,2025-05-31,Delivered,COD,20,3382.4
7270,8580,79650,2025-06-24,Cancelled,UPI,0,320.0
7271,8581,79655,2025-09-05,Delivered,UPI,15,482.8
7272,8582,79662,2025-02-08,Delivered,UPI,0,10670.0
7273,8582,79665,2025-06-04,Cancelled,Net Banking,0,678.0
7274,8583,79669,2025-06-02,Delivered,Net Banking,5,4843.1
7275,8583,79672,2025-06-24,Delivered,COD,0,1032.0
7276,8583,79678,2025-08-27,Delivered,UPI,15,1482.4
7277,8583,79679,2025-08-29,Delivered,UPI,30,2707.6
7278,8584,79685,2025-10-17,Delivered,Credit Card,30,2024.4
7279,8586,79693,2025-02-27,Delivered,UPI,10,3909.6
7280,8586,79697,2025-06-04,Delivered,Debit Card,5,1656.8
7281,8588,79706,2025-01-16,Delivered,Credit Card,15,1937.15
7282,8588,79712,2025-07-03,Delivered,Debit Card,5,7544.9
7283,8590,79722,2025-08-16,Delivered,UPI,5,1523.8
7284,8591,79729,2025-02-21,Cancelled,COD,10,777.6
7285,8592,79746,2025-04-24,Delivered,UPI,15,5032.0
7286,8594,79755,2025-01-24,Delivered,Debit Card,0,3002.0
7287,8594,79765,2025-05-15,Delivered,Debit Card,0,10182.0
7288,8595,79781,2025-06-24,Delivered,Credit Card,10,7427.7
7289,8595,79782,2025-07-12,Delivered,Debit Card,0,4394.0
7290,8598,79799,2025-10-14,Delivered,Credit Card,5,7267.5
7291,8599,79806,2025-08-24,Delivered,UPI,0,1968.0
7292,8600,79807,2024-12-17,Delivered,UPI,30,1669.5
7293,8600,79812,2025-03-21,Delivered,UPI,10,2629.8
7294,8600,79816,2025-04-15,Delivered,COD,0,1136.0
7295,8600,79821,2025-06-20,Delivered,Net Banking,0,4236.0
7296,8602,79835,2025-05-15,Delivered,UPI,0,608.0
7297,8602,79836,2025-05-22,Delivered,UPI,5,1325.25
7298,8603,79843,2025-10-14,Delivered,Net Banking,0,5615.0
7299,8609,79862,2025-07-09,Delivered,UPI,30,2581.6
7300,8615,79895,2024-12-15,Returned,Net Banking,10,1955.7
7301,8615,79911,2025-04-24,Delivered,Credit Card,0,1975.0
7302,8616,79916,2024-11-23,Delivered,Debit Card,10,7853.4
7303,8616,79922,2025-02-26,Delivered,Debit Card,10,2340.0
7304,8619,79941,2024-12-11,Delivered,UPI,10,911.7
7305,8621,79970,2025-04-08,Delivered,Debit Card,5,5878.6
7306,8622,79976,2024-12-22,Delivered,COD,0,3597.0
7307,8622,79984,2025-06-08,Delivered,Debit Card,10,959.4
7308,8624,80000,2025-04-28,Delivered,UPI,0,3558.0
7309,8625,80011,2025-10-25,Delivered,COD,15,1267.35
7310,8631,80037,2025-01-04,Delivered,COD,5,2922.2
7311,8631,80050,2025-03-27,Delivered,UPI,0,4880.0
7312,8635,80063,2025-01-01,Delivered,Credit Card,0,9269.0
7313,8635,80077,2025-03-28,Cancelled,Debit Card,30,381.5
7314,8635,80079,2025-03-31,Delivered,Net Banking,0,6788.0
7315,8635,80084,2025-05-19,Delivered,UPI,0,3379.0
7316,8635,80086,2025-06-10,Returned,Credit Card,15,2415.7
7317,8636,80093,2025-06-29,Cancelled,COD,15,1164.5
7318,8641,80119,2025-01-30,Delivered,UPI,5,1499.1
7319,8641,80129,2025-04-28,Delivered,Debit Card,20,1156.8
7320,8641,80130,2025-04-29,Delivered,Net Banking,0,2093.0
7321,8642,80140,2025-02-25,Cancelled,Credit Card,10,4971.6
7322,8642,80145,2025-04-13,Delivered,COD,10,1405.8
7323,8644,80164,2025-05-02,Delivered,Debit Card,0,1478.0
7324,8645,80186,2025-07-07,Delivered,COD,0,2709.0
7325,8646,80190,2025-07-04,Delivered,UPI,0,4186.0
7326,8649,80233,2025-05-15,Delivered,Debit Card,0,2326.0
7327,8649,80236,2025-07-04,Delivered,Debit Card,0,5962.0
7328,8652,80256,2024-11-09,Delivered,UPI,20,988.0
7329,8652,80264,2025-04-19,Delivered,UPI,0,1362.0
7330,8652,80269,2025-07-25,Returned,UPI,15,2938.45
7331,8652,80270,2025-07-30,Delivered,Net Banking,15,370.6
7332,8653,80277,2025-06-04,Delivered,UPI,5,2312.3
7333,8653,80279,2025-06-22,Delivered,Credit Card,5,4702.5
7334,8658,80299,2025-09-18,Delivered,UPI,0,4491.0
7335,8661,80314,2025-06-08,Delivered,Credit Card,0,4940.0
7336,8661,80319,2025-08-25,Delivered,UPI,0,339.0
7337,8665,80347,2025-04-14,Delivered,Net Banking,0,1024.0
7338,8665,80354,2025-08-23,Delivered,Debit Card,10,5247.0
7339,8668,80370,2025-05-26,Delivered,COD,30,6267.1
7340,8671,80383,2025-06-16,Delivered,UPI,15,670.65
7341,8671,80389,2025-07-08,Delivered,UPI,0,4035.0
7342,8672,80393,2025-02-11,Delivered,Debit Card,15,1840.25
7343,8675,80424,2025-06-17,Delivered,UPI,10,5762.7
7344,8675,80428,2025-07-03,Delivered,Credit Card,20,4782.4
7345,8680,80464,2025-02-28,Delivered,COD,10,4211.1
7346,8681,80473,2025-01-06,Delivered,UPI,0,2444.0
7347,8681,80482,2025-03-25,Delivered,UPI,20,952.8
7348,8681,80485,2025-04-01,Delivered,UPI,15,1183.2
7349,8681,80486,2025-04-10,Cancelled,UPI,5,2259.1
7350,8681,80488,2025-04-24,Delivered,Debit Card,10,1601.1
7351,8682,80513,2025-03-28,Delivered,Credit Card,10,4318.2
7352,8684,80519,2025-06-30,Delivered,Debit Card,10,2850.3
7353,8687,80536,2024-11-02,Delivered,Debit Card,0,1007.0
7354,8687,80538,2024-11-06,Delivered,Credit Card,0,922.0
7355,8687,80547,2025-01-06,Delivered,UPI,5,1867.7
7356,8687,80549,2025-01-11,Delivered,UPI,10,610.2
7357,8687,80551,2025-01-14,Delivered,Credit Card,0,9937.0
7358,8688,80571,2025-02-07,Cancelled,UPI,15,286.45
7359,8689,80584,2025-08-14,Delivered,Debit Card,10,691.2
7360,8691,80607,2025-05-24,Cancelled,UPI,0,2036.0
7361,8696,80631,2025-03-22,Delivered,UPI,15,577.15
7362,8696,80634,2025-04-25,Delivered,Debit Card,10,5820.3
7363,8697,80640,2025-06-23,Delivered,COD,0,1101.0
7364,8697,80643,2025-07-17,Delivered,Debit Card,0,1468.0
7365,8697,80645,2025-08-11,Delivered,UPI,0,386.0
7366,8700,80661,2025-02-14,Delivered,COD,0,9810.0
7367,8701,80665,2025-11-14,Delivered,UPI,0,4308.0
7368,8703,80685,2025-03-17,Delivered,COD,0,4663.0
7369,8705,80704,2025-03-28,Delivered,UPI,30,5294.8
7370,8707,80722,2025-11-08,Returned,Credit Card,0,2402.0
7371,8708,80728,2025-10-30,Delivered,UPI,5,980.4
7372,8712,80755,2025-02-27,Delivered,UPI,5,6845.7
7373,8712,80761,2025-07-31,Delivered,UPI,10,5229.0
7374,8718,80789,2025-06-18,Delivered,Credit Card,0,1362.0
7375,8724,80833,2025-02-14,Delivered,UPI,15,3424.65
7376,8725,80836,2025-08-27,Delivered,Debit Card,0,6152.0
7377,8726,80843,2025-08-28,Delivered,UPI,15,2186.2
7378,8727,80859,2025-04-13,Delivered,UPI,0,4758.0
7379,8727,80863,2025-04-24,Delivered,COD,10,1672.2
7380,8728,80882,2025-05-01,Cancelled,Debit Card,20,1347.2
7381,8730,80889,2025-05-07,Returned,UPI,0,3557.0
7382,8731,80905,2025-02-08,Delivered,Credit Card,15,2932.5
7383,8734,80919,2025-05-09,Delivered,UPI,0,1744.0
7384,8736,80937,2025-02-13,Delivered,Debit Card,0,2439.0
7385,8736,80941,2025-03-12,Delivered,UPI,30,2517.9
7386,8736,80948,2025-04-24,Delivered,UPI,10,5004.0
7387,8737,80955,2025-07-05,Delivered,Debit Card,10,4747.5
7388,8738,80957,2025-06-04,Cancelled,COD,20,1265.6
7389,8740,80977,2025-01-24,Delivered,Credit Card,5,5002.7
7390,8741,80983,2025-08-14,Delivered,UPI,10,1216.8
7391,8745,81007,2025-07-07,Delivered,Credit Card,15,672.35
7392,8746,81011,2025-04-01,Delivered,COD,10,1430.1
7393,8746,81014,2025-06-19,Delivered,UPI,10,2655.0
7394,8746,81022,2025-09-16,Delivered,COD,15,805.8
7395,8747,81028,2025-01-31,Delivered,UPI,0,2750.0
7396,8749,81040,2025-08-13,Delivered,UPI,10,518.4
7397,8750,81063,2025-02-10,Delivered,Net Banking,10,4010.4
7398,8751,81072,2024-12-05,Delivered,UPI,5,5605.0
7399,8751,81082,2025-02-20,Delivered,Debit Card,0,2474.0
7400,8751,81089,2025-04-15,Delivered,Credit Card,10,5315.4
7401,8752,81096,2024-11-10,Delivered,Net Banking,0,1872.0
7402,8753,81100,2024-12-06,Delivered,Debit Card,10,1896.3
7403,8753,81104,2025-04-22,Delivered,Credit Card,10,3594.6
7404,8753,81107,2025-06-07,Delivered,UPI,10,3140.1
7405,8754,81121,2025-02-05,Delivered,Credit Card,5,2822.45
7406,8755,81133,2025-05-23,Delivered,UPI,0,1930.0
7407,8757,81147,2025-03-22,Delivered,UPI,0,1385.0
7408,8758,81155,2025-12-09,Delivered,COD,10,3901.5
7409,8759,81156,2025-08-23,Delivered,Credit Card,10,2195.1
7410,8763,81168,2025-10-14,Delivered,Debit Card,10,5479.2
7411,8764,81175,2025-04-21,Delivered,Debit Card,20,1905.6
7412,8764,81186,2025-07-13,Returned,Credit Card,15,2415.7
7413,8765,81192,2025-05-28,Delivered,UPI,15,2012.8
7414,8766,81208,2024-12-26,Delivered,Credit Card,15,2091.0
7415,8766,81215,2025-02-07,Delivered,Credit Card,30,2373.7
7416,8766,81224,2025-04-07,Delivered,Debit Card,0,1534.0
7417,8771,81243,2025-11-01,Delivered,COD,5,836.0
7418,8772,81249,2025-05-06,Delivered,UPI,20,1000.8
7419,8772,81252,2025-07-11,Delivered,UPI,0,2220.0
7420,8774,81264,2024-11-24,Delivered,Debit Card,5,2381.65
7421,8774,81278,2025-02-08,Delivered,Debit Card,10,5707.8
7422,8775,81290,2025-04-17,Delivered,Credit Card,15,2507.5
7423,8775,81293,2025-04-23,Delivered,UPI,15,1887.0
7424,8775,81297,2025-05-20,Delivered,Credit Card,0,1857.0
7425,8777,81307,2025-03-04,Delivered,Credit Card,20,6172.8
7426,8778,81317,2025-03-19,Returned,UPI,15,1845.35
7427,8779,81327,2025-05-05,Delivered,Credit Card,10,1881.0
7428,8781,81358,2025-02-24,Delivered,Net Banking,5,2243.9
7429,8781,81359,2025-04-07,Cancelled,COD,5,1525.7
7430,8785,81383,2025-01-11,Delivered,COD,0,3210.0
7431,8786,81388,2025-03-20,Delivered,UPI,20,364.0
7432,8786,81393,2025-04-14,Delivered,UPI,0,3164.0
7433,8786,81394,2025-05-02,Delivered,Credit Card,10,6192.9
7434,8787,81404,2025-09-07,Returned,Credit Card,10,6449.4
7435,8788,81409,2025-10-01,Delivered,COD,20,1945.6
7436,8791,81424,2025-06-28,Delivered,Credit Card,0,2892.0
7437,8792,81438,2025-09-14,Delivered,UPI,0,8915.0
7438,8793,81445,2025-11-27,Delivered,Credit Card,10,2048.4
7439,8793,81446,2025-11-30,Delivered,Credit Card,0,2420.0
7440,8796,81466,2025-02-28,Delivered,UPI,5,4845.0
7441,8796,81474,2025-06-17,Delivered,Credit Card,0,6503.0
7442,8796,81477,2025-09-01,Cancelled,COD,10,1112.4
7443,8798,81482,2025-07-01,Returned,Credit Card,0,4636.0
7444,8798,81485,2025-08-09,Delivered,Credit Card,0,1244.0
7445,8800,81497,2024-11-24,Delivered,UPI,0,1995.0
7446,8800,81516,2025-03-03,Delivered,Credit Card,10,1795.5
7447,8804,81555,2025-10-09,Delivered,Debit Card,0,5632.0
7448,8809,81583,2025-03-05,Delivered,COD,15,3056.6
7449,8809,81586,2025-05-14,Delivered,UPI,0,6089.0
7450,8814,81619,2025-08-02,Delivered,Debit Card,10,2582.1
7451,8815,81624,2025-08-21,Delivered,COD,10,1659.6
7452,8815,81625,2025-08-26,Delivered,Credit Card,10,5110.2
7453,8815,81626,2025-08-29,Delivered,COD,0,1005.0
7454,8815,81627,2025-08-30,Delivered,UPI,15,5087.25
7455,8816,81636,2025-08-10,Delivered,Debit Card,10,494.1
7456,8819,81657,2025-06-13,Delivered,UPI,0,2172.0
7457,8823,81691,2025-04-07,Delivered,UPI,10,5296.5
7458,8824,81697,2025-10-07,Delivered,UPI,0,1528.0
7459,8824,81699,2025-10-29,Delivered,Credit Card,15,386.75
7460,8824,81702,2025-11-02,Delivered,UPI,10,3202.2
7461,8825,81709,2025-07-04,Delivered,Credit Card,5,2447.2
7462,8825,81716,2025-08-20,Delivered,Credit Card,15,7005.7
7463,8826,81721,2025-02-06,Delivered,UPI,30,3092.6
7464,8826,81725,2025-03-27,Delivered,COD,30,4693.5
7465,8826,81733,2025-08-12,Delivered,COD,5,7000.55
7466,8828,81752,2025-08-10,Delivered,UPI,0,1138.0
7467,8830,81766,2025-04-02,Delivered,UPI,20,3923.2
7468,8830,81768,2025-04-14,Delivered,Debit Card,5,3316.45
7469,8831,81779,2025-03-26,Cancelled,UPI,5,2317.05
7470,8831,81785,2025-07-20,Delivered,Debit Card,15,1418.65
7471,8832,81795,2025-02-23,Returned,UPI,5,2215.4
7472,8832,81797,2025-03-04,Delivered,UPI,10,3090.6
7473,8832,81799,2025-03-10,Delivered,Credit Card,0,5177.0
7474,8832,81810,2025-05-11,Delivered,Credit Card,0,6180.0
7475,8833,81818,2025-04-01,Delivered,COD,0,2172.0
7476,8833,81821,2025-05-01,Delivered,COD,0,2950.0
7477,8834,81833,2025-03-07,Delivered,UPI,0,6423.0
7478,8834,81842,2025-09-26,Delivered,Credit Card,0,7109.0
7479,8838,81864,2025-05-06,Delivered,Credit Card,20,1947.2
7480,8839,81879,2025-03-26,Delivered,Credit Card,0,2893.0
7481,8840,81893,2025-02-26,Delivered,COD,10,2936.7
7482,8840,81895,2025-03-11,Returned,UPI,20,1947.2
7483,8840,81902,2025-04-26,Delivered,UPI,5,3030.5
7484,8841,81911,2025-02-28,Delivered,Net Banking,5,1325.25
7485,8842,81927,2025-03-25,Delivered,Debit Card,10,2143.8
7486,8842,81935,2025-05-17,Delivered,COD,5,9670.05
7487,8843,81941,2025-02-04,Delivered,UPI,20,9180.8
7488,8844,81961,2024-12-31,Delivered,Net Banking,30,5042.1
7489,8844,81962,2025-01-03,Delivered,Debit Card,0,4920.0
7490,8844,81965,2025-04-03,Delivered,Credit Card,10,6578.1
7491,8844,81966,2025-04-23,Returned,UPI,15,1222.3
7492,8847,81988,2025-05-29,Delivered,Credit Card,20,1330.4
7493,8855,82025,2025-02-04,Returned,UPI,0,3452.0
7494,8855,82036,2025-03-17,Delivered,Credit Card,5,1274.9
7495,8856,82043,2025-02-22,Delivered,Debit Card,0,2688.0
7496,8858,82063,2025-06-18,Delivered,COD,15,572.9
7497,8859,82070,2025-09-10,Delivered,Net Banking,15,2769.3
7498,8859,82073,2025-11-07,Delivered,Credit Card,0,4866.0
7499,8861,82078,2025-09-21,Delivered,COD,5,6699.4
7500,8861,82082,2025-12-11,Cancelled,UPI,20,902.4
7501,8862,82086,2025-05-04,Delivered,Debit Card,15,2743.8
7502,8864,82091,2025-08-29,Delivered,UPI,10,7784.1
7503,8865,82104,2025-06-02,Delivered,Credit Card,0,2900.0
7504,8865,82108,2025-07-10,Delivered,UPI,10,409.5
7505,8865,82109,2025-08-14,Delivered,UPI,5,1191.3
7506,8866,82118,2025-02-18,Delivered,UPI,20,3104.0
7507,8867,82135,2025-09-30,Delivered,UPI,5,4086.9
7508,8869,82142,2025-07-23,Delivered,Credit Card,0,10966.0
7509,8872,82155,2025-02-17,Delivered,Debit Card,0,2139.0
7510,8873,82175,2025-02-10,Delivered,Debit Card,0,4143.0
7511,8874,82182,2025-05-25,Delivered,UPI,0,1789.0
7512,8874,82187,2025-08-22,Delivered,COD,5,2447.2
7513,8875,82190,2025-01-22,Returned,UPI,30,2079.7
7514,8876,82210,2025-08-01,Delivered,Debit Card,5,2890.85
7515,8880,82232,2025-02-12,Returned,Debit Card,0,4306.0
7516,8880,82234,2025-03-01,Delivered,UPI,15,6921.55
7517,8883,82258,2025-09-16,Delivered,COD,15,1028.5
7518,8886,82280,2025-07-01,Delivered,COD,0,2326.0
7519,8887,82288,2025-01-19,Delivered,COD,15,1229.1
7520,8887,82289,2025-08-21,Delivered,UPI,0,2922.0
7521,8889,82310,2024-12-13,Delivered,Debit Card,5,450.3
7522,8891,82341,2025-07-15,Delivered,UPI,30,2214.8
7523,8891,82342,2025-08-08,Delivered,Credit Card,15,1606.5
7524,8893,82373,2025-08-02,Delivered,Debit Card,0,1127.0
7525,8894,82377,2025-03-15,Delivered,UPI,15,2984.35
7526,8894,82385,2025-12-01,Delivered,Debit Card,10,4912.2
7527,8899,82417,2025-01-06,Delivered,COD,0,9840.0
7528,8899,82418,2025-01-10,Delivered,Debit Card,5,1088.7
7529,8899,82421,2025-01-16,Delivered,UPI,10,1610.1
7530,8900,82443,2025-08-23,Returned,UPI,10,8249.4
7531,8901,82453,2025-06-17,Delivered,UPI,10,1610.1
7532,8905,82479,2025-02-08,Delivered,Credit Card,10,2205.0
7533,8907,82512,2025-05-24,Delivered,COD,0,1961.0
7534,8907,82513,2025-05-31,Delivered,Credit Card,20,4610.4
7535,8907,82514,2025-06-04,Returned,Credit Card,0,6390.0
7536,8909,82527,2025-07-19,Delivered,UPI,5,7029.05
7537,8910,82533,2024-11-15,Delivered,Credit Card,20,2209.6
7538,8911,82559,2025-01-12,Delivered,Debit Card,0,1007.0
7539,8911,82568,2025-03-24,Delivered,Credit Card,0,2171.0
7540,8911,82570,2025-06-14,Delivered,UPI,20,4417.6
7541,8911,82573,2025-07-22,Delivered,UPI,0,5075.0
7542,8912,82579,2025-05-20,Delivered,Credit Card,10,2738.7
7543,8912,82584,2025-07-05,Cancelled,Credit Card,15,6607.9
7544,8912,82587,2025-09-26,Cancelled,Debit Card,5,935.75
7545,8913,82591,2025-07-19,Delivered,COD,10,1753.2
7546,8914,82604,2025-02-08,Delivered,UPI,0,4077.0
7547,8914,82607,2025-03-13,Delivered,UPI,10,1216.8
7548,8915,82625,2024-12-19,Delivered,UPI,20,9540.0
7549,8915,82632,2025-01-21,Delivered,UPI,15,1845.35
7550,8916,82645,2025-01-13,Delivered,Debit Card,0,6533.0
7551,8918,82653,2025-05-19,Returned,Debit Card,5,4805.1
7552,8921,82684,2025-01-31,Delivered,UPI,10,6855.3
7553,8921,82690,2025-07-04,Delivered,Net Banking,10,2501.1
7554,8922,82696,2025-05-22,Delivered,Credit Card,20,2313.6
7555,8922,82699,2025-06-01,Delivered,COD,15,4663.95
7556,8922,82704,2025-06-24,Delivered,UPI,0,2780.0
7557,8924,82716,2025-07-15,Delivered,UPI,5,4597.05
7558,8925,82733,2025-04-08,Delivered,UPI,0,6670.0
7559,8926,82744,2025-08-03,Delivered,Credit Card,5,1141.9
7560,8928,82756,2025-07-24,Delivered,UPI,20,2376.8
7561,8928,82762,2025-08-07,Delivered,Net Banking,10,4378.5
7562,8929,82767,2024-11-24,Delivered,Debit Card,20,384.0
7563,8929,82775,2025-01-25,Returned,COD,5,2151.75
7564,8929,82776,2025-02-01,Delivered,UPI,30,841.4
7565,8929,82781,2025-04-15,Delivered,COD,5,1303.4
7566,8930,82790,2024-12-10,Delivered,UPI,5,1895.25
7567,8930,82803,2025-03-06,Delivered,Net Banking,30,1020.6
7568,8930,82804,2025-03-07,Delivered,COD,0,549.0
7569,8931,82821,2025-07-18,Delivered,UPI,5,2131.8
7570,8932,82823,2024-11-05,Delivered,COD,30,2441.6
7571,8932,82838,2025-06-22,Delivered,COD,5,8368.55
7572,8935,82860,2025-07-21,Returned,Credit Card,15,1667.7
7573,8935,82861,2025-09-10,Delivered,COD,0,2143.0
7574,8940,82898,2025-09-19,Delivered,UPI,30,4740.4
7575,8941,82903,2024-11-20,Delivered,Credit Card,0,4112.0
7576,8941,82911,2025-01-26,Delivered,COD,15,2525.35
7577,8941,82913,2025-02-12,Delivered,Debit Card,15,798.15
7578,8941,82917,2025-04-04,Delivered,UPI,5,10145.05
7579,8942,82924,2025-05-06,Delivered,Net Banking,10,7610.4
7580,8943,82932,2025-02-13,Delivered,UPI,0,2466.0
7581,8943,82938,2025-10-26,Delivered,UPI,20,5051.2
7582,8944,82943,2024-12-21,Delivered,UPI,5,1601.7
7583,8944,82954,2025-02-24,Delivered,Credit Card,0,3932.0
7584,8944,82958,2025-03-28,Delivered,Credit Card,0,4871.0
7585,8944,82961,2025-04-07,Delivered,UPI,0,6772.0
7586,8944,82963,2025-05-03,Delivered,COD,15,4179.45
7587,8945,82978,2025-07-11,Returned,Debit Card,0,4514.0
7588,8951,83019,2024-11-18,Delivered,UPI,30,2045.4
7589,8952,83023,2025-03-22,Delivered,UPI,0,4803.0
7590,8952,83026,2025-04-11,Delivered,UPI,0,346.0
7591,8952,83037,2025-06-30,Delivered,UPI,0,5737.0
7592,8955,83052,2025-08-23,Delivered,UPI,10,844.2
7593,8956,83062,2025-03-22,Delivered,UPI,0,1892.0
7594,8956,83064,2025-04-02,Delivered,Credit Card,10,904.5
7595,8957,83074,2024-12-14,Delivered,Debit Card,10,9549.0
7596,8957,83086,2025-03-28,Delivered,Debit Card,0,687.0
7597,8959,83095,2025-02-17,Delivered,Debit Card,0,7036.0
7598,8960,83105,2025-07-13,Cancelled,Credit Card,30,1737.4
7599,8960,83112,2025-09-18,Delivered,Credit Card,0,2950.0
7600,8962,83127,2025-05-21,Delivered,UPI,15,1365.95
7601,8964,83152,2025-04-18,Returned,Debit Card,0,2404.0
7602,8965,83168,2025-07-20,Delivered,UPI,15,2534.7
7603,8966,83174,2025-06-02,Delivered,Debit Card,10,4679.1
7604,8967,83180,2025-06-08,Delivered,COD,0,5171.0
7605,8967,83181,2025-06-11,Delivered,COD,20,1737.6
7606,8969,83219,2025-04-08,Delivered,Net Banking,30,4084.5
7607,8970,83232,2025-04-17,Delivered,Credit Card,0,4198.0
7608,8970,83235,2025-06-13,Delivered,UPI,5,2312.3
7609,8970,83240,2025-09-19,Delivered,UPI,5,983.25
7610,8971,83246,2025-01-29,Delivered,UPI,10,1094.4
7611,8971,83258,2025-04-12,Delivered,Credit Card,0,15836.0
7612,8973,83273,2025-05-31,Delivered,Debit Card,10,2195.1
7613,8977,83293,2024-11-29,Delivered,UPI,0,2111.0
7614,8977,83297,2024-12-18,Delivered,Debit Card,15,2524.5
7615,8977,83299,2025-01-01,Cancelled,Debit Card,15,652.8
7616,8977,83307,2025-01-29,Returned,Credit Card,5,1373.7
7617,8977,83313,2025-03-19,Delivered,Credit Card,10,777.6
7618,8979,83327,2025-09-21,Delivered,UPI,0,3461.0
7619,8981,83332,2025-03-16,Delivered,Debit Card,0,2404.0
7620,8982,83342,2025-01-29,Delivered,UPI,0,3454.0
7621,8982,83351,2025-05-18,Delivered,COD,10,864.0
7622,8983,83353,2025-10-05,Delivered,Debit Card,15,1637.1
7623,8984,83372,2025-04-12,Delivered,UPI,5,4014.7
7624,8984,83373,2025-04-18,Delivered,Debit Card,0,1669.0
7625,8985,83381,2025-09-23,Delivered,Debit Card,10,1499.4
7626,8987,83385,2025-10-16,Delivered,UPI,15,2586.55
7627,8989,83389,2025-02-10,Delivered,UPI,10,940.5
7628,8989,83399,2025-04-25,Delivered,COD,20,230.4
7629,8989,83401,2025-04-28,Delivered,COD,20,1110.4
7630,8989,83402,2025-04-29,Returned,Credit Card,20,1395.2
7631,8989,83406,2025-05-15,Delivered,UPI,0,2416.0
7632,8990,83409,2024-12-02,Delivered,UPI,0,1370.0
7633,8992,83439,2025-02-15,Delivered,UPI,0,1316.0
7634,8993,83453,2025-01-12,Delivered,UPI,10,1080.9
7635,8993,83455,2025-01-17,Delivered,Net Banking,0,985.0
7636,8994,83474,2025-05-22,Delivered,Debit Card,0,16594.0
7637,8994,83475,2025-08-09,Delivered,UPI,20,486.4
7638,8997,83511,2025-05-16,Delivered,Debit Card,10,3723.3
7639,8997,83515,2025-10-10,Delivered,UPI,10,4786.2
7640,8998,83533,2025-06-07,Delivered,Debit Card,15,5351.6
7641,8999,83542,2025-10-07,Delivered,Net Banking,10,2727.9
7642,9000,83543,2025-09-29,Delivered,Debit Card,15,7333.8
