order_item_id,order_id,product_id,quantity,unit_price
1,1,249,1,1851
2,2,134,1,1101
3,3,54,1,2174
4,4,2,1,2368
5,5,88,1,938
6,6,138,1,2815
7,6,175,1,507
8,7,70,2,1664
9,7,72,2,262
10,8,80,1,698
11,8,13,1,791
12,9,68,1,1955
13,10,91,1,1066
14,11,206,1,1709
15,12,31,1,1395
16,12,110,1,3488
17,12,218,1,4143
18,13,208,1,2093
19,13,5,1,2971
20,14,112,1,4359
21,15,154,1,2033
22,15,151,1,1372
23,15,173,1,954
24,16,81,1,864
25,17,115,2,1860
26,18,46,1,2165
27,18,90,1,2950
28,19,253,1,1210
29,19,107,1,1323
30,20,29,1,1385
31,21,257,1,1615
32,22,158,1,1995
33,23,242,2,2482
34,23,158,1,1995
35,24,235,1,2439
36,25,187,1,1056
37,26,143,2,1966
38,27,40,1,3597
39,27,198,1,288
40,28,44,1,2892
41,28,17,1,3452
42,28,208,2,2093
43,29,72,1,262
44,30,90,1,2950
45,31,80,1,698
46,32,151,1,1372
47,32,116,1,2656
48,33,69,1,3023
49,34,224,2,946
50,34,190,1,914
51,35,61,2,524
52,36,33,1,1607
53,36,256,1,2709
54,37,13,1,791
55,37,98,1,504
56,38,85,1,1326
57,39,3,1,2438
58,40,90,1,2950
59,40,145,2,4871
60,41,138,1,2815
61,41,32,1,339
62,41,15,1,1892
63,42,187,1,1056
64,42,82,1,1744
65,43,14,1,2466
66,43,133,1,1808
67,44,51,1,1106
68,44,75,1,1776
69,44,251,1,2690
70,45,113,1,905
71,46,23,1,789
72,46,228,1,1251
73,46,153,1,723
74,47,183,1,1013
75,48,7,1,1684
76,49,255,1,1679
77,50,225,1,1606
78,50,134,2,1101
79,50,192,2,1872
80,51,148,1,802
81,52,89,1,1622
82,52,111,1,1379
83,53,151,1,1372
84,54,43,1,2261
85,54,45,1,700
86,55,238,1,608
87,56,234,1,3084
88,57,177,2,1789
89,57,176,1,1005
90,58,94,1,545
91,59,214,1,939
92,60,129,1,2404
93,61,222,1,1380
94,62,226,2,1589
95,63,177,1,1789
96,63,250,1,3263
97,64,184,1,1478
98,65,191,1,1880
99,66,167,1,697
100,66,79,1,2279
101,67,141,1,2869
102,68,129,2,2404
103,69,188,1,812
104,70,253,1,1210
105,70,183,1,1013
106,70,108,1,1117
107,70,135,1,2171
108,71,226,1,1589
109,72,222,1,1380
110,72,41,1,4035
111,73,47,1,1090
112,74,137,1,1201
113,75,93,1,2982
114,75,189,1,1666
115,76,106,1,521
116,77,106,1,521
117,77,113,1,905
118,78,114,1,1370
119,78,115,1,1860
120,79,40,1,3597
121,79,20,1,1016
122,80,179,1,881
123,80,46,1,2165
124,81,212,2,2326
125,81,114,1,1370
126,82,14,1,2466
127,83,200,1,1045
128,84,21,1,2014
129,85,226,1,1589
130,85,154,1,2033
131,86,26,1,3195
132,86,16,1,2221
133,86,150,1,2232
134,86,218,2,4143
135,87,238,2,608
136,88,57,1,1202
137,88,109,1,880
138,88,228,1,1251
139,89,224,2,946
140,89,41,1,4035
141,89,22,2,1491
142,89,26,1,3195
143,90,116,1,2656
144,90,45,1,700
145,90,164,1,346
146,90,178,1,1669
147,91,1,1,1502
148,91,223,1,2638
149,91,12,1,2353
150,92,79,1,2279
151,92,174,1,2394
152,93,131,1,4961
153,93,5,2,2971
154,94,189,1,1666
155,94,134,1,1101
156,94,207,1,2780
157,95,162,1,480
158,96,87,2,765
159,97,236,1,2208
160,98,91,1,1066
161,99,174,2,2394
162,99,132,1,1926
163,100,48,1,2585
164,101,167,1,697
165,102,132,1,1926
166,102,126,1,1970
167,103,213,2,2422
168,104,224,1,946
169,104,183,1,1013
170,105,195,1,2494
171,106,98,1,504
172,107,209,1,2922
173,108,127,1,1032
174,109,142,2,1191
175,109,152,2,4917
176,110,105,1,436
177,110,164,1,346
178,111,92,1,373
179,111,42,1,1316
180,112,233,2,1005
181,113,177,1,1789
182,114,188,1,812
183,115,12,1,2353
184,115,17,1,3452
185,116,29,1,1385
186,117,103,1,1035
187,118,243,2,3284
188,118,85,1,1326
189,119,42,2,1316
190,119,250,1,3263
191,119,154,1,2033
192,120,81,1,864
193,120,247,2,3450
194,120,38,1,474
195,120,238,1,608
196,121,105,1,436
197,121,259,1,1755
198,122,36,1,2571
199,123,235,2,2439
200,123,92,1,373
201,124,82,1,1744
202,124,114,1,1370
203,125,27,1,4308
204,125,221,1,549
205,126,96,1,2172
206,127,138,1,2815
207,128,121,1,2200
208,128,176,2,1005
209,128,2,1,2368
210,128,221,1,549
211,129,252,1,1362
212,130,58,1,985
213,131,214,1,939
214,132,114,1,1370
215,132,20,1,1016
216,133,258,1,1045
217,134,84,1,1955
218,134,120,2,1402
219,135,59,1,2340
220,135,101,1,1236
221,136,214,1,939
222,137,165,1,2382
223,138,148,1,802
224,138,156,1,4121
225,139,84,1,1955
226,139,244,1,3886
227,140,6,1,1780
228,140,183,1,1013
229,140,112,1,4359
230,141,37,1,3880
231,142,147,1,568
232,142,259,2,1755
233,143,216,1,1929
234,144,242,1,2482
235,145,207,1,2780
236,145,111,1,1379
237,146,172,1,1424
238,147,134,2,1101
239,147,228,1,1251
240,148,143,1,1966
241,148,198,2,288
242,149,222,1,1380
243,149,148,1,802
244,150,10,1,2642
245,150,253,1,1210
246,151,100,1,3021
247,152,254,1,1388
248,153,238,1,608
249,153,234,1,3084
250,154,93,1,2982
251,154,200,2,1045
252,154,177,1,1789
253,155,195,1,2494
254,155,116,1,2656
255,156,205,1,2762
256,156,31,1,1395
257,157,46,1,2165
258,157,45,1,700
259,158,204,1,2387
260,158,189,1,1666
261,158,50,1,2576
262,159,132,2,1926
263,160,117,1,889
264,161,241,1,3489
265,161,258,1,1045
266,162,4,2,1235
267,162,113,2,905
268,162,189,1,1666
269,162,62,1,2434
270,163,186,1,2220
271,164,123,1,674
272,165,212,2,2326
273,166,170,1,4112
274,166,167,1,697
275,167,112,1,4359
276,167,250,1,3263
277,168,245,1,1007
278,168,128,1,3606
279,168,68,2,1955
280,168,192,2,1872
281,169,65,1,1146
282,170,200,1,1045
283,171,243,1,3284
284,172,50,2,2576
285,173,135,1,2171
286,174,98,1,504
287,174,56,1,3318
288,175,47,1,1090
289,175,215,1,1468
290,176,152,1,4917
291,177,70,1,1664
292,177,162,2,480
293,178,164,1,346
294,178,32,1,339
295,179,133,1,1808
296,179,131,1,4961
297,179,27,1,4308
298,179,175,1,507
299,180,38,1,474
300,181,217,1,2142
301,182,218,1,4143
302,182,245,1,1007
303,182,197,1,337
304,183,223,2,2638
305,183,118,1,1985
306,184,135,1,2171
307,184,100,1,3021
308,184,123,1,674
309,185,254,1,1388
310,185,178,2,1669
311,186,228,1,1251
312,186,32,1,339
313,187,104,1,2185
314,188,11,2,1138
315,188,142,1,1191
316,189,229,1,3069
317,189,34,1,687
318,190,117,1,889
319,191,192,1,1872
320,191,187,2,1056
321,191,248,2,661
322,192,94,1,545
323,193,125,1,2036
324,193,58,1,985
325,194,83,1,2600
326,195,46,1,2165
327,196,85,1,1326
328,197,42,1,1316
329,198,14,2,2466
330,199,134,1,1101
331,200,101,1,1236
332,201,55,2,1245
333,202,187,2,1056
334,203,59,1,2340
335,204,104,1,2185
336,205,216,2,1929
337,206,252,1,1362
338,207,253,2,1210
339,208,249,1,1851
340,209,227,1,2172
341,210,258,1,1045
342,211,173,2,954
343,212,67,1,1202
344,213,235,1,2439
345,214,60,1,1286
346,214,260,2,4920
347,215,118,1,1985
348,215,245,1,1007
349,215,77,1,340
350,215,249,2,1851
351,216,253,1,1210
352,216,22,1,1491
353,217,58,1,985
354,218,4,1,1235
355,219,12,1,2353
356,220,238,1,608
357,221,119,1,679
358,222,47,1,1090
359,223,127,1,1032
360,223,19,2,1024
361,223,32,1,339
362,223,76,1,3454
363,224,94,1,545
364,225,84,1,1955
365,226,124,1,4690
366,227,64,1,1446
367,227,36,1,2571
368,228,69,1,3023
369,229,128,1,3606
370,229,69,1,3023
371,229,59,1,2340
372,229,174,1,2394
373,230,200,1,1045
374,231,120,1,1402
375,231,255,1,1679
376,231,34,1,687
377,232,78,1,2774
378,233,109,1,880
379,234,29,1,1385
380,235,178,1,1669
381,236,78,1,2774
382,237,56,1,3318
383,237,51,1,1106
384,237,253,1,1210
385,238,156,1,4121
386,238,113,1,905
387,239,11,1,1138
388,240,90,1,2950
389,241,249,1,1851
390,241,216,1,1929
391,241,258,1,1045
392,242,130,1,1821
393,242,37,1,3880
394,243,152,1,4917
395,243,75,2,1776
396,243,60,2,1286
397,244,12,1,2353
398,244,243,1,3284
399,244,94,2,545
400,245,52,1,3076
401,245,223,1,2638
402,245,73,1,1116
403,245,190,2,914
404,246,158,1,1995
405,246,173,1,954
406,246,200,1,1045
407,247,134,1,1101
408,248,118,1,1985
409,248,214,2,939
410,248,164,1,346
411,249,246,1,922
412,250,210,1,3167
413,251,35,1,896
414,252,218,1,4143
415,252,193,2,320
416,253,45,1,700
417,254,188,2,812
418,254,56,1,3318
419,255,227,1,2172
420,256,233,1,1005
421,257,82,1,1744
422,258,238,1,608
423,258,152,2,4917
424,259,5,1,2971
425,259,190,1,914
426,260,219,1,1744
427,260,198,1,288
428,260,188,2,812
429,261,236,1,2208
430,262,67,1,1202
431,263,89,1,1622
432,264,183,1,1013
433,265,159,1,366
434,266,215,1,1468
435,267,25,1,520
436,268,71,1,4418
437,268,97,1,3814
438,269,166,1,1629
439,270,237,1,953
440,271,68,1,1955
441,272,259,1,1755
442,272,187,2,1056
443,273,244,1,3886
444,273,166,1,1629
445,274,66,2,919
446,275,132,2,1926
447,276,50,1,2576
448,277,91,1,1066
449,278,93,1,2982
450,278,81,1,864
451,279,133,1,1808
452,280,115,1,1860
453,281,139,1,747
454,282,58,1,985
455,282,7,1,1684
456,282,125,1,2036
457,282,96,1,2172
458,283,192,1,1872
459,284,71,1,4418
460,285,46,1,2165
461,285,125,1,2036
462,285,117,1,889
463,286,49,1,2877
464,286,133,2,1808
465,287,16,1,2221
466,288,33,2,1607
467,289,232,2,1983
468,289,118,1,1985
469,290,246,1,922
470,290,227,1,2172
471,291,115,1,1860
472,291,102,1,1216
473,292,196,2,1458
474,292,96,2,2172
475,293,31,1,1395
476,293,40,1,3597
477,294,207,1,2780
478,295,87,1,765
479,295,148,1,802
480,295,140,1,386
481,295,158,1,1995
482,296,121,1,2200
483,297,46,1,2165
484,298,224,1,946
485,298,244,1,3886
486,299,210,1,3167
487,299,1,1,1502
488,299,166,1,1629
489,300,188,1,812
490,301,179,2,881
491,302,230,1,3446
492,303,248,1,661
493,303,154,2,2033
494,303,210,1,3167
495,303,145,1,4871
496,304,66,1,919
497,305,142,1,1191
498,306,244,1,3886
499,307,94,1,545
500,307,87,1,765
501,307,49,1,2877
502,308,147,1,568
503,308,37,2,3880
504,308,177,1,1789
505,309,176,2,1005
506,309,203,1,1961
507,309,49,1,2877
508,310,227,1,2172
509,310,205,1,2762
510,311,173,2,954
511,311,153,2,723
512,312,224,1,946
513,313,14,2,2466
514,313,242,2,2482
515,314,138,1,2815
516,314,246,1,922
517,315,232,1,1983
518,315,193,1,320
519,316,51,1,1106
520,317,111,1,1379
521,318,221,2,549
522,319,137,1,1201
523,319,119,1,679
524,320,12,1,2353
525,320,117,1,889
526,321,164,1,346
527,322,116,1,2656
528,322,175,1,507
529,322,177,2,1789
530,322,251,1,2690
531,323,137,2,1201
532,324,209,1,2922
533,324,223,1,2638
534,324,197,1,337
535,325,94,2,545
536,325,32,1,339
537,326,90,1,2950
538,327,18,1,4595
539,328,137,1,1201
540,329,41,1,4035
541,329,202,2,1791
542,329,91,2,1066
543,329,145,1,4871
544,330,201,1,2173
545,330,208,1,2093
546,330,30,1,644
547,330,160,2,1181
548,331,63,1,2111
549,331,121,1,2200
550,331,129,1,2404
551,331,91,1,1066
552,332,198,1,288
553,333,172,1,1424
554,334,202,1,1791
555,334,2,2,2368
556,335,14,1,2466
557,336,77,1,340
558,337,42,1,1316
559,338,183,1,1013
560,338,146,2,2144
561,339,173,2,954
562,340,81,1,864
563,340,183,1,1013
564,341,49,1,2877
565,341,182,1,4880
566,342,31,1,1395
567,342,242,1,2482
568,343,61,1,524
569,344,55,1,1245
570,344,47,2,1090
571,344,174,2,2394
572,344,146,1,2144
573,345,172,1,1424
574,346,63,1,2111
575,347,82,1,1744
576,348,37,1,3880
577,349,28,1,1184
578,349,36,1,2571
579,349,114,1,1370
580,350,129,1,2404
581,350,249,1,1851
582,350,83,1,2600
583,350,240,1,676
584,351,174,1,2394
585,352,71,2,4418
586,352,42,1,1316
587,352,240,1,676
588,353,208,1,2093
589,354,166,1,1629
590,355,36,1,2571
591,355,124,1,4690
592,356,48,2,2585
593,356,140,1,386
594,357,136,2,1890
595,357,135,1,2171
596,358,73,1,1116
597,359,32,1,339
598,360,54,1,2174
599,361,129,1,2404
600,361,24,1,2536
601,361,94,1,545
602,362,140,2,386
603,362,47,1,1090
604,362,61,1,524
605,363,146,1,2144
606,364,177,1,1789
607,365,208,1,2093
608,365,166,1,1629
609,366,108,1,1117
610,366,17,1,3452
611,366,47,1,1090
612,366,162,1,480
613,367,222,2,1380
614,367,117,1,889
615,368,259,1,1755
616,369,137,1,1201
617,370,108,1,1117
618,370,96,1,2172
619,371,32,1,339
620,372,173,2,954
621,373,85,1,1326
622,373,109,1,880
623,374,195,1,2494
624,374,193,1,320
625,374,100,1,3021
626,375,13,1,791
627,376,259,1,1755
628,376,241,1,3489
629,377,197,2,337
630,377,94,2,545
631,377,58,1,985
632,378,92,1,373
633,379,193,1,320
634,380,107,2,1323
635,381,84,1,1955
636,381,149,2,1079
637,382,171,1,1622
638,383,73,1,1116
639,384,58,1,985
640,385,11,1,1138
641,385,164,1,346
642,386,211,1,3043
643,387,129,1,2404
644,387,97,1,3814
645,388,41,1,4035
646,389,120,1,1402
647,390,143,1,1966
648,391,192,1,1872
649,392,210,1,3167
650,393,252,2,1362
651,394,220,1,455
652,395,226,1,1589
653,396,90,1,2950
654,396,55,1,1245
655,397,129,1,2404
656,397,25,1,520
657,398,14,1,2466
658,398,25,2,520
659,399,204,1,2387
660,399,1,1,1502
661,400,28,1,1184
662,401,39,1,1614
663,402,120,1,1402
664,403,244,1,3886
665,403,164,1,346
666,403,256,1,2709
667,404,157,1,1180
668,405,75,1,1776
669,405,58,1,985
670,406,259,1,1755
671,407,197,1,337
672,407,101,1,1236
673,408,167,1,697
674,409,234,1,3084
675,410,167,1,697
676,410,62,1,2434
677,411,133,1,1808
678,412,33,1,1607
679,413,66,1,919
680,414,54,2,2174
681,414,137,1,1201
682,415,61,2,524
683,416,192,1,1872
684,417,93,1,2982
685,418,51,1,1106
686,419,176,2,1005
687,419,254,1,1388
688,419,230,1,3446
689,419,224,2,946
690,420,226,1,1589
691,420,167,1,697
692,421,74,2,768
693,421,86,1,1087
694,421,85,2,1326
695,422,1,1,1502
696,423,14,1,2466
697,423,148,1,802
698,424,5,1,2971
699,425,152,1,4917
700,425,215,1,1468
701,426,121,1,2200
702,426,103,1,1035
703,427,157,1,1180
704,427,63,1,2111
705,428,61,1,524
706,428,152,1,4917
707,429,143,1,1966
708,430,20,1,1016
709,431,39,1,1614
710,431,138,1,2815
711,431,158,2,1995
712,432,245,1,1007
713,433,247,1,3450
714,433,42,1,1316
715,434,58,2,985
716,435,30,1,644
717,436,257,1,1615
718,436,244,2,3886
719,437,97,1,3814
720,437,168,1,1663
721,437,140,1,386
722,438,226,1,1589
723,439,116,1,2656
724,440,135,1,2171
725,441,154,1,2033
726,442,145,1,4871
727,443,73,1,1116
728,444,255,1,1679
729,445,214,1,939
730,446,82,1,1744
731,446,9,1,2492
732,447,108,2,1117
733,448,172,1,1424
734,448,54,1,2174
735,448,192,1,1872
736,449,11,1,1138
737,450,87,1,765
738,451,27,1,4308
739,452,69,2,3023
740,453,159,1,366
741,453,114,2,1370
742,454,140,1,386
743,454,76,1,3454
744,455,142,1,1191
745,455,244,2,3886
746,456,85,1,1326
747,457,80,2,698
748,458,141,1,2869
749,458,18,2,4595
750,459,84,1,1955
751,459,49,2,2877
752,459,152,1,4917
753,460,36,1,2571
754,461,244,1,3886
755,462,240,1,676
756,462,221,2,549
757,463,218,1,4143
758,463,237,1,953
759,464,57,1,1202
760,464,79,1,2279
761,464,117,1,889
762,464,209,1,2922
763,465,124,1,4690
764,465,180,2,1127
765,466,229,1,3069
766,466,132,1,1926
767,466,108,1,1117
768,467,79,1,2279
769,468,113,2,905
770,468,202,1,1791
771,468,210,1,3167
772,468,15,1,1892
773,469,253,2,1210
774,470,58,1,985
775,470,73,1,1116
776,471,93,1,2982
777,471,134,1,1101
778,472,125,1,2036
779,473,254,1,1388
780,474,192,1,1872
781,474,189,1,1666
782,475,69,2,3023
783,475,245,1,1007
784,475,133,1,1808
785,475,40,1,3597
786,476,166,2,1629
787,476,101,2,1236
788,476,74,1,768
789,477,97,1,3814
790,477,3,1,2438
791,477,69,1,3023
792,478,65,2,1146
793,479,119,1,679
794,479,96,1,2172
795,480,127,2,1032
796,480,100,1,3021
797,480,235,1,2439
798,481,210,1,3167
799,481,147,1,568
800,481,70,1,1664
801,482,124,1,4690
802,482,18,2,4595
803,483,121,1,2200
804,484,153,1,723
805,484,173,1,954
806,485,145,1,4871
807,485,79,1,2279
808,486,135,1,2171
809,486,233,1,1005
810,487,118,2,1985
811,488,123,1,674
812,489,106,2,521
813,490,246,1,922
814,490,238,1,608
815,491,157,1,1180
816,492,173,2,954
817,493,164,2,346
818,494,105,1,436
819,494,125,1,2036
820,495,244,1,3886
821,496,136,2,1890
822,497,218,1,4143
823,498,179,2,881
824,498,151,1,1372
825,498,231,1,1582
826,498,215,1,1468
827,499,54,1,2174
828,499,260,1,4920
829,499,125,1,2036
830,500,63,2,2111
831,500,35,1,896
832,500,144,1,2653
833,501,249,1,1851
834,501,221,1,549
835,501,30,2,644
836,502,16,1,2221
837,502,223,1,2638
838,503,43,1,2261
839,503,199,1,4228
840,504,179,1,881
841,504,86,1,1087
842,505,79,1,2279
843,505,231,2,1582
844,505,121,1,2200
845,506,232,1,1983
846,506,161,1,1562
847,507,150,1,2232
848,508,16,1,2221
849,509,260,2,4920
850,509,253,1,1210
851,510,35,1,896
852,511,103,1,1035
853,512,50,2,2576
854,513,70,1,1664
855,513,133,1,1808
856,514,87,1,765
857,515,47,1,1090
858,515,155,2,1446
859,516,152,1,4917
860,516,118,1,1985
861,517,186,1,2220
862,518,165,1,2382
863,519,4,1,1235
864,520,247,1,3450
865,521,248,1,661
866,521,103,1,1035
867,521,23,2,789
868,522,15,1,1892
869,522,6,1,1780
870,523,236,2,2208
871,523,163,1,4058
872,523,60,1,1286
873,524,121,1,2200
874,525,17,2,3452
875,526,155,1,1446
876,527,84,1,1955
877,527,39,1,1614
878,528,145,1,4871
879,528,98,1,504
880,529,1,1,1502
881,529,176,1,1005
882,530,39,1,1614
883,531,246,1,922
884,532,9,1,2492
885,533,76,1,3454
886,533,98,1,504
887,533,110,1,3488
888,534,211,1,3043
889,535,78,1,2774
890,535,96,1,2172
891,536,232,1,1983
892,537,246,1,922
893,538,6,1,1780
894,539,213,1,2422
895,539,235,1,2439
896,540,51,2,1106
897,541,119,1,679
898,542,114,2,1370
899,542,49,1,2877
900,542,133,2,1808
901,542,46,1,2165
902,543,29,1,1385
903,543,175,1,507
904,543,237,1,953
905,544,211,2,3043
906,545,111,1,1379
907,546,87,1,765
908,546,195,1,2494
909,547,241,1,3489
910,547,33,1,1607
911,547,56,1,3318
912,548,194,1,1779
913,548,125,1,2036
914,549,82,1,1744
915,549,24,1,2536
916,550,89,2,1622
917,551,165,1,2382
918,552,157,1,1180
919,552,125,1,2036
920,552,1,1,1502
921,552,65,1,1146
922,553,181,1,3645
923,554,29,1,1385
924,555,134,1,1101
925,555,16,1,2221
926,556,6,1,1780
927,557,135,1,2171
928,557,196,1,1458
929,558,35,1,896
930,559,45,1,700
931,560,145,1,4871
932,560,194,1,1779
933,561,93,1,2982
934,561,186,1,2220
935,561,200,1,1045
936,562,14,1,2466
937,562,31,1,1395
938,562,237,2,953
939,563,209,1,2922
940,563,92,2,373
941,563,56,2,3318
942,564,177,1,1789
943,564,5,1,2971
944,565,135,1,2171
945,565,110,1,3488
946,565,79,1,2279
947,566,174,1,2394
948,567,95,1,1582
949,568,74,1,768
950,568,149,2,1079
951,569,60,1,1286
952,569,29,1,1385
953,570,80,1,698
954,570,17,1,3452
955,570,30,1,644
956,571,122,1,3391
957,571,178,1,1669
958,572,196,2,1458
959,573,29,1,1385
960,573,50,1,2576
961,574,51,1,1106
962,574,199,1,4228
963,575,233,1,1005
964,576,184,1,1478
965,576,26,1,3195
966,577,93,1,2982
967,578,168,1,1663
968,578,192,2,1872
969,579,185,1,2091
970,579,11,2,1138
971,580,220,1,455
972,581,47,1,1090
973,581,221,2,549
974,582,140,1,386
975,583,154,1,2033
976,583,81,1,864
977,583,177,1,1789
978,584,239,1,1197
979,585,215,1,1468
980,585,159,1,366
981,586,83,1,2600
982,587,20,1,1016
983,588,142,1,1191
984,589,130,1,1821
985,590,209,2,2922
986,590,148,1,802
987,591,82,1,1744
988,591,203,1,1961
989,592,15,1,1892
990,592,46,2,2165
991,592,232,1,1983
992,593,26,1,3195
993,593,84,1,1955
994,594,64,1,1446
995,594,158,1,1995
996,595,27,1,4308
997,596,131,1,4961
998,596,238,1,608
999,597,227,1,2172
1000,598,143,1,1966
1001,598,17,1,3452
1002,598,114,1,1370
1003,599,91,1,1066
1004,600,174,1,2394
1005,601,52,1,3076
1006,601,253,1,1210
1007,601,259,1,1755
1008,601,173,1,954
1009,602,141,1,2869
1010,603,224,1,946
1011,603,66,1,919
1012,603,172,1,1424
1013,604,77,1,340
1014,605,138,1,2815
1015,605,116,1,2656
1016,606,107,1,1323
1017,607,199,2,4228
1018,608,225,1,1606
1019,609,218,1,4143
1020,609,210,1,3167
1021,610,56,1,3318
1022,610,215,2,1468
1023,610,96,1,2172
1024,611,21,2,2014
1025,611,97,2,3814
1026,612,72,1,262
1027,612,140,2,386
1028,612,151,1,1372
1029,613,215,1,1468
1030,614,93,1,2982
1031,615,189,1,1666
1032,616,105,1,436
1033,617,142,1,1191
1034,617,128,1,3606
1035,618,73,1,1116
1036,618,177,2,1789
1037,619,155,1,1446
1038,620,169,1,1930
1039,621,123,1,674
1040,622,257,1,1615
1041,622,18,1,4595
1042,623,248,1,661
1043,624,238,1,608
1044,625,159,2,366
1045,626,57,1,1202
1046,627,116,1,2656
1047,627,101,1,1236
1048,627,38,2,474
1049,628,86,1,1087
1050,629,248,2,661
1051,630,98,1,504
1052,631,235,2,2439
1053,632,16,1,2221
1054,632,238,1,608
1055,633,212,1,2326
1056,634,214,2,939
1057,634,57,1,1202
1058,635,17,1,3452
1059,636,229,1,3069
1060,637,25,1,520
1061,637,87,1,765
1062,638,105,1,436
1063,639,235,1,2439
1064,639,242,1,2482
1065,640,191,1,1880
1066,641,250,1,3263
1067,642,178,2,1669
1068,642,216,1,1929
1069,642,119,2,679
1070,642,195,1,2494
1071,643,74,1,768
1072,643,80,1,698
1073,644,117,1,889
1074,644,244,1,3886
1075,645,108,1,1117
1076,646,45,1,700
1077,646,176,2,1005
1078,646,204,1,2387
1079,647,162,2,480
1080,647,241,1,3489
1081,647,98,1,504
1082,648,222,1,1380
1083,648,49,1,2877
1084,648,211,1,3043
1085,648,30,1,644
1086,649,14,1,2466
1087,650,244,1,3886
1088,651,207,1,2780
1089,652,64,1,1446
1090,653,110,1,3488
1091,654,243,1,3284
1092,655,30,1,644
1093,655,94,2,545
1094,656,105,1,436
1095,657,1,1,1502
1096,657,85,1,1326
1097,658,193,1,320
1098,658,98,1,504
1099,658,76,2,3454
1100,659,155,1,1446
1101,660,259,2,1755
1102,661,158,1,1995
1103,662,199,1,4228
1104,662,127,1,1032
1105,662,220,1,455
1106,662,18,1,4595
1107,663,2,1,2368
1108,664,181,1,3645
1109,664,235,2,2439
1110,665,134,1,1101
1111,666,254,1,1388
1112,667,97,1,3814
1113,667,115,2,1860
1114,667,34,1,687
1115,668,201,1,2173
1116,668,139,1,747
1117,668,210,1,3167
1118,668,207,2,2780
1119,669,248,2,661
1120,669,121,1,2200
1121,670,18,1,4595
1122,671,89,2,1622
1123,672,88,1,938
1124,672,74,1,768
1125,672,200,1,1045
1126,673,87,1,765
1127,674,205,1,2762
1128,674,120,1,1402
1129,674,29,1,1385
1130,675,224,1,946
1131,675,77,1,340
1132,675,199,1,4228
1133,676,234,1,3084
1134,677,86,2,1087
1135,678,243,1,3284
1136,679,98,1,504
1137,679,152,1,4917
1138,680,225,1,1606
1139,680,53,1,4850
1140,681,59,1,2340
1141,682,148,1,802
1142,683,211,1,3043
1143,683,198,1,288
1144,684,112,1,4359
1145,684,12,1,2353
1146,685,6,1,1780
1147,686,114,1,1370
1148,687,158,2,1995
1149,688,20,1,1016
1150,689,95,1,1582
1151,690,208,1,2093
1152,691,36,1,2571
1153,691,231,1,1582
1154,692,168,2,1663
1155,693,130,1,1821
1156,693,79,1,2279
1157,693,206,1,1709
1158,693,182,1,4880
1159,694,77,1,340
1160,694,234,1,3084
1161,695,209,2,2922
1162,696,160,1,1181
1163,696,55,1,1245
1164,696,6,2,1780
1165,697,68,2,1955
1166,697,190,1,914
1167,698,76,1,3454
1168,699,176,1,1005
1169,699,138,1,2815
1170,700,235,1,2439
1171,700,141,1,2869
1172,701,51,2,1106
1173,701,177,1,1789
1174,702,221,1,549
1175,703,185,1,2091
1176,704,21,1,2014
1177,705,225,1,1606
1178,706,91,1,1066
1179,707,55,1,1245
1180,707,105,1,436
1181,708,220,1,455
1182,708,229,1,3069
1183,709,76,1,3454
1184,709,165,1,2382
1185,710,190,1,914
1186,711,47,1,1090
1187,712,257,1,1615
1188,712,145,1,4871
1189,713,177,1,1789
1190,713,193,1,320
1191,713,62,1,2434
1192,714,42,1,1316
1193,714,20,1,1016
1194,715,137,1,1201
1195,715,259,1,1755
1196,715,155,1,1446
1197,716,80,1,698
1198,716,58,1,985
1199,716,6,1,1780
1200,717,112,1,4359
1201,718,255,1,1679
1202,718,174,1,2394
1203,719,157,1,1180
1204,719,166,1,1629
1205,720,126,1,1970
1206,720,35,1,896
1207,720,96,1,2172
1208,720,73,1,1116
1209,721,23,1,789
1210,722,12,1,2353
1211,723,155,1,1446
1212,724,49,1,2877
1213,725,219,1,1744
1214,726,48,1,2585
1215,726,131,1,4961
1216,727,161,1,1562
1217,728,110,1,3488
1218,729,22,1,1491
1219,729,107,2,1323
1220,730,246,1,922
1221,730,164,1,346
1222,731,210,1,3167
1223,731,85,1,1326
1224,732,88,1,938
1225,733,181,1,3645
1226,733,91,2,1066
1227,734,121,1,2200
1228,734,213,2,2422
1229,735,69,1,3023
1230,735,148,2,802
1231,735,145,1,4871
1232,736,59,1,2340
1233,736,51,1,1106
1234,737,219,1,1744
1235,737,94,2,545
1236,738,88,1,938
1237,739,91,1,1066
1238,739,144,1,2653
1239,740,208,1,2093
1240,741,49,1,2877
1241,741,80,1,698
1242,741,257,1,1615
1243,742,112,1,4359
1244,743,133,2,1808
1245,743,70,1,1664
1246,743,83,1,2600
1247,744,237,1,953
1248,744,252,1,1362
1249,745,108,1,1117
1250,746,134,1,1101
1251,747,99,1,1858
1252,748,220,1,455
1253,748,246,2,922
1254,749,222,1,1380
1255,750,203,1,1961
1256,750,101,1,1236
1257,751,174,1,2394
1258,751,23,2,789
1259,751,11,2,1138
1260,751,98,1,504
1261,752,105,1,436
1262,753,69,1,3023
1263,753,116,1,2656
1264,753,7,1,1684
1265,754,125,1,2036
1266,755,90,1,2950
1267,755,230,1,3446
1268,756,70,1,1664
1269,756,30,1,644
1270,757,143,1,1966
1271,758,193,1,320
1272,758,77,1,340
1273,759,253,1,1210
1274,760,13,1,791
1275,760,84,1,1955
1276,761,27,1,4308
1277,762,104,1,2185
1278,763,42,1,1316
1279,763,81,1,864
1280,764,52,1,3076
1281,764,95,1,1582
1282,765,229,1,3069
1283,766,36,1,2571
1284,766,122,1,3391
1285,767,227,1,2172
1286,767,133,1,1808
1287,767,49,1,2877
1288,767,81,1,864
1289,768,91,1,1066
1290,769,61,1,524
1291,770,49,1,2877
1292,771,151,1,1372
1293,771,58,2,985
1294,772,40,2,3597
1295,773,31,1,1395
1296,774,253,1,1210
1297,775,201,2,2173
1298,776,47,1,1090
1299,777,233,1,1005
1300,777,78,1,2774
1301,778,121,1,2200
1302,779,94,1,545
1303,780,146,2,2144
1304,780,195,1,2494
1305,781,245,1,1007
1306,782,212,1,2326
1307,783,53,1,4850
1308,784,50,1,2576
1309,784,251,1,2690
1310,784,63,1,2111
1311,785,125,2,2036
1312,786,1,1,1502
1313,786,222,1,1380
1314,787,23,1,789
1315,787,122,1,3391
1316,787,162,1,480
1317,787,43,1,2261
1318,788,93,1,2982
1319,789,71,1,4418
1320,789,59,1,2340
1321,790,246,1,922
1322,791,95,1,1582
1323,792,246,1,922
1324,793,24,1,2536
1325,794,119,1,679
1326,795,126,1,1970
1327,796,117,1,889
1328,796,26,2,3195
1329,797,91,2,1066
1330,797,107,1,1323
1331,797,80,2,698
1332,798,5,2,2971
1333,798,208,1,2093
1334,798,228,1,1251
1335,799,13,1,791
1336,799,38,1,474
1337,800,34,1,687
1338,801,109,1,880
1339,802,224,1,946
1340,802,20,1,1016
1341,803,116,1,2656
1342,803,235,2,2439
1343,804,118,1,1985
1344,805,122,1,3391
1345,805,247,2,3450
1346,806,138,2,2815
1347,807,68,1,1955
1348,808,230,2,3446
1349,809,212,1,2326
1350,810,134,1,1101
1351,811,89,1,1622
1352,811,10,1,2642
1353,812,243,1,3284
1354,812,162,1,480
1355,813,60,1,1286
1356,814,18,1,4595
1357,815,256,1,2709
1358,816,162,1,480
1359,816,177,1,1789
1360,817,142,1,1191
1361,818,205,1,2762
1362,818,40,1,3597
1363,818,90,1,2950
1364,819,204,1,2387
1365,820,167,1,697
1366,820,118,2,1985
1367,821,206,1,1709
1368,821,119,1,679
1369,822,24,2,2536
1370,823,13,1,791
1371,824,68,1,1955
1372,825,79,2,2279
1373,825,70,1,1664
1374,826,258,1,1045
1375,827,146,1,2144
1376,828,111,1,1379
1377,829,106,1,521
1378,829,49,1,2877
1379,830,38,1,474
1380,831,41,1,4035
1381,832,201,1,2173
1382,833,192,1,1872
1383,833,57,1,1202
1384,834,96,1,2172
1385,835,234,1,3084
1386,835,148,1,802
1387,836,42,1,1316
1388,837,98,1,504
1389,837,203,2,1961
1390,837,142,1,1191
1391,838,71,1,4418
1392,838,161,2,1562
1393,839,211,1,3043
1394,839,254,1,1388
1395,839,246,1,922
1396,840,82,2,1744
1397,841,9,1,2492
1398,842,134,1,1101
1399,843,70,1,1664
1400,843,69,2,3023
1401,844,122,1,3391
1402,845,77,1,340
1403,846,57,1,1202
1404,847,198,1,288
1405,848,68,1,1955
1406,849,7,1,1684
1407,850,227,1,2172
1408,850,198,2,288
1409,851,152,1,4917
1410,852,77,2,340
1411,852,183,1,1013
1412,853,14,1,2466
1413,854,228,1,1251
1414,854,94,1,545
1415,855,153,1,723
1416,856,134,2,1101
1417,857,213,1,2422
1418,857,96,1,2172
1419,857,153,1,723
1420,858,256,1,2709
1421,858,200,1,1045
1422,858,131,2,4961
1423,858,127,1,1032
1424,859,208,1,2093
1425,860,207,1,2780
1426,861,244,2,3886
1427,862,238,1,608
1428,863,117,1,889
1429,864,179,1,881
1430,865,2,1,2368
1431,865,257,2,1615
1432,865,3,1,2438
1433,865,135,1,2171
1434,866,227,1,2172
1435,866,58,1,985
1436,867,73,1,1116
1437,867,196,1,1458
1438,868,18,1,4595
1439,868,3,1,2438
1440,868,30,1,644
1441,869,26,1,3195
1442,869,206,1,1709
1443,869,123,1,674
1444,870,16,1,2221
1445,871,9,1,2492
1446,871,81,2,864
1447,872,111,1,1379
1448,872,227,1,2172
1449,873,39,1,1614
1450,873,252,1,1362
1451,873,53,1,4850
1452,874,68,1,1955
1453,874,131,1,4961
1454,875,151,1,1372
1455,876,104,1,2185
1456,877,182,1,4880
1457,878,77,1,340
1458,879,214,1,939
1459,880,84,2,1955
1460,881,237,2,953
1461,881,12,2,2353
1462,881,114,1,1370
1463,881,147,1,568
1464,882,123,1,674
1465,883,137,1,1201
1466,884,12,1,2353
1467,884,256,1,2709
1468,885,107,1,1323
1469,885,139,1,747
1470,886,127,1,1032
1471,887,104,1,2185
1472,887,151,1,1372
1473,887,150,1,2232
1474,888,75,1,1776
1475,889,44,2,2892
1476,890,82,1,1744
1477,890,145,2,4871
1478,891,66,1,919
1479,891,29,2,1385
1480,891,92,1,373
1481,892,161,1,1562
1482,893,118,2,1985
1483,894,250,1,3263
1484,895,242,1,2482
1485,896,157,1,1180
1486,897,185,1,2091
1487,898,86,1,1087
1488,899,61,1,524
1489,900,210,1,3167
1490,901,89,1,1622
1491,902,172,1,1424
1492,903,69,1,3023
1493,903,144,1,2653
1494,904,165,1,2382
1495,904,25,1,520
1496,905,170,1,4112
1497,906,18,1,4595
1498,906,28,1,1184
1499,906,150,1,2232
1500,907,126,1,1970
1501,907,145,1,4871
1502,908,146,1,2144
1503,908,89,1,1622
1504,909,4,1,1235
1505,910,240,1,676
1506,911,203,2,1961
1507,912,169,1,1930
1508,912,257,1,1615
1509,912,189,2,1666
1510,912,229,1,3069
1511,913,78,1,2774
1512,914,49,2,2877
1513,915,136,1,1890
1514,915,23,1,789
1515,916,29,1,1385
1516,916,255,2,1679
1517,917,56,2,3318
1518,917,234,1,3084
1519,917,102,1,1216
1520,918,169,1,1930
1521,918,250,1,3263
1522,918,17,2,3452
1523,919,2,1,2368
1524,920,198,2,288
1525,921,154,1,2033
1526,921,150,1,2232
1527,922,260,1,4920
1528,923,58,1,985
1529,924,200,2,1045
1530,924,219,1,1744
1531,925,139,1,747
1532,925,52,1,3076
1533,926,189,1,1666
1534,926,220,1,455
1535,927,247,1,3450
1536,927,212,1,2326
1537,927,162,1,480
1538,928,15,1,1892
1539,929,153,1,723
1540,930,37,1,3880
1541,930,161,2,1562
1542,931,114,1,1370
1543,932,23,1,789
1544,932,201,2,2173
1545,933,216,1,1929
1546,934,97,1,3814
1547,935,64,1,1446
1548,936,47,2,1090
1549,937,3,1,2438
1550,938,240,1,676
1551,939,138,1,2815
1552,940,79,1,2279
1553,941,186,1,2220
1554,941,35,1,896
1555,942,23,1,789
1556,943,167,1,697
1557,944,7,1,1684
1558,945,119,1,679
1559,946,57,2,1202
1560,947,202,1,1791
1561,948,192,1,1872
1562,949,251,2,2690
1563,950,52,1,3076
1564,951,236,1,2208
1565,952,251,1,2690
1566,952,7,1,1684
1567,952,231,1,1582
1568,953,210,2,3167
1569,954,47,1,1090
1570,954,73,1,1116
1571,954,186,1,2220
1572,955,227,1,2172
1573,956,83,1,2600
1574,956,86,1,1087
1575,957,122,1,3391
1576,958,30,1,644
1577,958,34,1,687
1578,958,38,1,474
1579,958,72,1,262
1580,959,230,1,3446
1581,960,219,1,1744
1582,961,199,1,4228
1583,961,153,1,723
1584,962,44,2,2892
1585,962,75,1,1776
1586,963,9,1,2492
1587,964,49,1,2877
1588,965,30,2,644
1589,966,143,2,1966
1590,966,255,1,1679
1591,967,80,1,698
1592,968,72,1,262
1593,969,184,1,1478
1594,969,228,1,1251
1595,970,37,1,3880
1596,970,3,1,2438
1597,971,71,1,4418
1598,971,131,1,4961
1599,972,150,1,2232
1600,973,169,1,1930
1601,974,248,1,661
1602,975,125,2,2036
1603,975,162,1,480
1604,975,183,1,1013
1605,976,89,1,1622
1606,977,80,1,698
1607,978,17,1,3452
1608,978,254,1,1388
1609,979,132,1,1926
1610,979,145,1,4871
1611,979,168,2,1663
1612,980,75,1,1776
1613,980,123,1,674
1614,980,100,2,3021
1615,981,11,1,1138
1616,982,229,1,3069
1617,983,18,2,4595
1618,984,1,1,1502
1619,985,41,1,4035
1620,986,195,1,2494
1621,987,145,1,4871
1622,988,260,1,4920
1623,989,14,1,2466
1624,989,49,1,2877
1625,989,216,1,1929
1626,989,194,2,1779
1627,990,114,2,1370
1628,991,138,1,2815
1629,991,175,1,507
1630,991,250,1,3263
1631,992,98,1,504
1632,993,37,1,3880
1633,994,108,1,1117
1634,995,86,1,1087
1635,996,76,2,3454
1636,996,45,1,700
1637,997,117,1,889
1638,998,188,1,812
1639,998,235,1,2439
1640,999,150,1,2232
1641,1000,146,1,2144
1642,1000,229,2,3069
1643,1001,142,1,1191
1644,1002,56,1,3318
1645,1002,47,1,1090
1646,1003,193,2,320
1647,1004,166,2,1629
1648,1005,162,1,480
1649,1006,153,1,723
1650,1007,252,2,1362
1651,1008,34,1,687
1652,1008,147,1,568
1653,1008,199,1,4228
1654,1009,168,1,1663
1655,1009,239,1,1197
1656,1010,27,1,4308
1657,1011,166,1,1629
1658,1011,162,1,480
1659,1012,216,1,1929
1660,1013,60,2,1286
1661,1014,105,1,436
1662,1015,143,2,1966
1663,1015,260,1,4920
1664,1015,47,1,1090
1665,1015,4,1,1235
1666,1016,20,1,1016
1667,1016,19,1,1024
1668,1017,156,1,4121
1669,1018,93,2,2982
1670,1019,30,1,644
1671,1019,64,1,1446
1672,1020,127,1,1032
1673,1021,240,1,676
1674,1022,29,1,1385
1675,1023,98,1,504
1676,1023,78,1,2774
1677,1024,128,1,3606
1678,1024,152,1,4917
1679,1024,172,1,1424
1680,1025,1,2,1502
1681,1026,144,1,2653
1682,1027,207,1,2780
1683,1027,64,1,1446
1684,1027,112,1,4359
1685,1028,101,1,1236
1686,1029,222,1,1380
1687,1030,127,1,1032
1688,1031,234,1,3084
1689,1031,145,1,4871
1690,1032,248,1,661
1691,1033,244,1,3886
1692,1033,202,1,1791
1693,1034,239,1,1197
1694,1034,198,1,288
1695,1035,140,1,386
1696,1036,8,1,1392
1697,1037,13,1,791
1698,1037,64,1,1446
1699,1038,260,1,4920
1700,1038,222,1,1380
1701,1038,186,1,2220
1702,1038,204,1,2387
1703,1039,175,1,507
1704,1039,208,2,2093
1705,1040,125,1,2036
1706,1041,90,1,2950
1707,1041,133,1,1808
1708,1042,98,1,504
1709,1043,152,2,4917
1710,1044,160,1,1181
1711,1045,142,1,1191
1712,1046,80,1,698
1713,1047,143,1,1966
1714,1048,192,1,1872
1715,1048,52,2,3076
1716,1048,82,1,1744
1717,1049,231,1,1582
1718,1050,98,2,504
1719,1051,8,1,1392
1720,1051,220,1,455
1721,1052,231,1,1582
1722,1052,43,1,2261
1723,1053,27,1,4308
1724,1053,129,1,2404
1725,1054,129,1,2404
1726,1054,28,1,1184
1727,1054,2,1,2368
1728,1055,176,1,1005
1729,1056,18,1,4595
1730,1057,249,1,1851
1731,1058,255,1,1679
1732,1058,126,1,1970
1733,1058,2,1,2368
1734,1059,83,1,2600
1735,1060,73,1,1116
1736,1061,97,1,3814
1737,1062,230,1,3446
1738,1062,188,2,812
1739,1062,156,1,4121
1740,1063,96,1,2172
1741,1064,27,1,4308
1742,1065,225,1,1606
1743,1065,44,1,2892
1744,1066,182,1,4880
1745,1066,9,1,2492
1746,1067,23,1,789
1747,1067,207,2,2780
1748,1068,189,1,1666
1749,1068,43,1,2261
1750,1069,200,2,1045
1751,1069,188,2,812
1752,1070,36,1,2571
1753,1071,195,1,2494
1754,1071,157,2,1180
1755,1071,34,2,687
1756,1071,255,1,1679
1757,1072,251,2,2690
1758,1073,28,1,1184
1759,1074,253,1,1210
1760,1074,60,1,1286
1761,1074,114,2,1370
1762,1075,25,1,520
1763,1076,108,1,1117
1764,1076,66,1,919
1765,1076,211,1,3043
1766,1077,231,1,1582
1767,1078,236,1,2208
1768,1078,72,1,262
1769,1078,214,1,939
1770,1079,237,1,953
1771,1080,195,1,2494
1772,1081,128,1,3606
1773,1081,158,1,1995
1774,1081,78,1,2774
1775,1082,25,1,520
1776,1082,10,1,2642
1777,1082,171,1,1622
1778,1083,123,1,674
1779,1084,9,2,2492
1780,1084,172,2,1424
1781,1085,219,1,1744
1782,1086,46,2,2165
1783,1086,184,1,1478
1784,1087,10,2,2642
1785,1088,143,1,1966
1786,1089,16,1,2221
1787,1089,11,1,1138
1788,1090,163,2,4058
1789,1090,176,1,1005
1790,1090,134,1,1101
1791,1091,112,1,4359
1792,1092,72,1,262
1793,1093,208,1,2093
1794,1094,81,1,864
1795,1094,212,1,2326
1796,1095,3,1,2438
1797,1095,8,1,1392
1798,1095,67,1,1202
1799,1096,253,1,1210
1800,1096,180,1,1127
1801,1097,48,1,2585
1802,1098,229,1,3069
1803,1099,50,1,2576
1804,1100,5,1,2971
1805,1100,129,1,2404
1806,1101,70,1,1664
1807,1102,128,1,3606
1808,1103,229,1,3069
1809,1103,255,1,1679
1810,1103,95,1,1582
1811,1104,77,1,340
1812,1104,109,2,880
1813,1104,255,1,1679
1814,1104,215,2,1468
1815,1105,31,1,1395
1816,1106,152,1,4917
1817,1107,251,1,2690
1818,1108,77,2,340
1819,1108,72,1,262
1820,1108,135,1,2171
1821,1109,6,1,1780
1822,1110,213,2,2422
1823,1111,219,1,1744
1824,1111,50,2,2576
1825,1112,167,1,697
1826,1113,12,1,2353
1827,1113,180,1,1127
1828,1113,7,1,1684
1829,1114,182,1,4880
1830,1114,21,1,2014
1831,1115,67,1,1202
1832,1115,157,1,1180
1833,1115,53,1,4850
1834,1115,112,1,4359
1835,1116,196,1,1458
1836,1116,246,1,922
1837,1117,95,1,1582
1838,1117,92,1,373
1839,1118,109,1,880
1840,1119,179,1,881
1841,1119,96,1,2172
1842,1120,160,1,1181
1843,1121,78,2,2774
1844,1122,115,1,1860
1845,1122,104,1,2185
1846,1123,92,1,373
1847,1124,160,1,1181
1848,1125,199,2,4228
1849,1126,138,1,2815
1850,1127,61,1,524
1851,1128,29,1,1385
1852,1129,57,1,1202
1853,1130,59,1,2340
1854,1130,60,1,1286
1855,1130,38,2,474
1856,1130,209,1,2922
1857,1131,29,1,1385
1858,1132,242,1,2482
1859,1132,178,2,1669
1860,1133,192,2,1872
1861,1134,146,1,2144
1862,1134,119,1,679
1863,1135,124,1,4690
1864,1136,34,1,687
1865,1137,67,1,1202
1866,1137,16,1,2221
1867,1137,173,1,954
1868,1137,11,1,1138
1869,1138,166,1,1629
1870,1138,136,1,1890
1871,1139,213,1,2422
1872,1139,87,1,765
1873,1140,251,1,2690
1874,1140,175,1,507
1875,1141,16,1,2221
1876,1141,162,2,480
1877,1142,245,1,1007
1878,1143,157,1,1180
1879,1143,1,1,1502
1880,1143,42,1,1316
1881,1144,176,1,1005
1882,1145,257,1,1615
1883,1145,143,1,1966
1884,1145,87,1,765
1885,1145,71,1,4418
1886,1146,145,1,4871
1887,1146,114,1,1370
1888,1147,84,1,1955
1889,1147,226,2,1589
1890,1147,249,2,1851
1891,1147,218,1,4143
1892,1148,203,1,1961
1893,1149,41,1,4035
1894,1149,16,1,2221
1895,1150,85,1,1326
1896,1151,150,1,2232
1897,1152,73,1,1116
1898,1153,244,1,3886
1899,1154,34,1,687
1900,1154,139,1,747
1901,1155,176,1,1005
1902,1156,192,1,1872
1903,1157,121,1,2200
1904,1157,232,2,1983
1905,1158,3,2,2438
1906,1158,27,1,4308
1907,1158,30,1,644
1908,1158,91,1,1066
1909,1159,239,1,1197
1910,1160,58,1,985
1911,1160,201,1,2173
1912,1160,112,1,4359
1913,1161,74,1,768
1914,1162,224,1,946
1915,1162,122,2,3391
1916,1163,179,1,881
1917,1163,252,1,1362
1918,1164,24,1,2536
1919,1164,12,1,2353
1920,1164,23,1,789
1921,1164,102,1,1216
1922,1165,85,1,1326
1923,1166,55,1,1245
1924,1166,3,1,2438
1925,1167,236,1,2208
1926,1168,43,1,2261
1927,1168,148,1,802
1928,1169,51,1,1106
1929,1170,161,1,1562
1930,1171,107,1,1323
1931,1172,60,1,1286
1932,1173,192,1,1872
1933,1174,114,1,1370
1934,1174,171,1,1622
1935,1175,204,1,2387
1936,1176,226,2,1589
1937,1176,159,2,366
1938,1176,67,1,1202
1939,1177,14,1,2466
1940,1178,59,1,2340
1941,1178,65,1,1146
1942,1178,242,2,2482
1943,1179,92,1,373
1944,1179,108,1,1117
1945,1179,132,1,1926
1946,1179,85,2,1326
1947,1180,10,1,2642
1948,1181,51,1,1106
1949,1181,148,1,802
1950,1181,20,1,1016
1951,1182,240,1,676
1952,1183,75,1,1776
1953,1184,221,1,549
1954,1184,147,1,568
1955,1185,14,1,2466
1956,1185,201,1,2173
1957,1186,61,1,524
1958,1186,197,1,337
1959,1186,194,1,1779
1960,1186,60,2,1286
1961,1187,103,1,1035
1962,1188,113,1,905
1963,1189,256,1,2709
1964,1190,230,1,3446
1965,1190,69,1,3023
1966,1191,94,1,545
1967,1191,169,1,1930
1968,1191,222,1,1380
1969,1192,105,1,436
1970,1192,181,1,3645
1971,1192,245,1,1007
1972,1193,73,1,1116
1973,1194,196,2,1458
1974,1195,255,2,1679
1975,1196,221,2,549
1976,1196,254,1,1388
1977,1197,74,1,768
1978,1197,183,1,1013
1979,1197,6,1,1780
1980,1198,92,1,373
1981,1199,250,1,3263
1982,1200,142,1,1191
1983,1201,211,1,3043
1984,1202,25,1,520
1985,1202,203,1,1961
1986,1203,166,2,1629
1987,1204,235,1,2439
1988,1205,235,1,2439
1989,1205,127,1,1032
1990,1205,36,1,2571
1991,1205,258,1,1045
1992,1206,235,2,2439
1993,1206,1,2,1502
1994,1207,22,1,1491
1995,1208,61,1,524
1996,1209,43,1,2261
1997,1209,80,2,698
1998,1210,50,1,2576
1999,1211,36,2,2571
2000,1212,27,1,4308
2001,1212,104,1,2185
2002,1213,42,1,1316
2003,1214,201,1,2173
2004,1215,37,1,3880
2005,1215,106,2,521
2006,1216,170,1,4112
2007,1217,245,1,1007
2008,1218,174,1,2394
2009,1218,224,1,946
2010,1219,128,1,3606
2011,1219,186,1,2220
2012,1220,201,2,2173
2013,1220,181,1,3645
2014,1220,122,1,3391
2015,1221,64,1,1446
2016,1222,57,2,1202
2017,1222,214,1,939
2018,1223,220,1,455
2019,1223,52,1,3076
2020,1224,259,1,1755
2021,1225,93,1,2982
2022,1226,16,1,2221
2023,1227,95,1,1582
2024,1228,9,1,2492
2025,1228,232,1,1983
2026,1229,210,1,3167
2027,1229,19,1,1024
2028,1230,110,1,3488
2029,1230,125,1,2036
2030,1230,12,1,2353
2031,1231,48,1,2585
2032,1232,84,1,1955
2033,1233,161,1,1562
2034,1233,80,1,698
2035,1233,149,1,1079
2036,1234,85,1,1326
2037,1235,131,1,4961
2038,1236,147,1,568
2039,1237,154,1,2033
2040,1237,198,1,288
2041,1237,160,1,1181
2042,1238,194,1,1779
2043,1239,13,2,791
2044,1239,206,2,1709
2045,1239,135,1,2171
2046,1240,71,1,4418
2047,1240,58,1,985
2048,1241,86,1,1087
2049,1242,61,1,524
2050,1242,85,1,1326
2051,1242,167,1,697
2052,1242,144,1,2653
2053,1243,6,1,1780
2054,1244,125,1,2036
2055,1244,232,1,1983
2056,1244,134,1,1101
2057,1244,10,2,2642
2058,1245,210,2,3167
2059,1245,191,1,1880
2060,1245,75,2,1776
2061,1245,169,1,1930
2062,1246,210,1,3167
2063,1247,70,1,1664
2064,1248,4,1,1235
2065,1248,220,1,455
2066,1249,198,1,288
2067,1250,61,2,524
2068,1251,115,1,1860
2069,1252,103,1,1035
2070,1252,259,1,1755
2071,1253,21,1,2014
2072,1253,123,2,674
2073,1254,16,1,2221
2074,1255,258,1,1045
2075,1255,148,1,802
2076,1255,224,1,946
2077,1256,59,1,2340
2078,1257,14,1,2466
2079,1257,204,1,2387
2080,1258,196,1,1458
2081,1259,29,1,1385
2082,1259,195,1,2494
2083,1259,230,1,3446
2084,1260,62,2,2434
2085,1260,206,1,1709
2086,1261,259,2,1755
2087,1262,244,2,3886
2088,1262,133,1,1808
2089,1263,218,1,4143
2090,1263,73,1,1116
2091,1264,16,1,2221
2092,1264,117,1,889
2093,1264,147,1,568
2094,1265,162,1,480
2095,1266,33,2,1607
2096,1266,183,1,1013
2097,1267,189,1,1666
2098,1268,155,1,1446
2099,1269,241,2,3489
2100,1269,211,1,3043
2101,1270,169,1,1930
2102,1270,21,2,2014
2103,1271,57,1,1202
2104,1272,78,1,2774
2105,1273,79,2,2279
2106,1273,72,1,262
2107,1274,236,1,2208
2108,1275,9,1,2492
2109,1275,27,1,4308
2110,1276,40,1,3597
2111,1277,48,2,2585
2112,1278,59,2,2340
2113,1279,247,1,3450
2114,1279,29,2,1385
2115,1280,91,1,1066
2116,1281,64,1,1446
2117,1282,222,1,1380
2118,1282,10,1,2642
2119,1283,145,1,4871
2120,1283,208,1,2093
2121,1284,223,1,2638
2122,1284,101,1,1236
2123,1284,257,1,1615
2124,1284,229,1,3069
2125,1285,69,1,3023
2126,1285,162,1,480
2127,1285,164,1,346
2128,1286,202,1,1791
2129,1287,243,2,3284
2130,1288,147,1,568
2131,1288,87,1,765
2132,1289,209,1,2922
2133,1290,85,1,1326
2134,1290,221,1,549
2135,1291,238,2,608
2136,1292,77,2,340
2137,1292,152,1,4917
2138,1293,107,2,1323
2139,1294,232,1,1983
2140,1295,227,1,2172
2141,1295,65,1,1146
2142,1295,184,2,1478
2143,1296,61,1,524
2144,1296,78,1,2774
2145,1297,52,1,3076
2146,1298,231,1,1582
2147,1299,54,2,2174
2148,1300,243,1,3284
2149,1301,227,1,2172
2150,1302,113,1,905
2151,1302,22,1,1491
2152,1303,249,1,1851
2153,1304,160,1,1181
2154,1305,48,1,2585
2155,1305,82,1,1744
2156,1305,12,1,2353
2157,1305,127,1,1032
2158,1306,164,1,346
2159,1307,6,1,1780
2160,1307,175,1,507
2161,1308,8,1,1392
2162,1308,69,1,3023
2163,1308,257,1,1615
2164,1309,126,1,1970
2165,1309,31,2,1395
2166,1310,141,2,2869
2167,1310,53,1,4850
2168,1310,207,1,2780
2169,1311,130,1,1821
2170,1311,34,1,687
2171,1312,138,1,2815
2172,1312,108,2,1117
2173,1312,119,1,679
2174,1312,230,1,3446
2175,1313,179,1,881
2176,1313,146,1,2144
2177,1313,246,1,922
2178,1314,101,1,1236
2179,1314,51,1,1106
2180,1315,11,1,1138
2181,1316,65,2,1146
2182,1316,85,1,1326
2183,1317,56,1,3318
2184,1318,217,1,2142
2185,1319,174,1,2394
2186,1319,187,1,1056
2187,1320,33,1,1607
2188,1321,93,1,2982
2189,1322,45,1,700
2190,1323,63,1,2111
2191,1324,184,1,1478
2192,1325,1,1,1502
2193,1325,196,1,1458
2194,1326,35,1,896
2195,1327,22,1,1491
2196,1328,41,1,4035
2197,1329,71,1,4418
2198,1329,130,1,1821
2199,1330,104,2,2185
2200,1331,170,1,4112
2201,1332,227,2,2172
2202,1333,111,2,1379
2203,1334,194,1,1779
2204,1334,144,1,2653
2205,1334,133,1,1808
2206,1335,32,2,339
2207,1335,174,1,2394
2208,1336,74,1,768
2209,1336,49,1,2877
2210,1337,228,1,1251
2211,1338,50,1,2576
2212,1338,246,1,922
2213,1339,82,1,1744
2214,1339,136,1,1890
2215,1340,157,1,1180
2216,1341,43,1,2261
2217,1341,257,1,1615
2218,1342,258,1,1045
2219,1343,133,1,1808
2220,1344,234,1,3084
2221,1345,81,1,864
2222,1345,151,1,1372
2223,1346,143,1,1966
2224,1347,111,2,1379
2225,1347,72,1,262
2226,1348,248,1,661
2227,1349,255,2,1679
2228,1350,152,1,4917
2229,1351,177,1,1789
2230,1352,89,1,1622
2231,1353,23,1,789
2232,1353,105,1,436
2233,1354,13,1,791
2234,1355,151,2,1372
2235,1355,34,1,687
2236,1356,258,1,1045
2237,1356,117,1,889
2238,1356,70,1,1664
2239,1357,232,2,1983
2240,1357,67,1,1202
2241,1357,110,1,3488
2242,1358,65,1,1146
2243,1358,149,1,1079
2244,1358,107,1,1323
2245,1359,179,2,881
2246,1359,13,2,791
2247,1360,132,2,1926
2248,1361,41,1,4035
2249,1361,66,2,919
2250,1361,163,1,4058
2251,1362,122,1,3391
2252,1362,185,1,2091
2253,1363,189,2,1666
2254,1363,134,1,1101
2255,1363,198,1,288
2256,1364,23,2,789
2257,1364,11,1,1138
2258,1364,128,1,3606
2259,1365,49,2,2877
2260,1366,217,1,2142
2261,1366,239,1,1197
2262,1366,226,2,1589
2263,1366,62,1,2434
2264,1367,182,1,4880
2265,1367,167,1,697
2266,1367,89,2,1622
2267,1368,90,1,2950
2268,1369,81,1,864
2269,1369,192,2,1872
2270,1370,17,1,3452
2271,1370,215,1,1468
2272,1371,50,1,2576
2273,1371,89,1,1622
2274,1372,221,1,549
2275,1372,86,1,1087
2276,1372,211,1,3043
2277,1373,91,1,1066
2278,1373,160,1,1181
2279,1374,64,1,1446
2280,1375,161,1,1562
2281,1376,110,1,3488
2282,1377,62,1,2434
2283,1378,16,1,2221
2284,1378,20,1,1016
2285,1378,115,1,1860
2286,1379,128,1,3606
2287,1380,172,1,1424
2288,1380,178,1,1669
2289,1381,69,1,3023
2290,1381,225,2,1606
2291,1382,215,1,1468
2292,1383,104,1,2185
2293,1384,231,1,1582
2294,1385,58,1,985
2295,1386,256,1,2709
2296,1387,81,1,864
2297,1387,91,1,1066
2298,1387,93,1,2982
2299,1387,58,1,985
2300,1388,245,1,1007
2301,1389,173,1,954
2302,1389,128,1,3606
2303,1389,180,1,1127
2304,1390,155,1,1446
2305,1390,21,1,2014
2306,1390,237,1,953
2307,1390,227,1,2172
2308,1391,220,1,455
2309,1392,176,1,1005
2310,1393,51,2,1106
2311,1393,28,1,1184
2312,1393,5,2,2971
2313,1394,219,1,1744
2314,1394,90,1,2950
2315,1395,122,1,3391
2316,1396,143,1,1966
2317,1396,10,1,2642
2318,1396,100,1,3021
2319,1397,234,1,3084
2320,1397,154,2,2033
2321,1398,100,2,3021
2322,1399,258,1,1045
2323,1399,25,1,520
2324,1400,125,2,2036
2325,1400,195,2,2494
2326,1401,198,1,288
2327,1402,26,1,3195
2328,1402,104,1,2185
2329,1403,29,1,1385
2330,1403,21,1,2014
2331,1404,249,1,1851
2332,1405,75,2,1776
2333,1406,74,1,768
2334,1407,33,1,1607
2335,1407,189,1,1666
2336,1407,219,1,1744
2337,1407,100,1,3021
2338,1408,225,1,1606
2339,1409,84,1,1955
2340,1409,223,2,2638
2341,1410,51,1,1106
2342,1410,32,1,339
2343,1410,208,1,2093
2344,1410,232,1,1983
2345,1411,24,1,2536
2346,1412,137,1,1201
2347,1412,165,1,2382
2348,1412,170,1,4112
2349,1413,44,2,2892
2350,1413,222,1,1380
2351,1414,173,1,954
2352,1415,255,1,1679
2353,1416,233,1,1005
2354,1417,13,2,791
2355,1418,230,1,3446
2356,1419,91,1,1066
2357,1420,76,1,3454
2358,1420,18,1,4595
2359,1421,149,1,1079
2360,1421,168,1,1663
2361,1422,255,1,1679
2362,1423,232,1,1983
2363,1423,32,1,339
2364,1424,7,1,1684
2365,1425,86,1,1087
2366,1425,196,1,1458
2367,1425,241,1,3489
2368,1426,88,1,938
2369,1426,68,1,1955
2370,1427,31,2,1395
2371,1428,65,1,1146
2372,1428,35,1,896
2373,1428,157,1,1180
2374,1428,85,1,1326
2375,1429,190,2,914
2376,1430,6,1,1780
2377,1431,196,1,1458
2378,1432,56,1,3318
2379,1432,241,1,3489
2380,1432,124,1,4690
2381,1433,81,2,864
2382,1433,53,2,4850
2383,1434,170,1,4112
2384,1435,78,1,2774
2385,1436,153,1,723
2386,1437,211,1,3043
2387,1437,206,1,1709
2388,1438,232,1,1983
2389,1439,144,1,2653
2390,1440,258,1,1045
2391,1441,255,2,1679
2392,1442,44,1,2892
2393,1443,103,2,1035
2394,1444,235,1,2439
2395,1445,119,1,679
2396,1446,223,1,2638
2397,1447,259,1,1755
2398,1448,21,1,2014
2399,1448,137,1,1201
2400,1449,156,1,4121
2401,1450,145,1,4871
2402,1450,88,1,938
2403,1450,250,1,3263
2404,1451,55,1,1245
2405,1452,198,1,288
2406,1453,1,1,1502
2407,1453,72,1,262
2408,1454,253,1,1210
2409,1455,56,1,3318
2410,1456,65,1,1146
2411,1457,205,1,2762
2412,1458,152,1,4917
2413,1458,208,1,2093
2414,1458,145,1,4871
2415,1459,98,2,504
2416,1460,102,1,1216
2417,1460,2,1,2368
2418,1460,149,1,1079
2419,1460,204,1,2387
2420,1461,192,1,1872
2421,1462,122,1,3391
2422,1462,146,1,2144
2423,1463,228,1,1251
2424,1464,99,1,1858
2425,1465,64,1,1446
2426,1465,220,1,455
2427,1466,146,1,2144
2428,1467,181,2,3645
2429,1467,31,1,1395
2430,1468,35,1,896
2431,1468,143,1,1966
2432,1468,206,1,1709
2433,1469,71,1,4418
2434,1470,231,1,1582
2435,1471,59,1,2340
2436,1471,66,2,919
2437,1471,55,1,1245
2438,1471,88,1,938
2439,1472,237,2,953
2440,1473,7,2,1684
2441,1473,99,1,1858
2442,1474,235,1,2439
2443,1474,169,2,1930
2444,1475,22,1,1491
2445,1476,203,1,1961
2446,1476,71,1,4418
2447,1476,157,1,1180
2448,1477,120,1,1402
2449,1478,48,1,2585
2450,1479,81,1,864
2451,1479,150,1,2232
2452,1479,181,1,3645
2453,1479,173,1,954
2454,1480,128,1,3606
2455,1480,162,1,480
2456,1481,248,2,661
2457,1482,138,1,2815
2458,1483,38,2,474
2459,1483,70,1,1664
2460,1483,108,1,1117
2461,1484,255,1,1679
2462,1484,122,1,3391
2463,1485,97,1,3814
2464,1485,78,1,2774
2465,1485,58,1,985
2466,1485,106,2,521
2467,1486,237,2,953
2468,1486,154,1,2033
2469,1487,21,1,2014
2470,1487,114,2,1370
2471,1488,246,1,922
2472,1489,227,1,2172
2473,1489,81,1,864
2474,1489,95,1,1582
2475,1490,87,1,765
2476,1490,165,1,2382
2477,1490,131,1,4961
2478,1491,102,1,1216
2479,1491,22,1,1491
2480,1491,208,1,2093
2481,1492,244,1,3886
2482,1493,30,2,644
2483,1494,213,1,2422
2484,1495,84,1,1955
2485,1496,64,1,1446
2486,1497,150,1,2232
2487,1498,72,1,262
2488,1499,38,1,474
2489,1500,130,1,1821
2490,1501,87,1,765
2491,1502,223,1,2638
2492,1502,80,1,698
2493,1502,67,1,1202
2494,1503,229,1,3069
2495,1504,80,1,698
2496,1505,59,1,2340
2497,1505,225,1,1606
2498,1505,193,1,320
2499,1505,45,1,700
2500,1506,62,1,2434
2501,1507,5,1,2971
2502,1508,68,1,1955
2503,1508,140,1,386
2504,1509,185,1,2091
2505,1510,20,1,1016
2506,1510,215,1,1468
2507,1510,57,1,1202
2508,1511,99,1,1858
2509,1512,252,1,1362
2510,1513,223,1,2638
2511,1514,212,1,2326
2512,1515,257,1,1615
2513,1515,26,1,3195
2514,1515,160,1,1181
2515,1516,50,1,2576
2516,1517,26,1,3195
2517,1518,129,1,2404
2518,1519,86,1,1087
2519,1519,154,1,2033
2520,1520,4,2,1235
2521,1521,172,1,1424
2522,1522,122,2,3391
2523,1522,13,1,791
2524,1523,114,1,1370
2525,1523,253,1,1210
2526,1524,18,2,4595
2527,1525,73,2,1116
2528,1526,83,1,2600
2529,1526,34,2,687
2530,1527,71,1,4418
2531,1528,237,1,953
2532,1529,39,1,1614
2533,1530,66,1,919
2534,1531,120,1,1402
2535,1531,131,1,4961
2536,1532,243,1,3284
2537,1533,164,2,346
2538,1533,64,1,1446
2539,1534,178,1,1669
2540,1535,146,1,2144
2541,1535,52,1,3076
2542,1536,98,1,504
2543,1537,111,1,1379
2544,1538,158,1,1995
2545,1539,61,1,524
2546,1539,74,1,768
2547,1540,201,1,2173
2548,1541,240,1,676
2549,1541,195,1,2494
2550,1542,137,1,1201
2551,1542,237,1,953
2552,1543,202,1,1791
2553,1544,84,1,1955
2554,1544,127,2,1032
2555,1545,246,1,922
2556,1545,1,1,1502
2557,1546,211,1,3043
2558,1546,35,1,896
2559,1546,55,1,1245
2560,1547,248,1,661
2561,1548,52,2,3076
2562,1548,224,2,946
2563,1549,238,1,608
2564,1549,16,1,2221
2565,1549,183,1,1013
2566,1550,66,2,919
2567,1551,84,1,1955
2568,1552,103,1,1035
2569,1552,51,1,1106
2570,1553,19,1,1024
2571,1553,260,2,4920
2572,1553,220,1,455
2573,1554,53,1,4850
2574,1555,230,1,3446
2575,1555,169,1,1930
2576,1555,229,1,3069
2577,1555,187,1,1056
2578,1556,233,2,1005
2579,1557,136,1,1890
2580,1557,166,2,1629
2581,1558,89,1,1622
2582,1558,77,1,340
2583,1558,65,2,1146
2584,1559,4,1,1235
2585,1560,157,1,1180
2586,1561,116,1,2656
2587,1561,131,1,4961
2588,1561,109,1,880
2589,1562,69,1,3023
2590,1562,218,1,4143
2591,1562,243,1,3284
2592,1563,130,1,1821
2593,1564,260,1,4920
2594,1564,23,1,789
2595,1564,211,2,3043
2596,1565,146,1,2144
2597,1566,63,2,2111
2598,1566,192,1,1872
2599,1566,50,1,2576
2600,1567,133,1,1808
2601,1568,46,1,2165
2602,1568,29,1,1385
2603,1569,32,1,339
2604,1570,6,1,1780
2605,1570,240,1,676
2606,1570,96,1,2172
2607,1570,134,1,1101
2608,1571,197,1,337
2609,1572,138,1,2815
2610,1573,192,1,1872
2611,1574,74,1,768
2612,1575,35,1,896
2613,1575,85,1,1326
2614,1576,7,1,1684
2615,1576,227,1,2172
2616,1577,34,1,687
2617,1578,174,1,2394
2618,1579,48,1,2585
2619,1580,144,1,2653
2620,1580,141,1,2869
2621,1581,138,1,2815
2622,1582,253,1,1210
2623,1583,70,1,1664
2624,1583,182,1,4880
2625,1583,215,1,1468
2626,1584,78,1,2774
2627,1584,131,1,4961
2628,1585,49,1,2877
2629,1586,135,1,2171
2630,1587,47,2,1090
2631,1588,52,1,3076
2632,1589,75,2,1776
2633,1589,79,2,2279
2634,1590,177,1,1789
2635,1591,13,1,791
2636,1592,149,1,1079
2637,1592,189,1,1666
2638,1593,131,2,4961
2639,1594,234,1,3084
2640,1595,110,1,3488
2641,1596,67,2,1202
2642,1597,1,1,1502
2643,1597,225,1,1606
2644,1597,60,1,1286
2645,1598,16,1,2221
2646,1598,214,1,939
2647,1599,98,1,504
2648,1600,16,1,2221
2649,1600,220,1,455
2650,1601,155,1,1446
2651,1601,112,1,4359
2652,1602,91,1,1066
2653,1602,57,1,1202
2654,1603,233,1,1005
2655,1604,188,1,812
2656,1605,247,1,3450
2657,1606,19,1,1024
2658,1607,189,1,1666
2659,1608,161,1,1562
2660,1609,168,1,1663
2661,1610,169,1,1930
2662,1610,207,2,2780
2663,1610,48,1,2585
2664,1611,4,2,1235
2665,1612,250,2,3263
2666,1613,165,1,2382
2667,1614,171,1,1622
2668,1614,177,1,1789
2669,1614,55,1,1245
2670,1614,232,1,1983
2671,1615,224,1,946
2672,1616,174,1,2394
2673,1616,101,1,1236
2674,1617,29,1,1385
2675,1618,91,2,1066
2676,1618,124,1,4690
2677,1619,158,1,1995
2678,1619,136,1,1890
2679,1619,52,1,3076
2680,1619,50,1,2576
2681,1620,106,1,521
2682,1620,49,1,2877
2683,1620,226,1,1589
2684,1621,186,1,2220
2685,1622,93,1,2982
2686,1622,182,1,4880
2687,1623,189,1,1666
2688,1624,158,1,1995
2689,1624,165,1,2382
2690,1624,227,1,2172
2691,1624,233,1,1005
2692,1625,11,1,1138
2693,1625,2,2,2368
2694,1626,128,1,3606
2695,1626,185,1,2091
2696,1627,73,1,1116
2697,1628,211,1,3043
2698,1628,88,2,938
2699,1629,223,1,2638
2700,1629,209,2,2922
2701,1629,133,2,1808
2702,1629,70,2,1664
2703,1630,161,1,1562
2704,1631,58,1,985
2705,1632,244,1,3886
2706,1633,203,1,1961
2707,1634,159,2,366
2708,1635,86,1,1087
2709,1636,100,1,3021
2710,1636,4,1,1235
2711,1636,195,1,2494
2712,1637,56,1,3318
2713,1637,193,1,320
2714,1638,250,1,3263
2715,1639,172,1,1424
2716,1639,180,1,1127
2717,1640,6,1,1780
2718,1641,223,1,2638
2719,1641,70,1,1664
2720,1642,175,1,507
2721,1643,149,1,1079
2722,1644,143,1,1966
2723,1644,247,1,3450
2724,1644,83,1,2600
2725,1645,233,2,1005
2726,1645,124,1,4690
2727,1646,62,1,2434
2728,1646,67,2,1202
2729,1647,89,1,1622
2730,1647,158,1,1995
2731,1648,251,1,2690
2732,1648,240,1,676
2733,1649,43,1,2261
2734,1650,199,1,4228
2735,1650,90,1,2950
2736,1651,131,1,4961
2737,1652,26,1,3195
2738,1652,245,1,1007
2739,1653,2,1,2368
2740,1654,245,1,1007
2741,1655,32,1,339
2742,1655,64,2,1446
2743,1656,188,1,812
2744,1656,259,1,1755
2745,1657,44,1,2892
2746,1657,59,1,2340
2747,1657,225,1,1606
2748,1658,193,1,320
2749,1659,225,1,1606
2750,1660,26,1,3195
2751,1660,247,1,3450
2752,1660,89,1,1622
2753,1661,147,1,568
2754,1662,157,1,1180
2755,1663,231,1,1582
2756,1663,256,1,2709
2757,1663,107,1,1323
2758,1663,233,1,1005
2759,1664,3,1,2438
2760,1665,26,1,3195
2761,1666,106,2,521
2762,1667,180,1,1127
2763,1668,219,1,1744
2764,1669,96,1,2172
2765,1670,107,1,1323
2766,1671,86,1,1087
2767,1672,220,1,455
2768,1672,210,1,3167
2769,1672,30,2,644
2770,1673,26,1,3195
2771,1674,28,1,1184
2772,1675,179,1,881
2773,1676,161,1,1562
2774,1676,38,1,474
2775,1676,250,1,3263
2776,1676,237,1,953
2777,1677,43,1,2261
2778,1677,94,1,545
2779,1678,105,1,436
2780,1679,197,1,337
2781,1680,155,1,1446
2782,1681,53,1,4850
2783,1681,195,1,2494
2784,1681,31,2,1395
2785,1682,148,1,802
2786,1683,258,1,1045
2787,1684,85,1,1326
2788,1685,208,1,2093
2789,1685,27,1,4308
2790,1686,120,2,1402
2791,1686,247,1,3450
2792,1687,154,1,2033
2793,1687,33,1,1607
2794,1687,126,2,1970
2795,1688,155,1,1446
2796,1688,17,1,3452
2797,1689,132,1,1926
2798,1690,43,2,2261
2799,1691,239,1,1197
2800,1692,225,1,1606
2801,1692,141,1,2869
2802,1692,73,1,1116
2803,1692,98,1,504
2804,1693,227,1,2172
2805,1694,219,1,1744
2806,1695,120,1,1402
2807,1695,239,1,1197
2808,1696,220,1,455
2809,1697,49,1,2877
2810,1697,232,1,1983
2811,1697,245,2,1007
2812,1698,7,1,1684
2813,1699,109,1,880
2814,1700,85,1,1326
2815,1700,207,1,2780
2816,1701,157,1,1180
2817,1702,214,2,939
2818,1703,208,1,2093
2819,1703,28,1,1184
2820,1704,134,1,1101
2821,1705,4,1,1235
2822,1706,229,1,3069
2823,1707,63,1,2111
2824,1707,195,1,2494
2825,1708,33,1,1607
2826,1709,45,1,700
2827,1709,119,1,679
2828,1709,130,2,1821
2829,1709,167,1,697
2830,1710,48,1,2585
2831,1710,215,1,1468
2832,1711,228,1,1251
2833,1711,213,1,2422
2834,1711,2,1,2368
2835,1711,224,1,946
2836,1712,122,1,3391
2837,1713,66,1,919
2838,1713,132,1,1926
2839,1714,64,1,1446
2840,1714,49,2,2877
2841,1715,102,1,1216
2842,1716,182,1,4880
2843,1717,140,1,386
2844,1717,56,1,3318
2845,1717,82,1,1744
2846,1718,214,1,939
2847,1719,20,1,1016
2848,1720,173,1,954
2849,1720,228,1,1251
2850,1720,94,1,545
2851,1721,25,1,520
2852,1722,45,1,700
2853,1723,245,2,1007
2854,1724,28,1,1184
2855,1724,126,1,1970
2856,1725,103,1,1035
2857,1726,249,1,1851
2858,1726,71,1,4418
2859,1727,179,1,881
2860,1728,236,1,2208
2861,1728,149,1,1079
2862,1729,202,1,1791
2863,1730,60,1,1286
2864,1730,83,2,2600
2865,1730,198,2,288
2866,1731,204,1,2387
2867,1732,138,1,2815
2868,1732,83,2,2600
2869,1733,124,1,4690
2870,1734,219,1,1744
2871,1734,104,1,2185
2872,1735,114,1,1370
2873,1736,246,1,922
2874,1736,6,1,1780
2875,1737,209,1,2922
2876,1738,210,2,3167
2877,1738,139,1,747
2878,1738,114,1,1370
2879,1738,247,1,3450
2880,1739,238,1,608
2881,1739,78,1,2774
2882,1740,129,1,2404
2883,1740,259,1,1755
2884,1741,147,1,568
2885,1742,113,1,905
2886,1743,32,1,339
2887,1744,185,2,2091
2888,1744,159,1,366
2889,1745,38,1,474
2890,1745,101,1,1236
2891,1746,156,1,4121
2892,1747,17,2,3452
2893,1748,11,1,1138
2894,1749,257,1,1615
2895,1749,180,1,1127
2896,1749,203,1,1961
2897,1750,214,1,939
2898,1750,257,1,1615
2899,1751,14,1,2466
2900,1752,105,1,436
2901,1752,211,1,3043
2902,1752,177,1,1789
2903,1752,153,1,723
2904,1753,135,2,2171
2905,1754,215,1,1468
2906,1755,19,1,1024
2907,1755,89,1,1622
2908,1755,61,1,524
2909,1756,108,1,1117
2910,1757,147,1,568
2911,1758,219,1,1744
2912,1758,171,1,1622
2913,1758,73,1,1116
2914,1759,45,1,700
2915,1759,226,2,1589
2916,1759,30,1,644
2917,1759,96,1,2172
2918,1760,78,1,2774
2919,1761,72,1,262
2920,1761,209,2,2922
2921,1762,127,1,1032
2922,1762,109,2,880
2923,1763,31,2,1395
2924,1763,11,1,1138
2925,1763,216,1,1929
2926,1763,20,1,1016
2927,1764,83,1,2600
2928,1765,10,1,2642
2929,1765,200,1,1045
2930,1765,102,1,1216
2931,1766,143,1,1966
2932,1766,74,1,768
2933,1766,194,2,1779
2934,1767,209,1,2922
2935,1768,33,1,1607
2936,1769,157,1,1180
2937,1769,23,1,789
2938,1769,251,2,2690
2939,1770,125,2,2036
2940,1770,224,1,946
2941,1771,117,1,889
2942,1772,51,1,1106
2943,1773,87,1,765
2944,1774,40,2,3597
2945,1774,209,1,2922
2946,1775,35,1,896
2947,1775,172,1,1424
2948,1776,234,2,3084
2949,1777,197,2,337
2950,1777,148,1,802
2951,1778,137,1,1201
2952,1779,223,1,2638
2953,1780,45,2,700
2954,1781,249,2,1851
2955,1782,63,1,2111
2956,1782,207,1,2780
2957,1783,86,1,1087
2958,1784,246,1,922
2959,1784,21,1,2014
2960,1784,27,2,4308
2961,1785,239,1,1197
2962,1786,132,2,1926
2963,1786,22,1,1491
2964,1787,128,1,3606
2965,1788,78,2,2774
2966,1788,184,1,1478
2967,1788,182,1,4880
2968,1789,4,1,1235
2969,1790,6,2,1780
2970,1790,118,1,1985
2971,1791,26,1,3195
2972,1792,147,1,568
2973,1793,174,1,2394
2974,1793,103,1,1035
2975,1794,124,1,4690
2976,1794,219,1,1744
2977,1795,241,1,3489
2978,1795,75,1,1776
2979,1796,173,1,954
2980,1797,200,2,1045
2981,1798,120,1,1402
2982,1799,258,1,1045
2983,1799,43,1,2261
2984,1800,18,1,4595
2985,1800,122,1,3391
2986,1801,174,1,2394
2987,1802,133,1,1808
2988,1802,96,1,2172
2989,1803,204,1,2387
2990,1804,121,1,2200
2991,1805,236,1,2208
2992,1805,126,1,1970
2993,1806,199,2,4228
2994,1806,205,1,2762
2995,1807,2,1,2368
2996,1808,78,1,2774
2997,1809,14,1,2466
2998,1810,78,1,2774
2999,1810,26,1,3195
3000,1810,224,2,946
3001,1810,99,2,1858
3002,1811,143,2,1966
3003,1812,245,2,1007
3004,1812,246,2,922
3005,1812,117,1,889
3006,1813,171,1,1622
3007,1813,58,1,985
3008,1813,93,1,2982
3009,1814,71,1,4418
3010,1815,114,1,1370
3011,1816,47,1,1090
3012,1817,7,1,1684
3013,1818,184,1,1478
3014,1819,91,1,1066
3015,1820,201,1,2173
3016,1820,245,1,1007
3017,1821,205,1,2762
3018,1822,233,1,1005
3019,1823,202,1,1791
3020,1824,256,2,2709
3021,1825,50,1,2576
3022,1826,148,1,802
3023,1826,4,1,1235
3024,1827,112,1,4359
3025,1828,61,1,524
3026,1829,196,1,1458
3027,1830,60,1,1286
3028,1830,181,1,3645
3029,1831,207,1,2780
3030,1831,73,2,1116
3031,1831,29,1,1385
3032,1831,42,1,1316
3033,1832,23,1,789
3034,1832,74,1,768
3035,1832,232,1,1983
3036,1833,224,1,946
3037,1834,100,2,3021
3038,1835,242,1,2482
3039,1836,64,1,1446
3040,1836,139,1,747
3041,1837,221,1,549
3042,1837,191,1,1880
3043,1837,17,1,3452
3044,1838,193,1,320
3045,1838,220,1,455
3046,1839,13,1,791
3047,1839,238,2,608
3048,1839,192,2,1872
3049,1840,76,1,3454
3050,1841,14,1,2466
3051,1842,152,2,4917
3052,1843,119,1,679
3053,1844,20,1,1016
3054,1845,166,1,1629
3055,1846,150,1,2232
3056,1846,97,2,3814
3057,1846,17,1,3452
3058,1847,40,1,3597
3059,1848,166,1,1629
3060,1849,184,1,1478
3061,1850,226,1,1589
3062,1851,12,1,2353
3063,1851,40,1,3597
3064,1852,179,1,881
3065,1852,32,1,339
3066,1853,154,1,2033
3067,1853,93,1,2982
3068,1854,178,1,1669
3069,1855,105,1,436
3070,1855,97,1,3814
3071,1855,28,1,1184
3072,1856,130,1,1821
3073,1856,94,2,545
3074,1856,68,1,1955
3075,1857,153,1,723
3076,1858,116,1,2656
3077,1858,70,1,1664
3078,1859,111,1,1379
3079,1859,11,1,1138
3080,1860,221,1,549
3081,1860,132,1,1926
3082,1861,21,1,2014
3083,1861,69,1,3023
3084,1862,195,1,2494
3085,1863,135,1,2171
3086,1864,93,1,2982
3087,1865,231,1,1582
3088,1866,237,1,953
3089,1866,62,1,2434
3090,1866,24,1,2536
3091,1867,142,1,1191
3092,1867,258,2,1045
3093,1868,50,1,2576
3094,1869,173,1,954
3095,1869,120,1,1402
3096,1869,180,1,1127
3097,1870,247,1,3450
3098,1871,22,2,1491
3099,1871,259,1,1755
3100,1872,260,1,4920
3101,1873,154,1,2033
3102,1873,259,1,1755
3103,1874,130,1,1821
3104,1874,222,1,1380
3105,1874,34,1,687
3106,1875,87,1,765
3107,1875,177,1,1789
3108,1875,140,2,386
3109,1876,133,1,1808
3110,1876,173,1,954
3111,1876,254,2,1388
3112,1877,4,1,1235
3113,1878,190,1,914
3114,1878,66,2,919
3115,1878,14,1,2466
3116,1878,166,1,1629
3117,1879,15,1,1892
3118,1880,251,1,2690
3119,1880,48,1,2585
3120,1881,70,1,1664
3121,1881,100,1,3021
3122,1882,48,1,2585
3123,1883,118,1,1985
3124,1883,79,1,2279
3125,1883,121,1,2200
3126,1884,219,1,1744
3127,1885,1,1,1502
3128,1885,153,1,723
3129,1886,79,1,2279
3130,1887,224,1,946
3131,1887,233,1,1005
3132,1887,25,1,520
3133,1888,47,1,1090
3134,1889,97,1,3814
3135,1889,107,1,1323
3136,1889,245,1,1007
3137,1890,204,1,2387
3138,1890,181,1,3645
3139,1891,231,1,1582
3140,1892,73,1,1116
3141,1892,237,1,953
3142,1893,173,1,954
3143,1893,77,1,340
3144,1894,28,1,1184
3145,1895,114,1,1370
3146,1895,55,1,1245
3147,1896,177,1,1789
3148,1896,200,1,1045
3149,1897,12,1,2353
3150,1897,5,1,2971
3151,1898,157,1,1180
3152,1898,175,1,507
3153,1899,48,2,2585
3154,1900,164,1,346
3155,1900,155,1,1446
3156,1901,19,1,1024
3157,1902,25,1,520
3158,1902,20,1,1016
3159,1903,62,1,2434
3160,1904,209,1,2922
3161,1904,203,1,1961
3162,1904,55,1,1245
3163,1905,98,1,504
3164,1905,59,1,2340
3165,1906,60,1,1286
3166,1907,118,1,1985
3167,1907,103,1,1035
3168,1907,56,1,3318
3169,1908,4,1,1235
3170,1908,21,1,2014
3171,1909,71,1,4418
3172,1910,254,1,1388
3173,1911,154,1,2033
3174,1911,102,1,1216
3175,1912,99,1,1858
3176,1912,105,1,436
3177,1913,252,1,1362
3178,1913,238,1,608
3179,1914,250,1,3263
3180,1914,111,1,1379
3181,1914,134,2,1101
3182,1914,172,1,1424
3183,1915,26,1,3195
3184,1915,90,1,2950
3185,1916,259,1,1755
3186,1917,174,2,2394
3187,1918,211,1,3043
3188,1918,226,1,1589
3189,1919,31,1,1395
3190,1919,96,2,2172
3191,1919,25,1,520
3192,1920,15,1,1892
3193,1921,27,1,4308
3194,1921,37,1,3880
3195,1921,219,1,1744
3196,1921,222,1,1380
3197,1922,57,1,1202
3198,1922,255,2,1679
3199,1923,214,1,939
3200,1924,234,1,3084
3201,1925,260,1,4920
3202,1926,187,2,1056
3203,1927,136,1,1890
3204,1927,54,2,2174
3205,1927,211,1,3043
3206,1928,29,1,1385
3207,1929,174,1,2394
3208,1930,57,1,1202
3209,1931,86,1,1087
3210,1932,142,1,1191
3211,1932,253,1,1210
3212,1933,131,1,4961
3213,1933,4,1,1235
3214,1934,140,1,386
3215,1935,54,1,2174
3216,1936,30,2,644
3217,1936,152,1,4917
3218,1936,67,1,1202
3219,1937,109,2,880
3220,1938,122,1,3391
3221,1939,197,2,337
3222,1939,213,2,2422
3223,1939,74,1,768
3224,1940,95,1,1582
3225,1941,105,1,436
3226,1942,101,1,1236
3227,1943,149,1,1079
3228,1944,215,1,1468
3229,1945,95,2,1582
3230,1945,77,1,340
3231,1945,27,1,4308
3232,1946,57,1,1202
3233,1946,76,1,3454
3234,1947,31,1,1395
3235,1948,178,1,1669
3236,1948,161,1,1562
3237,1948,137,1,1201
3238,1949,235,1,2439
3239,1950,71,2,4418
3240,1951,71,1,4418
3241,1952,86,1,1087
3242,1953,124,1,4690
3243,1954,206,2,1709
3244,1954,17,1,3452
3245,1954,148,1,802
3246,1955,137,1,1201
3247,1956,129,1,2404
3248,1957,242,2,2482
3249,1957,70,1,1664
3250,1958,239,2,1197
3251,1959,180,1,1127
3252,1959,13,1,791
3253,1960,70,2,1664
3254,1961,118,1,1985
3255,1961,175,1,507
3256,1961,72,1,262
3257,1961,104,1,2185
3258,1962,148,1,802
3259,1963,11,1,1138
3260,1963,16,2,2221
3261,1963,180,2,1127
3262,1964,65,1,1146
3263,1964,223,1,2638
3264,1964,146,1,2144
3265,1965,83,1,2600
3266,1965,131,1,4961
3267,1966,147,1,568
3268,1966,156,1,4121
3269,1967,85,1,1326
3270,1968,130,1,1821
3271,1969,42,2,1316
3272,1970,11,1,1138
3273,1971,194,1,1779
3274,1972,173,1,954
3275,1972,73,1,1116
3276,1973,70,1,1664
3277,1974,49,1,2877
3278,1974,66,1,919
3279,1975,194,1,1779
3280,1976,32,1,339
3281,1977,141,1,2869
3282,1977,189,1,1666
3283,1977,124,1,4690
3284,1978,80,1,698
3285,1979,146,1,2144
3286,1979,258,2,1045
3287,1979,235,1,2439
3288,1979,105,1,436
3289,1980,141,1,2869
3290,1981,133,1,1808
3291,1981,154,2,2033
3292,1982,185,2,2091
3293,1983,73,1,1116
3294,1984,13,1,791
3295,1984,51,2,1106
3296,1985,228,2,1251
3297,1985,220,1,455
3298,1986,147,1,568
3299,1987,62,2,2434
3300,1988,187,1,1056
3301,1989,69,1,3023
3302,1989,251,1,2690
3303,1990,80,1,698
3304,1990,229,1,3069
3305,1991,68,1,1955
3306,1992,71,1,4418
3307,1993,5,1,2971
3308,1993,65,1,1146
3309,1993,1,2,1502
3310,1994,228,1,1251
3311,1995,142,1,1191
3312,1996,109,1,880
3313,1997,255,1,1679
3314,1997,202,1,1791
3315,1998,176,1,1005
3316,1999,185,1,2091
3317,1999,134,1,1101
3318,1999,71,1,4418
3319,2000,38,2,474
3320,2001,243,1,3284
3321,2001,11,1,1138
3322,2001,213,1,2422
3323,2002,158,1,1995
3324,2002,181,1,3645
3325,2003,109,1,880
3326,2003,91,1,1066
3327,2004,15,1,1892
3328,2005,23,1,789
3329,2006,23,1,789
3330,2006,56,1,3318
3331,2006,44,2,2892
3332,2006,220,1,455
3333,2007,53,1,4850
3334,2007,236,1,2208
3335,2007,146,1,2144
3336,2008,69,1,3023
3337,2008,65,1,1146
3338,2009,139,1,747
3339,2009,150,1,2232
3340,2010,242,1,2482
3341,2011,183,1,1013
3342,2011,91,1,1066
3343,2011,41,2,4035
3344,2011,192,1,1872
3345,2012,170,1,4112
3346,2013,20,1,1016
3347,2013,193,1,320
3348,2013,76,1,3454
3349,2014,5,2,2971
3350,2015,3,1,2438
3351,2016,126,1,1970
3352,2017,226,2,1589
3353,2017,152,1,4917
3354,2017,41,1,4035
3355,2017,13,1,791
3356,2018,203,1,1961
3357,2019,252,2,1362
3358,2020,189,1,1666
3359,2021,40,1,3597
3360,2021,137,1,1201
3361,2021,83,1,2600
3362,2022,77,1,340
3363,2023,45,1,700
3364,2023,252,1,1362
3365,2024,78,1,2774
3366,2024,42,1,1316
3367,2025,9,1,2492
3368,2025,141,2,2869
3369,2026,229,1,3069
3370,2027,248,1,661
3371,2027,133,1,1808
3372,2027,145,1,4871
3373,2027,208,2,2093
3374,2028,213,2,2422
3375,2029,246,2,922
3376,2030,107,1,1323
3377,2030,17,1,3452
3378,2031,145,1,4871
3379,2031,152,1,4917
3380,2032,94,1,545
3381,2033,208,1,2093
3382,2034,106,2,521
3383,2035,138,1,2815
3384,2036,206,1,1709
3385,2037,247,1,3450
3386,2037,91,1,1066
3387,2038,5,1,2971
3388,2038,236,1,2208
3389,2038,15,1,1892
3390,2039,6,2,1780
3391,2040,49,1,2877
3392,2040,75,1,1776
3393,2041,254,1,1388
3394,2041,106,1,521
3395,2042,113,1,905
3396,2043,120,1,1402
3397,2044,36,1,2571
3398,2045,8,2,1392
3399,2045,258,1,1045
3400,2045,59,1,2340
3401,2046,250,1,3263
3402,2047,87,2,765
3403,2047,255,1,1679
3404,2048,216,1,1929
3405,2049,70,1,1664
3406,2049,120,1,1402
3407,2050,185,1,2091
3408,2051,82,1,1744
3409,2052,251,1,2690
3410,2053,130,1,1821
3411,2053,42,1,1316
3412,2054,248,1,661
3413,2055,31,1,1395
3414,2056,252,1,1362
3415,2057,195,1,2494
3416,2057,235,1,2439
3417,2057,51,1,1106
3418,2058,222,1,1380
3419,2058,59,1,2340
3420,2058,67,1,1202
3421,2058,165,2,2382
3422,2059,115,1,1860
3423,2060,256,1,2709
3424,2060,62,1,2434
3425,2061,200,1,1045
3426,2062,145,1,4871
3427,2063,60,1,1286
3428,2064,180,1,1127
3429,2064,93,1,2982
3430,2065,133,1,1808
3431,2065,169,1,1930
3432,2066,97,1,3814
3433,2066,194,1,1779
3434,2066,28,1,1184
3435,2067,70,1,1664
3436,2067,175,1,507
3437,2068,75,1,1776
3438,2068,43,1,2261
3439,2069,156,2,4121
3440,2070,178,1,1669
3441,2071,65,1,1146
3442,2072,163,1,4058
3443,2072,116,1,2656
3444,2072,3,1,2438
3445,2073,109,1,880
3446,2073,238,1,608
3447,2074,122,1,3391
3448,2074,72,1,262
3449,2074,6,1,1780
3450,2074,66,2,919
3451,2075,4,1,1235
3452,2076,45,1,700
3453,2077,97,1,3814
3454,2078,9,1,2492
3455,2078,27,1,4308
3456,2079,249,1,1851
3457,2079,217,1,2142
3458,2080,80,1,698
3459,2081,140,1,386
3460,2081,199,1,4228
3461,2081,59,1,2340
3462,2081,16,1,2221
3463,2082,72,1,262
3464,2082,117,2,889
3465,2082,151,1,1372
3466,2082,204,1,2387
3467,2083,216,1,1929
3468,2084,126,1,1970
3469,2084,180,1,1127
3470,2085,94,1,545
3471,2086,200,1,1045
3472,2086,10,2,2642
3473,2087,173,1,954
3474,2088,31,1,1395
3475,2088,110,1,3488
3476,2089,84,1,1955
3477,2090,38,1,474
3478,2090,138,2,2815
3479,2091,257,1,1615
3480,2092,21,1,2014
3481,2093,123,2,674
3482,2094,3,1,2438
3483,2095,258,2,1045
3484,2095,238,2,608
3485,2095,162,1,480
3486,2096,65,1,1146
3487,2096,32,1,339
3488,2096,55,1,1245
3489,2096,26,1,3195
3490,2097,115,1,1860
3491,2098,179,1,881
3492,2098,25,1,520
3493,2098,260,1,4920
3494,2099,72,1,262
3495,2100,96,1,2172
3496,2100,200,1,1045
3497,2101,115,1,1860
3498,2101,172,2,1424
3499,2102,48,1,2585
3500,2103,235,1,2439
3501,2103,241,1,3489
3502,2103,227,1,2172
3503,2104,209,1,2922
3504,2105,112,1,4359
3505,2106,70,1,1664
3506,2106,260,1,4920
3507,2106,216,2,1929
3508,2107,190,1,914
3509,2107,60,1,1286
3510,2107,104,2,2185
3511,2108,167,1,697
3512,2108,22,1,1491
3513,2109,158,1,1995
3514,2110,114,1,1370
3515,2111,179,2,881
3516,2111,238,1,608
3517,2111,224,1,946
3518,2112,260,1,4920
3519,2112,122,1,3391
3520,2113,187,1,1056
3521,2113,59,1,2340
3522,2114,174,1,2394
3523,2115,50,1,2576
3524,2115,130,2,1821
3525,2115,227,1,2172
3526,2116,243,1,3284
3527,2116,259,2,1755
3528,2117,130,1,1821
3529,2118,149,1,1079
3530,2119,167,1,697
3531,2120,57,1,1202
3532,2121,258,1,1045
3533,2121,13,1,791
3534,2121,9,1,2492
3535,2122,156,2,4121
3536,2122,40,1,3597
3537,2122,93,2,2982
3538,2123,1,1,1502
3539,2123,242,1,2482
3540,2124,14,1,2466
3541,2125,129,1,2404
3542,2126,140,1,386
3543,2127,217,1,2142
3544,2127,146,1,2144
3545,2127,216,1,1929
3546,2128,152,1,4917
3547,2129,46,1,2165
3548,2129,248,2,661
3549,2130,245,1,1007
3550,2130,48,1,2585
3551,2130,160,1,1181
3552,2131,233,2,1005
3553,2132,62,1,2434
3554,2132,97,1,3814
3555,2133,89,1,1622
3556,2133,150,1,2232
3557,2134,157,1,1180
3558,2134,259,2,1755
3559,2135,25,1,520
3560,2136,239,1,1197
3561,2137,123,1,674
3562,2137,49,1,2877
3563,2138,231,1,1582
3564,2138,70,2,1664
3565,2139,81,1,864
3566,2139,95,1,1582
3567,2140,200,1,1045
3568,2141,234,1,3084
3569,2142,103,1,1035
3570,2143,148,1,802
3571,2143,91,1,1066
3572,2143,171,1,1622
3573,2144,98,1,504
3574,2145,127,1,1032
3575,2146,34,1,687
3576,2147,17,1,3452
3577,2147,107,1,1323
3578,2148,222,1,1380
3579,2149,191,1,1880
3580,2150,144,1,2653
3581,2150,141,1,2869
3582,2151,76,1,3454
3583,2152,227,1,2172
3584,2152,50,1,2576
3585,2153,25,1,520
3586,2153,122,2,3391
3587,2154,5,2,2971
3588,2155,173,1,954
3589,2156,119,1,679
3590,2156,108,2,1117
3591,2157,248,1,661
3592,2158,56,2,3318
3593,2158,146,1,2144
3594,2159,129,1,2404
3595,2160,41,1,4035
3596,2161,111,1,1379
3597,2162,180,1,1127
3598,2163,104,1,2185
3599,2163,17,1,3452
3600,2164,8,1,1392
3601,2165,220,1,455
3602,2165,172,1,1424
3603,2165,154,1,2033
3604,2165,30,1,644
3605,2166,224,1,946
3606,2167,83,1,2600
3607,2168,64,2,1446
3608,2169,238,1,608
3609,2170,45,1,700
3610,2170,219,1,1744
3611,2171,120,1,1402
3612,2171,90,1,2950
3613,2171,175,1,507
3614,2171,254,2,1388
3615,2172,78,1,2774
3616,2173,94,2,545
3617,2174,238,2,608
3618,2174,245,1,1007
3619,2175,220,2,455
3620,2175,172,2,1424
3621,2175,138,2,2815
3622,2176,9,1,2492
3623,2177,24,1,2536
3624,2178,226,1,1589
3625,2179,133,1,1808
3626,2179,251,1,2690
3627,2179,228,1,1251
3628,2179,233,1,1005
3629,2180,194,1,1779
3630,2180,153,2,723
3631,2181,117,1,889
3632,2182,21,2,2014
3633,2183,58,1,985
3634,2184,149,2,1079
3635,2185,211,1,3043
3636,2186,248,1,661
3637,2186,188,2,812
3638,2187,93,2,2982
3639,2187,41,1,4035
3640,2188,63,1,2111
3641,2189,89,1,1622
3642,2189,110,1,3488
3643,2189,83,1,2600
3644,2190,133,1,1808
3645,2190,43,1,2261
3646,2191,191,1,1880
3647,2191,129,1,2404
3648,2191,121,1,2200
3649,2192,78,2,2774
3650,2192,168,1,1663
3651,2192,252,1,1362
3652,2193,65,1,1146
3653,2194,15,2,1892
3654,2194,212,1,2326
3655,2195,157,1,1180
3656,2196,189,1,1666
3657,2196,55,1,1245
3658,2197,163,1,4058
3659,2197,258,1,1045
3660,2198,211,1,3043
3661,2199,158,1,1995
3662,2199,106,1,521
3663,2199,77,1,340
3664,2200,123,1,674
3665,2201,155,1,1446
3666,2201,84,2,1955
3667,2202,7,1,1684
3668,2203,71,1,4418
3669,2203,205,1,2762
3670,2203,52,1,3076
3671,2204,141,1,2869
3672,2205,184,1,1478
3673,2205,122,1,3391
3674,2206,239,1,1197
3675,2207,48,1,2585
3676,2207,10,1,2642
3677,2207,235,1,2439
3678,2208,253,1,1210
3679,2208,197,1,337
3680,2209,171,1,1622
3681,2210,158,2,1995
3682,2211,135,1,2171
3683,2211,28,1,1184
3684,2212,64,1,1446
3685,2213,18,1,4595
3686,2214,172,1,1424
3687,2214,147,1,568
3688,2214,139,1,747
3689,2215,18,1,4595
3690,2216,120,1,1402
3691,2216,11,1,1138
3692,2217,226,1,1589
3693,2218,155,1,1446
3694,2219,228,1,1251
3695,2219,110,1,3488
3696,2219,125,2,2036
3697,2220,1,1,1502
3698,2220,120,1,1402
3699,2221,176,1,1005
3700,2221,147,1,568
3701,2222,222,1,1380
3702,2222,234,1,3084
3703,2222,116,1,2656
3704,2223,52,1,3076
3705,2224,70,1,1664
3706,2224,223,1,2638
3707,2225,203,2,1961
3708,2226,94,1,545
3709,2226,202,1,1791
3710,2226,16,1,2221
3711,2227,212,1,2326
3712,2228,220,1,455
3713,2229,19,2,1024
3714,2230,187,1,1056
3715,2231,251,1,2690
3716,2231,44,1,2892
3717,2231,183,1,1013
3718,2232,112,1,4359
3719,2233,116,1,2656
3720,2234,106,2,521
3721,2235,4,1,1235
3722,2235,139,1,747
3723,2236,215,2,1468
3724,2237,1,1,1502
3725,2238,101,2,1236
3726,2239,129,2,2404
3727,2240,73,1,1116
3728,2240,137,1,1201
3729,2241,71,1,4418
3730,2241,197,2,337
3731,2241,79,1,2279
3732,2241,116,1,2656
3733,2242,73,1,1116
3734,2242,254,1,1388
3735,2242,81,2,864
3736,2243,181,1,3645
3737,2243,229,1,3069
3738,2243,5,1,2971
3739,2243,227,1,2172
3740,2244,223,2,2638
3741,2244,132,2,1926
3742,2244,170,1,4112
3743,2245,69,2,3023
3744,2245,130,1,1821
3745,2245,110,2,3488
3746,2246,133,1,1808
3747,2247,188,2,812
3748,2247,138,1,2815
3749,2247,74,1,768
3750,2248,91,1,1066
3751,2248,99,1,1858
3752,2248,202,1,1791
3753,2248,207,1,2780
3754,2249,164,2,346
3755,2249,253,1,1210
3756,2249,84,1,1955
3757,2250,2,1,2368
3758,2251,43,2,2261
3759,2251,82,2,1744
3760,2251,174,1,2394
3761,2252,109,2,880
3762,2252,249,1,1851
3763,2253,105,1,436
3764,2253,132,1,1926
3765,2254,131,1,4961
3766,2255,13,1,791
3767,2255,14,1,2466
3768,2256,69,1,3023
3769,2257,237,2,953
3770,2258,51,1,1106
3771,2259,150,1,2232
3772,2259,249,1,1851
3773,2260,53,1,4850
3774,2261,217,1,2142
3775,2261,118,1,1985
3776,2262,25,1,520
3777,2262,144,1,2653
3778,2263,191,1,1880
3779,2264,220,1,455
3780,2265,84,1,1955
3781,2265,170,1,4112
3782,2266,239,1,1197
3783,2266,160,1,1181
3784,2267,244,1,3886
3785,2267,123,1,674
3786,2268,160,1,1181
3787,2268,203,1,1961
3788,2269,231,1,1582
3789,2270,258,1,1045
3790,2270,65,1,1146
3791,2271,25,1,520
3792,2271,260,2,4920
3793,2272,151,1,1372
3794,2273,43,1,2261
3795,2274,148,2,802
3796,2275,119,2,679
3797,2276,37,2,3880
3798,2277,135,1,2171
3799,2278,140,1,386
3800,2279,206,1,1709
3801,2279,123,1,674
3802,2280,91,1,1066
3803,2281,14,1,2466
3804,2281,17,1,3452
3805,2281,25,1,520
3806,2282,7,1,1684
3807,2283,174,2,2394
3808,2284,129,1,2404
3809,2285,192,1,1872
3810,2285,83,1,2600
3811,2285,115,2,1860
3812,2286,130,1,1821
3813,2287,148,1,802
3814,2288,247,1,3450
3815,2289,202,1,1791
3816,2289,82,1,1744
3817,2290,112,1,4359
3818,2291,215,1,1468
3819,2291,178,2,1669
3820,2292,5,2,2971
3821,2292,149,1,1079
3822,2292,84,1,1955
3823,2293,65,1,1146
3824,2294,30,2,644
3825,2295,182,2,4880
3826,2296,252,1,1362
3827,2297,256,1,2709
3828,2297,192,1,1872
3829,2298,43,1,2261
3830,2298,74,1,768
3831,2298,219,1,1744
3832,2299,12,2,2353
3833,2299,159,2,366
3834,2300,240,1,676
3835,2300,83,1,2600
3836,2300,31,1,1395
3837,2300,75,1,1776
3838,2301,98,1,504
3839,2302,103,1,1035
3840,2303,253,1,1210
3841,2303,224,1,946
3842,2303,164,1,346
3843,2304,2,1,2368
3844,2305,183,1,1013
3845,2305,196,1,1458
3846,2306,182,1,4880
3847,2307,197,1,337
3848,2308,96,2,2172
3849,2309,158,2,1995
3850,2310,190,1,914
3851,2310,156,1,4121
3852,2311,226,1,1589
3853,2311,138,1,2815
3854,2312,191,1,1880
3855,2312,63,1,2111
3856,2313,175,1,507
3857,2314,242,1,2482
3858,2315,238,1,608
3859,2315,192,1,1872
3860,2315,167,1,697
3861,2316,77,1,340
3862,2316,70,1,1664
3863,2317,77,1,340
3864,2318,202,1,1791
3865,2318,229,1,3069
3866,2319,183,2,1013
3867,2320,224,1,946
3868,2321,43,1,2261
3869,2322,45,1,700
3870,2323,62,1,2434
3871,2323,200,2,1045
3872,2323,250,1,3263
3873,2324,161,1,1562
3874,2324,30,1,644
3875,2324,114,1,1370
3876,2324,197,1,337
3877,2325,237,1,953
3878,2325,243,1,3284
3879,2326,242,2,2482
3880,2326,7,1,1684
3881,2327,243,1,3284
3882,2328,196,1,1458
3883,2328,7,1,1684
3884,2328,82,1,1744
3885,2329,59,2,2340
3886,2329,136,1,1890
3887,2329,171,1,1622
3888,2330,16,1,2221
3889,2330,90,1,2950
3890,2331,100,2,3021
3891,2331,24,1,2536
3892,2332,179,1,881
3893,2333,185,1,2091
3894,2334,174,1,2394
3895,2335,48,1,2585
3896,2335,238,1,608
3897,2335,120,1,1402
3898,2335,245,2,1007
3899,2336,196,1,1458
3900,2336,142,1,1191
3901,2336,104,2,2185
3902,2337,20,2,1016
3903,2337,207,1,2780
3904,2337,183,2,1013
3905,2338,38,1,474
3906,2338,125,1,2036
3907,2339,66,1,919
3908,2339,161,2,1562
3909,2340,244,1,3886
3910,2340,204,1,2387
3911,2340,62,1,2434
3912,2341,66,1,919
3913,2342,235,1,2439
3914,2343,235,2,2439
3915,2344,160,1,1181
3916,2345,74,1,768
3917,2346,70,2,1664
3918,2346,192,1,1872
3919,2347,232,1,1983
3920,2348,254,1,1388
3921,2348,56,1,3318
3922,2348,2,1,2368
3923,2348,162,1,480
3924,2349,134,2,1101
3925,2350,185,2,2091
3926,2350,3,1,2438
3927,2350,132,1,1926
3928,2351,55,1,1245
3929,2352,83,1,2600
3930,2353,103,1,1035
3931,2353,223,1,2638
3932,2353,188,1,812
3933,2353,89,1,1622
3934,2354,40,1,3597
3935,2354,131,1,4961
3936,2354,241,1,3489
3937,2355,68,1,1955
3938,2355,115,1,1860
3939,2356,80,1,698
3940,2357,248,1,661
3941,2357,166,2,1629
3942,2357,222,1,1380
3943,2357,110,1,3488
3944,2358,159,2,366
3945,2358,142,2,1191
3946,2358,227,1,2172
3947,2359,228,1,1251
3948,2359,240,2,676
3949,2360,173,1,954
3950,2360,28,1,1184
3951,2361,150,1,2232
3952,2361,212,1,2326
3953,2362,237,1,953
3954,2363,20,1,1016
3955,2363,247,1,3450
3956,2364,127,1,1032
3957,2364,202,1,1791
3958,2365,144,2,2653
3959,2365,96,1,2172
3960,2366,223,1,2638
3961,2367,54,1,2174
3962,2368,249,1,1851
3963,2368,187,2,1056
3964,2368,207,2,2780
3965,2368,244,2,3886
3966,2369,84,1,1955
3967,2369,14,1,2466
3968,2370,251,1,2690
3969,2371,21,1,2014
3970,2371,251,1,2690
3971,2372,177,2,1789
3972,2372,166,1,1629
3973,2373,220,1,455
3974,2374,223,1,2638
3975,2374,81,1,864
3976,2374,178,1,1669
3977,2375,225,1,1606
3978,2376,155,1,1446
3979,2377,170,1,4112
3980,2378,77,1,340
3981,2379,186,1,2220
3982,2380,55,1,1245
3983,2380,68,1,1955
3984,2381,248,1,661
3985,2382,73,1,1116
3986,2383,50,1,2576
3987,2383,102,1,1216
3988,2384,256,1,2709
3989,2385,192,1,1872
3990,2386,143,1,1966
3991,2386,242,1,2482
3992,2386,126,1,1970
3993,2387,240,1,676
3994,2388,179,1,881
3995,2389,125,1,2036
3996,2390,99,1,1858
3997,2390,76,1,3454
3998,2391,188,1,812
3999,2392,21,2,2014
4000,2392,176,1,1005
4001,2392,69,2,3023
4002,2393,146,1,2144
4003,2393,10,1,2642
4004,2393,97,1,3814
4005,2393,198,2,288
4006,2394,151,1,1372
4007,2394,49,1,2877
4008,2395,188,1,812
4009,2395,46,2,2165
4010,2396,195,1,2494
4011,2397,224,1,946
4012,2398,120,1,1402
4013,2398,90,1,2950
4014,2398,84,1,1955
4015,2399,177,1,1789
4016,2400,137,1,1201
4017,2400,104,1,2185
4018,2400,227,1,2172
4019,2401,12,1,2353
4020,2402,165,2,2382
4021,2402,192,2,1872
4022,2403,196,1,1458
4023,2404,6,1,1780
4024,2404,106,1,521
4025,2404,24,2,2536
4026,2405,234,1,3084
4027,2406,124,1,4690
4028,2407,187,1,1056
4029,2408,201,1,2173
4030,2409,160,1,1181
4031,2410,249,2,1851
4032,2411,79,1,2279
4033,2412,237,1,953
4034,2412,93,1,2982
4035,2413,106,1,521
4036,2413,152,1,4917
4037,2414,11,1,1138
4038,2414,167,2,697
4039,2414,175,1,507
4040,2415,91,1,1066
4041,2415,114,1,1370
4042,2415,24,1,2536
4043,2416,139,1,747
4044,2416,56,1,3318
4045,2416,118,1,1985
4046,2417,223,2,2638
4047,2417,163,1,4058
4048,2418,178,1,1669
4049,2418,58,1,985
4050,2419,192,1,1872
4051,2420,9,1,2492
4052,2421,66,1,919
4053,2422,215,1,1468
4054,2423,184,1,1478
4055,2424,251,1,2690
4056,2424,45,1,700
4057,2424,127,1,1032
4058,2425,97,2,3814
4059,2425,183,2,1013
4060,2425,86,1,1087
4061,2426,149,1,1079
4062,2427,20,1,1016
4063,2427,68,1,1955
4064,2427,211,1,3043
4065,2428,4,1,1235
4066,2429,221,1,549
4067,2429,211,1,3043
4068,2429,16,1,2221
4069,2430,187,1,1056
4070,2430,147,1,568
4071,2430,6,2,1780
4072,2430,181,1,3645
4073,2431,252,1,1362
4074,2432,118,1,1985
4075,2433,46,1,2165
4076,2434,127,1,1032
4077,2434,118,1,1985
4078,2434,123,1,674
4079,2435,155,1,1446
4080,2436,52,1,3076
4081,2437,105,1,436
4082,2437,85,2,1326
4083,2437,33,1,1607
4084,2437,200,1,1045
4085,2438,236,2,2208
4086,2439,52,1,3076
4087,2440,229,1,3069
4088,2440,59,1,2340
4089,2441,69,1,3023
4090,2441,247,1,3450
4091,2442,168,1,1663
4092,2443,26,1,3195
4093,2444,24,1,2536
4094,2444,47,1,1090
4095,2444,129,1,2404
4096,2444,103,1,1035
4097,2445,236,1,2208
4098,2446,183,1,1013
4099,2447,98,1,504
4100,2448,162,1,480
4101,2449,122,1,3391
4102,2449,164,2,346
4103,2450,22,1,1491
4104,2450,237,1,953
4105,2450,122,1,3391
4106,2450,59,2,2340
4107,2451,50,1,2576
4108,2451,110,1,3488
4109,2452,81,1,864
4110,2452,34,1,687
4111,2453,79,1,2279
4112,2454,21,2,2014
4113,2455,13,1,791
4114,2455,25,1,520
4115,2455,223,1,2638
4116,2456,253,1,1210
4117,2457,118,1,1985
4118,2457,13,1,791
4119,2458,33,1,1607
4120,2458,220,1,455
4121,2459,251,1,2690
4122,2459,245,1,1007
4123,2459,126,1,1970
4124,2460,98,1,504
4125,2460,4,1,1235
4126,2460,74,1,768
4127,2460,59,1,2340
4128,2461,184,1,1478
4129,2462,18,1,4595
4130,2463,211,1,3043
4131,2464,130,1,1821
4132,2465,169,1,1930
4133,2466,169,2,1930
4134,2467,197,1,337
4135,2468,218,1,4143
4136,2469,154,1,2033
4137,2469,71,1,4418
4138,2470,58,1,985
4139,2471,114,1,1370
4140,2471,52,1,3076
4141,2471,174,2,2394
4142,2472,93,1,2982
4143,2473,6,1,1780
4144,2473,138,1,2815
4145,2474,70,1,1664
4146,2475,5,1,2971
4147,2475,122,1,3391
4148,2476,147,1,568
4149,2476,122,1,3391
4150,2477,174,1,2394
4151,2478,240,1,676
4152,2479,35,1,896
4153,2480,93,1,2982
4154,2481,86,1,1087
4155,2481,256,1,2709
4156,2482,177,1,1789
4157,2482,10,1,2642
4158,2483,195,1,2494
4159,2484,238,1,608
4160,2485,177,1,1789
4161,2486,78,1,2774
4162,2486,260,1,4920
4163,2486,213,1,2422
4164,2487,34,1,687
4165,2487,178,1,1669
4166,2488,26,1,3195
4167,2489,139,1,747
4168,2489,229,1,3069
4169,2490,63,1,2111
4170,2491,172,1,1424
4171,2492,163,1,4058
4172,2493,238,2,608
4173,2493,10,2,2642
4174,2494,235,1,2439
4175,2494,215,1,1468
4176,2495,169,1,1930
4177,2495,200,1,1045
4178,2496,99,1,1858
4179,2496,32,1,339
4180,2497,63,1,2111
4181,2497,159,1,366
4182,2497,140,2,386
4183,2498,69,1,3023
4184,2498,253,1,1210
4185,2498,201,1,2173
4186,2499,61,2,524
4187,2500,56,1,3318
4188,2501,54,1,2174
4189,2502,62,1,2434
4190,2503,91,2,1066
4191,2503,200,1,1045
4192,2503,173,1,954
4193,2504,109,1,880
4194,2505,29,1,1385
4195,2506,232,1,1983
4196,2506,83,2,2600
4197,2507,96,1,2172
4198,2508,257,2,1615
4199,2509,185,2,2091
4200,2510,195,1,2494
4201,2511,17,1,3452
4202,2512,59,1,2340
4203,2512,107,1,1323
4204,2512,181,1,3645
4205,2513,220,1,455
4206,2514,208,1,2093
4207,2514,260,1,4920
4208,2515,231,1,1582
4209,2516,218,1,4143
4210,2516,24,1,2536
4211,2517,27,1,4308
4212,2517,115,1,1860
4213,2517,165,1,2382
4214,2518,51,1,1106
4215,2519,159,1,366
4216,2519,140,1,386
4217,2519,145,1,4871
4218,2519,18,1,4595
4219,2520,74,1,768
4220,2520,183,1,1013
4221,2521,207,1,2780
4222,2522,157,2,1180
4223,2522,104,1,2185
4224,2523,174,1,2394
4225,2523,220,1,455
4226,2524,259,1,1755
4227,2525,172,1,1424
4228,2526,34,2,687
4229,2527,103,1,1035
4230,2527,192,1,1872
4231,2527,26,1,3195
4232,2528,138,1,2815
4233,2529,59,2,2340
4234,2530,83,2,2600
4235,2530,1,2,1502
4236,2531,4,1,1235
4237,2532,215,1,1468
4238,2532,255,1,1679
4239,2532,86,1,1087
4240,2533,233,1,1005
4241,2534,26,1,3195
4242,2535,37,1,3880
4243,2535,58,1,985
4244,2536,102,1,1216
4245,2536,247,1,3450
4246,2537,66,1,919
4247,2538,246,1,922
4248,2539,27,1,4308
4249,2539,91,2,1066
4250,2539,218,2,4143
4251,2539,229,1,3069
4252,2540,195,1,2494
4253,2540,243,1,3284
4254,2541,195,1,2494
4255,2541,210,1,3167
4256,2541,41,1,4035
4257,2542,102,1,1216
4258,2543,6,1,1780
4259,2544,32,1,339
4260,2545,177,1,1789
4261,2546,185,1,2091
4262,2546,253,1,1210
4263,2547,201,1,2173
4264,2547,17,1,3452
4265,2547,92,1,373
4266,2548,245,1,1007
4267,2548,222,1,1380
4268,2549,251,1,2690
4269,2549,110,1,3488
4270,2550,168,2,1663
4271,2551,23,2,789
4272,2552,6,1,1780
4273,2552,208,1,2093
4274,2552,73,1,1116
4275,2552,259,1,1755
4276,2553,164,1,346
4277,2553,231,1,1582
4278,2553,44,1,2892
4279,2554,87,1,765
4280,2554,167,2,697
4281,2555,171,1,1622
4282,2555,135,1,2171
4283,2555,199,1,4228
4284,2556,81,1,864
4285,2557,232,1,1983
4286,2558,208,1,2093
4287,2558,216,1,1929
4288,2559,90,1,2950
4289,2559,253,2,1210
4290,2560,60,2,1286
4291,2561,133,1,1808
4292,2562,155,2,1446
4293,2562,48,2,2585
4294,2562,219,1,1744
4295,2563,165,1,2382
4296,2563,103,1,1035
4297,2564,50,1,2576
4298,2564,218,2,4143
4299,2564,122,1,3391
4300,2565,12,1,2353
4301,2566,145,1,4871
4302,2567,29,1,1385
4303,2568,6,1,1780
4304,2569,59,1,2340
4305,2570,243,1,3284
4306,2571,255,1,1679
4307,2572,193,1,320
4308,2572,214,1,939
4309,2573,41,1,4035
4310,2574,232,1,1983
4311,2575,64,1,1446
4312,2575,189,2,1666
4313,2575,19,1,1024
4314,2575,42,1,1316
4315,2576,194,1,1779
4316,2577,111,1,1379
4317,2577,201,1,2173
4318,2577,173,1,954
4319,2578,218,2,4143
4320,2578,123,1,674
4321,2579,159,2,366
4322,2580,206,1,1709
4323,2580,167,1,697
4324,2581,255,1,1679
4325,2581,244,1,3886
4326,2582,153,1,723
4327,2582,122,1,3391
4328,2583,132,2,1926
4329,2583,49,1,2877
4330,2583,115,1,1860
4331,2584,189,1,1666
4332,2584,69,1,3023
4333,2584,62,1,2434
4334,2585,112,1,4359
4335,2585,130,1,1821
4336,2586,194,1,1779
4337,2586,167,1,697
4338,2586,204,1,2387
4339,2587,64,1,1446
4340,2588,76,1,3454
4341,2588,154,1,2033
4342,2589,95,2,1582
4343,2590,7,2,1684
4344,2590,81,1,864
4345,2590,116,1,2656
4346,2590,138,1,2815
4347,2591,109,1,880
4348,2591,74,2,768
4349,2592,186,1,2220
4350,2593,219,1,1744
4351,2593,137,1,1201
4352,2594,39,1,1614
4353,2594,207,1,2780
4354,2594,203,1,1961
4355,2594,245,1,1007
4356,2595,13,1,791
4357,2596,33,1,1607
4358,2596,142,2,1191
4359,2597,11,1,1138
4360,2597,5,1,2971
4361,2598,101,1,1236
4362,2599,148,2,802
4363,2600,259,2,1755
4364,2601,175,1,507
4365,2602,220,1,455
4366,2602,74,1,768
4367,2603,126,2,1970
4368,2603,100,2,3021
4369,2604,95,1,1582
4370,2605,96,1,2172
4371,2605,150,1,2232
4372,2606,253,1,1210
4373,2607,159,2,366
4374,2607,204,2,2387
4375,2608,187,1,1056
4376,2609,213,1,2422
4377,2609,86,1,1087
4378,2609,240,1,676
4379,2610,94,1,545
4380,2610,88,1,938
4381,2611,44,1,2892
4382,2612,2,1,2368
4383,2613,101,1,1236
4384,2613,62,1,2434
4385,2614,230,1,3446
4386,2614,161,2,1562
4387,2615,108,1,1117
4388,2616,53,1,4850
4389,2616,9,1,2492
4390,2616,99,1,1858
4391,2616,239,2,1197
4392,2617,133,1,1808
4393,2618,74,1,768
4394,2619,88,1,938
4395,2620,24,1,2536
4396,2620,17,1,3452
4397,2621,121,1,2200
4398,2622,203,1,1961
4399,2623,134,1,1101
4400,2624,68,1,1955
4401,2625,9,1,2492
4402,2625,94,1,545
4403,2625,232,1,1983
4404,2626,115,1,1860
4405,2627,218,1,4143
4406,2628,162,1,480
4407,2629,72,1,262
4408,2629,135,1,2171
4409,2630,201,1,2173
4410,2630,31,1,1395
4411,2631,79,1,2279
4412,2631,225,1,1606
4413,2632,109,2,880
4414,2633,71,1,4418
4415,2634,184,1,1478
4416,2635,186,1,2220
4417,2636,62,1,2434
4418,2637,197,1,337
4419,2637,217,1,2142
4420,2637,23,1,789
4421,2637,49,1,2877
4422,2638,171,1,1622
4423,2638,204,1,2387
4424,2639,86,1,1087
4425,2639,14,1,2466
4426,2640,44,1,2892
4427,2641,2,1,2368
4428,2642,100,1,3021
4429,2642,80,1,698
4430,2642,26,1,3195
4431,2643,227,1,2172
4432,2644,212,1,2326
4433,2644,120,1,1402
4434,2645,73,1,1116
4435,2645,130,1,1821
4436,2646,51,1,1106
4437,2647,120,2,1402
4438,2648,61,1,524
4439,2649,107,1,1323
4440,2650,108,1,1117
4441,2651,38,1,474
4442,2652,18,1,4595
4443,2652,205,2,2762
4444,2653,156,1,4121
4445,2653,29,2,1385
4446,2653,200,1,1045
4447,2653,104,1,2185
4448,2654,240,1,676
4449,2654,210,1,3167
4450,2655,90,1,2950
4451,2656,157,1,1180
4452,2656,260,1,4920
4453,2656,57,1,1202
4454,2657,95,1,1582
4455,2657,122,1,3391
4456,2657,130,1,1821
4457,2658,20,1,1016
4458,2659,82,1,1744
4459,2659,67,1,1202
4460,2659,127,1,1032
4461,2660,179,2,881
4462,2660,127,1,1032
4463,2661,176,2,1005
4464,2661,180,1,1127
4465,2661,109,1,880
4466,2661,138,1,2815
4467,2662,52,1,3076
4468,2662,119,2,679
4469,2662,247,1,3450
4470,2663,204,1,2387
4471,2664,125,2,2036
4472,2664,220,1,455
4473,2664,232,1,1983
4474,2665,224,1,946
4475,2665,118,1,1985
4476,2665,125,1,2036
4477,2666,36,1,2571
4478,2666,62,2,2434
4479,2666,129,1,2404
4480,2667,104,1,2185
4481,2668,123,2,674
4482,2668,141,1,2869
4483,2668,58,1,985
4484,2669,259,2,1755
4485,2670,184,1,1478
4486,2671,114,1,1370
4487,2671,125,1,2036
4488,2672,148,1,802
4489,2673,172,1,1424
4490,2674,204,1,2387
4491,2675,199,1,4228
4492,2675,13,1,791
4493,2676,86,1,1087
4494,2676,29,1,1385
4495,2677,55,1,1245
4496,2678,77,1,340
4497,2679,64,1,1446
4498,2680,153,1,723
4499,2680,244,1,3886
4500,2681,96,1,2172
4501,2681,100,1,3021
4502,2682,49,1,2877
4503,2682,28,1,1184
4504,2682,181,1,3645
4505,2683,245,1,1007
4506,2683,60,1,1286
4507,2683,227,1,2172
4508,2683,225,1,1606
4509,2684,75,1,1776
4510,2685,15,1,1892
4511,2686,210,1,3167
4512,2686,158,1,1995
4513,2687,185,1,2091
4514,2688,138,1,2815
4515,2688,60,1,1286
4516,2689,191,1,1880
4517,2690,29,1,1385
4518,2690,19,1,1024
4519,2690,219,1,1744
4520,2691,60,2,1286
4521,2691,85,2,1326
4522,2692,244,1,3886
4523,2693,68,1,1955
4524,2694,219,1,1744
4525,2695,150,2,2232
4526,2695,119,1,679
4527,2696,232,1,1983
4528,2696,24,1,2536
4529,2697,137,1,1201
4530,2697,159,1,366
4531,2698,208,2,2093
4532,2699,173,1,954
4533,2699,59,1,2340
4534,2700,251,1,2690
4535,2701,191,1,1880
4536,2701,3,1,2438
4537,2702,256,1,2709
4538,2702,145,1,4871
4539,2703,245,1,1007
4540,2704,170,1,4112
4541,2704,182,1,4880
4542,2705,10,1,2642
4543,2705,102,1,1216
4544,2705,100,1,3021
4545,2706,172,1,1424
4546,2707,257,1,1615
4547,2708,149,1,1079
4548,2709,201,1,2173
4549,2710,56,1,3318
4550,2710,138,1,2815
4551,2711,88,1,938
4552,2711,245,1,1007
4553,2712,43,1,2261
4554,2712,200,1,1045
4555,2712,247,1,3450
4556,2713,171,1,1622
4557,2713,253,1,1210
4558,2713,67,2,1202
4559,2713,257,1,1615
4560,2714,159,1,366
4561,2714,11,1,1138
4562,2715,123,1,674
4563,2715,90,1,2950
4564,2715,62,1,2434
4565,2716,203,1,1961
4566,2716,244,1,3886
4567,2716,97,1,3814
4568,2717,175,1,507
4569,2718,94,2,545
4570,2719,98,1,504
4571,2719,255,1,1679
4572,2719,55,1,1245
4573,2719,75,2,1776
4574,2720,28,1,1184
4575,2721,95,1,1582
4576,2721,184,1,1478
4577,2722,56,1,3318
4578,2722,29,1,1385
4579,2723,110,1,3488
4580,2724,68,1,1955
4581,2725,215,1,1468
4582,2725,8,1,1392
4583,2726,228,1,1251
4584,2727,112,1,4359
4585,2727,83,1,2600
4586,2728,17,1,3452
4587,2729,215,1,1468
4588,2729,217,1,2142
4589,2730,21,1,2014
4590,2730,235,1,2439
4591,2731,41,1,4035
4592,2732,130,1,1821
4593,2732,252,1,1362
4594,2733,175,1,507
4595,2734,73,1,1116
4596,2735,124,1,4690
4597,2735,132,1,1926
4598,2735,153,1,723
4599,2736,221,2,549
4600,2737,170,1,4112
4601,2738,37,1,3880
4602,2738,193,1,320
4603,2739,73,1,1116
4604,2740,177,1,1789
4605,2741,157,2,1180
4606,2741,114,1,1370
4607,2741,178,1,1669
4608,2742,182,1,4880
4609,2743,167,1,697
4610,2744,134,1,1101
4611,2745,105,1,436
4612,2745,46,1,2165
4613,2746,10,1,2642
4614,2747,224,2,946
4615,2748,64,1,1446
4616,2748,22,1,1491
4617,2748,170,1,4112
4618,2749,160,1,1181
4619,2749,109,1,880
4620,2749,127,1,1032
4621,2750,158,1,1995
4622,2750,36,1,2571
4623,2751,8,1,1392
4624,2751,161,1,1562
4625,2752,156,1,4121
4626,2752,109,2,880
4627,2753,258,1,1045
4628,2754,12,1,2353
4629,2754,205,1,2762
4630,2755,91,1,1066
4631,2755,80,1,698
4632,2756,243,1,3284
4633,2756,45,1,700
4634,2757,19,1,1024
4635,2757,174,1,2394
4636,2758,9,1,2492
4637,2759,199,1,4228
4638,2760,42,1,1316
4639,2761,103,1,1035
4640,2761,87,1,765
4641,2761,147,1,568
4642,2761,113,1,905
4643,2762,204,1,2387
4644,2762,119,2,679
4645,2762,133,1,1808
4646,2763,65,1,1146
4647,2764,142,1,1191
4648,2764,116,1,2656
4649,2765,40,2,3597
4650,2766,66,2,919
4651,2766,219,1,1744
4652,2766,201,1,2173
4653,2767,29,1,1385
4654,2768,45,1,700
4655,2768,112,1,4359
4656,2768,53,1,4850
4657,2768,100,1,3021
4658,2769,237,2,953
4659,2769,168,1,1663
4660,2770,260,1,4920
4661,2771,114,1,1370
4662,2772,242,1,2482
4663,2772,126,1,1970
4664,2773,192,1,1872
4665,2774,25,1,520
4666,2774,152,1,4917
4667,2775,156,1,4121
4668,2776,121,1,2200
4669,2777,106,1,521
4670,2777,204,2,2387
4671,2778,128,1,3606
4672,2778,18,2,4595
4673,2778,145,1,4871
4674,2778,201,1,2173
4675,2779,190,2,914
4676,2780,128,2,3606
4677,2781,30,1,644
4678,2782,18,1,4595
4679,2783,87,1,765
4680,2783,61,1,524
4681,2784,154,1,2033
4682,2785,169,1,1930
4683,2786,255,1,1679
4684,2787,27,1,4308
4685,2788,222,1,1380
4686,2788,56,1,3318
4687,2788,124,1,4690
4688,2789,104,2,2185
4689,2789,242,1,2482
4690,2789,151,1,1372
4691,2790,93,1,2982
4692,2790,175,2,507
4693,2791,173,1,954
4694,2791,66,1,919
4695,2792,131,1,4961
4696,2793,4,1,1235
4697,2794,37,2,3880
4698,2794,87,1,765
4699,2795,117,1,889
4700,2796,242,1,2482
4701,2797,135,2,2171
4702,2798,81,1,864
4703,2798,111,2,1379
4704,2798,8,1,1392
4705,2798,74,1,768
4706,2799,181,1,3645
4707,2799,191,2,1880
4708,2800,90,1,2950
4709,2801,236,2,2208
4710,2801,100,2,3021
4711,2802,19,1,1024
4712,2802,46,1,2165
4713,2802,14,2,2466
4714,2803,11,1,1138
4715,2803,181,1,3645
4716,2804,259,2,1755
4717,2805,43,1,2261
4718,2806,102,1,1216
4719,2807,106,1,521
4720,2808,246,1,922
4721,2809,113,1,905
4722,2809,32,1,339
4723,2809,249,1,1851
4724,2810,111,1,1379
4725,2811,97,1,3814
4726,2812,113,1,905
4727,2813,136,2,1890
4728,2813,81,1,864
4729,2814,92,1,373
4730,2815,26,1,3195
4731,2815,115,1,1860
4732,2816,252,1,1362
4733,2817,210,1,3167
4734,2817,72,1,262
4735,2818,183,1,1013
4736,2818,232,1,1983
4737,2819,107,1,1323
4738,2820,207,1,2780
4739,2821,8,1,1392
4740,2822,29,1,1385
4741,2822,147,1,568
4742,2823,64,2,1446
4743,2824,174,1,2394
4744,2824,142,1,1191
4745,2824,114,1,1370
4746,2825,3,1,2438
4747,2825,81,1,864
4748,2825,221,1,549
4749,2826,155,2,1446
4750,2826,21,1,2014
4751,2827,154,1,2033
4752,2827,123,1,674
4753,2827,4,1,1235
4754,2828,95,1,1582
4755,2828,33,1,1607
4756,2828,141,1,2869
4757,2829,113,1,905
4758,2830,220,1,455
4759,2831,163,1,4058
4760,2831,107,1,1323
4761,2832,82,1,1744
4762,2832,46,1,2165
4763,2833,110,1,3488
4764,2833,58,1,985
4765,2834,244,1,3886
4766,2834,93,1,2982
4767,2834,260,1,4920
4768,2835,94,1,545
4769,2836,148,1,802
4770,2836,89,1,1622
4771,2837,186,1,2220
4772,2837,80,2,698
4773,2838,159,2,366
4774,2839,256,1,2709
4775,2839,14,2,2466
4776,2840,198,1,288
4777,2840,48,2,2585
4778,2840,115,1,1860
4779,2841,44,1,2892
4780,2842,242,1,2482
4781,2842,61,1,524
4782,2842,40,1,3597
4783,2843,32,1,339
4784,2844,74,1,768
4785,2845,31,2,1395
4786,2846,32,1,339
4787,2847,49,1,2877
4788,2847,9,1,2492
4789,2848,179,2,881
4790,2848,7,1,1684
4791,2849,61,1,524
4792,2850,130,1,1821
4793,2851,180,1,1127
4794,2852,79,1,2279
4795,2852,5,2,2971
4796,2853,208,2,2093
4797,2853,202,1,1791
4798,2854,34,1,687
4799,2855,64,1,1446
4800,2856,115,1,1860
4801,2857,255,1,1679
4802,2858,61,1,524
4803,2858,193,1,320
4804,2859,69,1,3023
4805,2860,79,1,2279
4806,2861,225,1,1606
4807,2862,54,1,2174
4808,2862,23,2,789
4809,2863,241,1,3489
4810,2863,1,1,1502
4811,2864,248,1,661
4812,2865,224,1,946
4813,2865,119,1,679
4814,2866,152,1,4917
4815,2866,221,1,549
4816,2867,189,1,1666
4817,2868,7,1,1684
4818,2869,174,1,2394
4819,2870,157,1,1180
4820,2870,218,2,4143
4821,2871,125,1,2036
4822,2872,143,1,1966
4823,2873,172,2,1424
4824,2873,219,1,1744
4825,2874,227,2,2172
4826,2875,46,1,2165
4827,2875,242,1,2482
4828,2875,230,2,3446
4829,2876,77,1,340
4830,2877,103,2,1035
4831,2878,67,1,1202
4832,2878,51,1,1106
4833,2879,152,1,4917
4834,2880,18,1,4595
4835,2881,130,1,1821
4836,2881,106,1,521
4837,2882,181,2,3645
4838,2883,221,1,549
4839,2883,251,1,2690
4840,2883,168,2,1663
4841,2884,28,1,1184
4842,2885,130,1,1821
4843,2886,213,1,2422
4844,2887,228,1,1251
4845,2887,37,1,3880
4846,2887,5,1,2971
4847,2888,67,1,1202
4848,2889,109,1,880
4849,2890,19,1,1024
4850,2890,96,1,2172
4851,2891,155,2,1446
4852,2891,5,1,2971
4853,2892,221,2,549
4854,2892,193,1,320
4855,2892,219,1,1744
4856,2893,59,1,2340
4857,2894,212,1,2326
4858,2895,48,1,2585
4859,2896,95,1,1582
4860,2896,36,1,2571
4861,2896,128,1,3606
4862,2897,188,1,812
4863,2898,209,2,2922
4864,2899,186,1,2220
4865,2900,21,1,2014
4866,2901,235,1,2439
4867,2902,27,1,4308
4868,2903,112,1,4359
4869,2903,224,2,946
4870,2904,59,2,2340
4871,2905,256,1,2709
4872,2906,162,1,480
4873,2906,134,1,1101
4874,2907,201,1,2173
4875,2907,133,1,1808
4876,2908,23,1,789
4877,2909,81,1,864
4878,2909,63,1,2111
4879,2910,39,1,1614
4880,2911,100,1,3021
4881,2912,232,1,1983
4882,2913,19,1,1024
4883,2913,191,1,1880
4884,2914,36,1,2571
4885,2914,45,1,700
4886,2915,260,1,4920
4887,2915,79,1,2279
4888,2915,89,1,1622
4889,2916,95,1,1582
4890,2917,26,1,3195
4891,2918,88,1,938
4892,2919,128,2,3606
4893,2919,248,1,661
4894,2920,168,1,1663
4895,2920,155,1,1446
4896,2920,200,1,1045
4897,2921,87,1,765
4898,2922,153,1,723
4899,2923,87,2,765
4900,2923,112,1,4359
4901,2924,112,1,4359
4902,2925,12,2,2353
4903,2926,186,1,2220
4904,2926,213,1,2422
4905,2927,219,1,1744
4906,2928,247,1,3450
4907,2928,260,1,4920
4908,2928,30,2,644
4909,2929,130,1,1821
4910,2930,72,1,262
4911,2931,143,1,1966
4912,2932,44,2,2892
4913,2932,166,1,1629
4914,2933,14,1,2466
4915,2934,91,1,1066
4916,2935,95,1,1582
4917,2935,117,1,889
4918,2935,207,1,2780
4919,2936,43,1,2261
4920,2936,196,1,1458
4921,2937,173,1,954
4922,2938,92,1,373
4923,2939,40,1,3597
4924,2940,180,1,1127
4925,2941,213,1,2422
4926,2941,229,1,3069
4927,2942,120,1,1402
4928,2942,20,1,1016
4929,2943,79,1,2279
4930,2943,209,1,2922
4931,2944,110,2,3488
4932,2944,38,1,474
4933,2945,131,2,4961
4934,2946,232,1,1983
4935,2947,141,1,2869
4936,2948,169,1,1930
4937,2948,8,1,1392
4938,2949,225,1,1606
4939,2949,107,1,1323
4940,2949,46,1,2165
4941,2950,250,1,3263
4942,2951,107,1,1323
4943,2952,20,1,1016
4944,2952,176,1,1005
4945,2953,246,1,922
4946,2953,4,1,1235
4947,2954,105,1,436
4948,2954,96,1,2172
4949,2954,93,1,2982
4950,2954,28,1,1184
4951,2955,236,1,2208
4952,2956,68,2,1955
4953,2956,161,1,1562
4954,2957,97,2,3814
4955,2957,21,1,2014
4956,2958,175,1,507
4957,2958,172,1,1424
4958,2959,171,1,1622
4959,2960,2,1,2368
4960,2960,136,2,1890
4961,2960,234,1,3084
4962,2961,168,1,1663
4963,2961,38,1,474
4964,2961,137,1,1201
4965,2962,194,1,1779
4966,2962,237,1,953
4967,2963,111,2,1379
4968,2964,72,1,262
4969,2965,200,1,1045
4970,2966,179,1,881
4971,2967,221,1,549
4972,2968,192,1,1872
4973,2968,139,2,747
4974,2969,154,1,2033
4975,2969,127,1,1032
4976,2969,259,1,1755
4977,2970,88,1,938
4978,2971,258,1,1045
4979,2971,106,1,521
4980,2972,116,1,2656
4981,2973,68,1,1955
4982,2974,138,1,2815
4983,2974,139,1,747
4984,2974,236,1,2208
4985,2975,21,1,2014
4986,2976,21,1,2014
4987,2976,65,1,1146
4988,2977,155,1,1446
4989,2978,170,1,4112
4990,2978,125,2,2036
4991,2979,114,1,1370
4992,2979,9,1,2492
4993,2980,54,1,2174
4994,2981,17,1,3452
4995,2981,157,1,1180
4996,2982,127,1,1032
4997,2982,75,1,1776
4998,2983,17,1,3452
4999,2984,172,1,1424
5000,2985,181,1,3645
5001,2986,226,1,1589
5002,2987,97,1,3814
5003,2987,241,2,3489
5004,2988,232,1,1983
5005,2989,66,1,919
5006,2990,51,2,1106
5007,2990,104,1,2185
5008,2990,29,2,1385
5009,2991,214,1,939
5010,2991,196,1,1458
5011,2991,201,1,2173
5012,2992,174,1,2394
5013,2993,217,1,2142
5014,2993,61,1,524
5015,2994,12,1,2353
5016,2995,53,1,4850
5017,2996,63,1,2111
5018,2996,90,1,2950
5019,2997,73,2,1116
5020,2997,80,1,698
5021,2997,165,1,2382
5022,2998,112,1,4359
5023,2999,192,1,1872
5024,2999,35,1,896
5025,3000,110,1,3488
5026,3001,51,1,1106
5027,3001,149,1,1079
5028,3002,138,1,2815
5029,3002,39,1,1614
5030,3003,24,1,2536
5031,3003,40,1,3597
5032,3004,223,1,2638
5033,3004,135,2,2171
5034,3005,88,1,938
5035,3006,39,1,1614
5036,3007,2,1,2368
5037,3007,219,2,1744
5038,3008,175,1,507
5039,3008,146,2,2144
5040,3008,192,1,1872
5041,3009,74,1,768
5042,3009,220,1,455
5043,3010,12,2,2353
5044,3010,189,1,1666
5045,3010,79,1,2279
5046,3010,195,1,2494
5047,3011,38,2,474
5048,3011,198,1,288
5049,3012,155,1,1446
5050,3013,51,1,1106
5051,3013,104,2,2185
5052,3013,166,1,1629
5053,3014,145,1,4871
5054,3015,198,1,288
5055,3015,138,1,2815
5056,3015,57,1,1202
5057,3016,27,1,4308
5058,3017,255,1,1679
5059,3018,187,1,1056
5060,3018,46,1,2165
5061,3018,223,1,2638
5062,3019,42,1,1316
5063,3019,160,1,1181
5064,3019,257,1,1615
5065,3020,229,2,3069
5066,3021,134,2,1101
5067,3022,59,1,2340
5068,3022,244,1,3886
5069,3023,45,1,700
5070,3023,150,1,2232
5071,3024,94,1,545
5072,3024,212,1,2326
5073,3025,202,1,1791
5074,3025,240,1,676
5075,3025,59,1,2340
5076,3026,163,1,4058
5077,3027,30,1,644
5078,3028,201,1,2173
5079,3029,68,1,1955
5080,3030,259,1,1755
5081,3031,144,1,2653
5082,3031,199,2,4228
5083,3031,170,1,4112
5084,3032,120,1,1402
5085,3032,43,1,2261
5086,3033,1,1,1502
5087,3033,12,1,2353
5088,3033,72,1,262
5089,3034,108,1,1117
5090,3035,194,1,1779
5091,3035,108,1,1117
5092,3035,102,1,1216
5093,3035,45,1,700
5094,3036,251,1,2690
5095,3037,243,1,3284
5096,3038,233,1,1005
5097,3039,128,1,3606
5098,3040,113,1,905
5099,3041,73,2,1116
5100,3041,116,2,2656
5101,3041,36,2,2571
5102,3042,41,1,4035
5103,3043,47,1,1090
5104,3044,24,2,2536
5105,3045,177,1,1789
5106,3046,123,1,674
5107,3047,207,1,2780
5108,3047,246,1,922
5109,3048,85,1,1326
5110,3049,28,1,1184
5111,3049,258,1,1045
5112,3050,200,1,1045
5113,3050,207,1,2780
5114,3050,68,1,1955
5115,3050,12,1,2353
5116,3051,183,1,1013
5117,3052,88,1,938
5118,3053,79,1,2279
5119,3054,150,1,2232
5120,3054,29,1,1385
5121,3054,122,1,3391
5122,3055,174,1,2394
5123,3056,204,1,2387
5124,3057,133,1,1808
5125,3058,203,1,1961
5126,3058,235,1,2439
5127,3058,118,1,1985
5128,3059,138,1,2815
5129,3060,200,2,1045
5130,3061,111,1,1379
5131,3061,107,1,1323
5132,3062,170,1,4112
5133,3063,55,1,1245
5134,3063,14,1,2466
5135,3064,167,1,697
5136,3065,243,1,3284
5137,3065,123,1,674
5138,3066,186,1,2220
5139,3066,52,2,3076
5140,3067,124,1,4690
5141,3068,120,1,1402
5142,3068,151,1,1372
5143,3069,165,1,2382
5144,3069,131,1,4961
5145,3069,144,1,2653
5146,3070,136,1,1890
5147,3070,65,1,1146
5148,3070,102,1,1216
5149,3071,78,2,2774
5150,3071,94,1,545
5151,3072,66,1,919
5152,3073,157,2,1180
5153,3073,39,1,1614
5154,3073,49,1,2877
5155,3073,6,1,1780
5156,3074,59,1,2340
5157,3074,11,1,1138
5158,3075,35,1,896
5159,3075,247,1,3450
5160,3076,10,1,2642
5161,3076,204,1,2387
5162,3077,213,1,2422
5163,3078,226,2,1589
5164,3079,254,1,1388
5165,3080,126,1,1970
5166,3081,116,1,2656
5167,3082,25,1,520
5168,3083,158,1,1995
5169,3083,170,1,4112
5170,3084,246,1,922
5171,3085,215,1,1468
5172,3086,247,1,3450
5173,3087,87,1,765
5174,3088,218,1,4143
5175,3089,240,1,676
5176,3090,27,2,4308
5177,3091,108,1,1117
5178,3092,103,1,1035
5179,3093,176,2,1005
5180,3094,211,1,3043
5181,3094,230,1,3446
5182,3095,175,2,507
5183,3096,9,1,2492
5184,3097,64,1,1446
5185,3098,38,1,474
5186,3099,71,1,4418
5187,3100,255,1,1679
5188,3100,195,2,2494
5189,3101,194,1,1779
5190,3101,201,1,2173
5191,3102,240,1,676
5192,3102,6,1,1780
5193,3103,257,1,1615
5194,3104,56,2,3318
5195,3105,70,1,1664
5196,3106,104,1,2185
5197,3107,75,1,1776
5198,3108,155,1,1446
5199,3109,236,1,2208
5200,3109,145,1,4871
5201,3109,27,1,4308
5202,3110,144,2,2653
5203,3111,128,1,3606
5204,3112,69,2,3023
5205,3113,12,1,2353
5206,3113,155,1,1446
5207,3114,39,1,1614
5208,3115,243,2,3284
5209,3115,242,1,2482
5210,3115,124,1,4690
5211,3116,98,1,504
5212,3116,50,1,2576
5213,3116,101,1,1236
5214,3117,212,1,2326
5215,3118,188,1,812
5216,3119,151,1,1372
5217,3120,24,1,2536
5218,3121,196,1,1458
5219,3122,120,1,1402
5220,3122,182,2,4880
5221,3122,54,1,2174
5222,3123,254,1,1388
5223,3124,84,1,1955
5224,3124,1,1,1502
5225,3125,208,1,2093
5226,3125,154,1,2033
5227,3125,120,1,1402
5228,3126,2,2,2368
5229,3127,198,1,288
5230,3128,22,1,1491
5231,3128,203,1,1961
5232,3129,203,1,1961
5233,3129,207,1,2780
5234,3130,220,1,455
5235,3131,9,1,2492
5236,3132,191,2,1880
5237,3132,65,1,1146
5238,3132,222,1,1380
5239,3133,168,1,1663
5240,3134,181,1,3645
5241,3135,66,1,919
5242,3136,18,1,4595
5243,3136,74,1,768
5244,3136,254,1,1388
5245,3137,135,1,2171
5246,3137,242,1,2482
5247,3138,93,1,2982
5248,3139,236,2,2208
5249,3139,101,1,1236
5250,3140,6,1,1780
5251,3140,17,1,3452
5252,3140,102,1,1216
5253,3140,62,1,2434
5254,3141,243,1,3284
5255,3142,5,1,2971
5256,3142,214,1,939
5257,3143,21,1,2014
5258,3144,61,1,524
5259,3144,217,1,2142
5260,3144,142,1,1191
5261,3145,177,2,1789
5262,3146,26,1,3195
5263,3146,168,1,1663
5264,3147,51,1,1106
5265,3148,200,1,1045
5266,3148,31,1,1395
5267,3149,224,1,946
5268,3149,35,1,896
5269,3149,107,1,1323
5270,3150,143,1,1966
5271,3151,106,1,521
5272,3151,160,1,1181
5273,3152,232,1,1983
5274,3152,251,1,2690
5275,3153,71,2,4418
5276,3153,126,1,1970
5277,3153,228,1,1251
5278,3154,93,1,2982
5279,3154,86,1,1087
5280,3155,38,1,474
5281,3156,174,1,2394
5282,3157,237,2,953
5283,3157,217,1,2142
5284,3158,109,1,880
5285,3159,138,1,2815
5286,3160,42,1,1316
5287,3161,167,1,697
5288,3162,186,1,2220
5289,3163,68,1,1955
5290,3163,208,1,2093
5291,3164,105,1,436
5292,3165,242,1,2482
5293,3166,57,1,1202
5294,3167,205,1,2762
5295,3168,10,1,2642
5296,3169,163,1,4058
5297,3169,41,1,4035
5298,3170,238,2,608
5299,3170,108,1,1117
5300,3171,164,1,346
5301,3172,214,1,939
5302,3172,247,1,3450
5303,3172,226,1,1589
5304,3173,68,1,1955
5305,3174,205,1,2762
5306,3175,9,1,2492
5307,3176,185,2,2091
5308,3176,162,2,480
5309,3176,184,2,1478
5310,3176,31,1,1395
5311,3177,212,1,2326
5312,3177,39,1,1614
5313,3178,181,1,3645
5314,3178,180,1,1127
5315,3178,92,1,373
5316,3179,204,1,2387
5317,3179,141,1,2869
5318,3179,181,1,3645
5319,3179,34,1,687
5320,3180,179,1,881
5321,3181,163,2,4058
5322,3182,16,1,2221
5323,3182,117,1,889
5324,3182,78,1,2774
5325,3182,44,1,2892
5326,3183,85,1,1326
5327,3184,211,1,3043
5328,3185,100,1,3021
5329,3186,194,1,1779
5330,3187,91,1,1066
5331,3188,242,1,2482
5332,3189,234,1,3084
5333,3189,29,1,1385
5334,3190,213,1,2422
5335,3191,149,1,1079
5336,3191,57,1,1202
5337,3191,145,1,4871
5338,3192,50,2,2576
5339,3193,150,1,2232
5340,3194,146,1,2144
5341,3195,225,1,1606
5342,3196,59,1,2340
5343,3197,67,1,1202
5344,3197,215,1,1468
5345,3198,50,1,2576
5346,3198,39,1,1614
5347,3198,80,2,698
5348,3199,121,1,2200
5349,3200,132,1,1926
5350,3201,75,1,1776
5351,3201,20,1,1016
5352,3202,59,1,2340
5353,3203,18,1,4595
5354,3204,54,1,2174
5355,3205,252,2,1362
5356,3206,220,2,455
5357,3206,136,2,1890
5358,3207,157,1,1180
5359,3208,44,1,2892
5360,3208,223,2,2638
5361,3208,215,1,1468
5362,3208,90,1,2950
5363,3209,24,2,2536
5364,3210,156,1,4121
5365,3211,191,1,1880
5366,3212,232,2,1983
5367,3212,199,1,4228
5368,3213,25,1,520
5369,3213,225,1,1606
5370,3213,186,1,2220
5371,3214,219,1,1744
5372,3214,148,2,802
5373,3215,90,1,2950
5374,3216,176,1,1005
5375,3216,36,1,2571
5376,3217,17,2,3452
5377,3218,238,2,608
5378,3218,40,1,3597
5379,3219,10,1,2642
5380,3220,132,1,1926
5381,3221,91,1,1066
5382,3221,107,1,1323
5383,3222,24,1,2536
5384,3222,177,1,1789
5385,3222,210,1,3167
5386,3223,243,2,3284
5387,3223,93,2,2982
5388,3224,10,1,2642
5389,3225,84,1,1955
5390,3225,238,1,608
5391,3226,87,1,765
5392,3226,169,1,1930
5393,3227,172,1,1424
5394,3227,143,1,1966
5395,3227,108,1,1117
5396,3228,77,1,340
5397,3229,145,1,4871
5398,3229,204,1,2387
5399,3230,101,1,1236
5400,3231,223,1,2638
5401,3231,103,1,1035
5402,3232,11,1,1138
5403,3232,9,1,2492
5404,3232,153,1,723
5405,3233,40,1,3597
5406,3234,116,1,2656
5407,3235,186,1,2220
5408,3235,6,2,1780
5409,3235,96,2,2172
5410,3236,99,2,1858
5411,3236,185,1,2091
5412,3236,248,1,661
5413,3237,69,1,3023
5414,3238,229,2,3069
5415,3239,97,2,3814
5416,3240,232,1,1983
5417,3241,151,1,1372
5418,3241,230,1,3446
5419,3242,131,1,4961
5420,3243,157,2,1180
5421,3243,162,1,480
5422,3244,31,1,1395
5423,3245,167,1,697
5424,3245,179,1,881
5425,3246,251,2,2690
5426,3246,259,1,1755
5427,3246,181,2,3645
5428,3247,117,1,889
5429,3247,1,2,1502
5430,3247,184,1,1478
5431,3248,159,1,366
5432,3249,187,1,1056
5433,3249,38,1,474
5434,3250,249,1,1851
5435,3250,26,1,3195
5436,3251,13,1,791
5437,3252,83,1,2600
5438,3253,172,1,1424
5439,3254,183,1,1013
5440,3255,165,2,2382
5441,3256,217,1,2142
5442,3256,57,1,1202
5443,3256,125,1,2036
5444,3257,42,1,1316
5445,3257,171,1,1622
5446,3257,93,1,2982
5447,3258,76,1,3454
5448,3259,71,1,4418
5449,3260,227,2,2172
5450,3260,140,2,386
5451,3261,193,2,320
5452,3261,24,1,2536
5453,3262,7,1,1684
5454,3263,145,1,4871
5455,3263,169,1,1930
5456,3264,68,1,1955
5457,3265,222,1,1380
5458,3266,90,1,2950
5459,3266,68,1,1955
5460,3267,194,1,1779
5461,3268,236,1,2208
5462,3268,181,2,3645
5463,3269,188,1,812
5464,3270,122,1,3391
5465,3270,145,1,4871
5466,3271,39,1,1614
5467,3271,228,1,1251
5468,3272,88,1,938
5469,3272,127,1,1032
5470,3272,59,2,2340
5471,3272,204,1,2387
5472,3273,5,1,2971
5473,3273,184,2,1478
5474,3274,212,1,2326
5475,3275,90,2,2950
5476,3276,227,1,2172
5477,3276,129,1,2404
5478,3277,35,2,896
5479,3277,178,1,1669
5480,3277,242,1,2482
5481,3277,150,1,2232
5482,3278,44,1,2892
5483,3278,99,1,1858
5484,3278,244,1,3886
5485,3278,205,2,2762
5486,3279,173,2,954
5487,3280,149,1,1079
5488,3281,121,1,2200
5489,3282,251,2,2690
5490,3282,218,1,4143
5491,3282,112,1,4359
5492,3283,147,1,568
5493,3284,259,1,1755
5494,3285,9,1,2492
5495,3285,246,1,922
5496,3285,13,1,791
5497,3286,174,1,2394
5498,3286,136,1,1890
5499,3287,22,1,1491
5500,3287,72,1,262
5501,3288,90,1,2950
5502,3289,56,1,3318
5503,3290,151,1,1372
5504,3291,108,1,1117
5505,3291,247,1,3450
5506,3292,230,2,3446
5507,3292,157,1,1180
5508,3293,217,1,2142
5509,3294,137,1,1201
5510,3295,207,1,2780
5511,3295,104,1,2185
5512,3295,124,1,4690
5513,3295,122,1,3391
5514,3296,237,1,953
5515,3296,38,1,474
5516,3296,236,1,2208
5517,3296,174,1,2394
5518,3297,165,2,2382
5519,3298,67,1,1202
5520,3299,139,1,747
5521,3299,146,1,2144
5522,3299,12,2,2353
5523,3300,124,1,4690
5524,3300,99,1,1858
5525,3300,222,1,1380
5526,3300,243,1,3284
5527,3301,190,1,914
5528,3302,130,1,1821
5529,3303,50,1,2576
5530,3303,237,1,953
5531,3303,7,1,1684
5532,3304,240,1,676
5533,3304,22,1,1491
5534,3305,82,1,1744
5535,3305,78,1,2774
5536,3305,164,2,346
5537,3306,206,1,1709
5538,3306,72,1,262
5539,3307,80,1,698
5540,3308,156,1,4121
5541,3308,66,1,919
5542,3308,57,1,1202
5543,3309,109,1,880
5544,3310,189,1,1666
5545,3311,192,2,1872
5546,3312,224,1,946
5547,3313,172,1,1424
5548,3314,158,2,1995
5549,3315,65,2,1146
5550,3316,136,1,1890
5551,3317,57,1,1202
5552,3317,245,1,1007
5553,3317,143,2,1966
5554,3318,50,1,2576
5555,3319,216,2,1929
5556,3320,210,1,3167
5557,3321,14,1,2466
5558,3321,40,1,3597
5559,3322,161,1,1562
5560,3322,80,1,698
5561,3323,242,1,2482
5562,3323,44,1,2892
5563,3324,260,1,4920
5564,3324,239,2,1197
5565,3325,107,1,1323
5566,3325,135,1,2171
5567,3325,122,1,3391
5568,3326,201,1,2173
5569,3326,25,1,520
5570,3327,33,1,1607
5571,3328,70,1,1664
5572,3328,84,1,1955
5573,3329,231,1,1582
5574,3330,106,1,521
5575,3331,70,1,1664
5576,3332,88,1,938
5577,3332,78,1,2774
5578,3332,210,1,3167
5579,3333,93,1,2982
5580,3333,49,1,2877
5581,3333,3,1,2438
5582,3334,195,1,2494
5583,3335,84,1,1955
5584,3335,191,1,1880
5585,3336,87,2,765
5586,3337,143,1,1966
5587,3337,108,1,1117
5588,3338,7,1,1684
5589,3338,174,1,2394
5590,3338,245,1,1007
5591,3339,132,1,1926
5592,3340,163,1,4058
5593,3340,59,1,2340
5594,3341,52,1,3076
5595,3341,64,1,1446
5596,3342,95,1,1582
5597,3342,22,1,1491
5598,3343,125,1,2036
5599,3344,118,1,1985
5600,3345,130,1,1821
5601,3346,25,1,520
5602,3347,26,1,3195
5603,3348,143,2,1966
5604,3349,175,1,507
5605,3349,27,1,4308
5606,3350,123,1,674
5607,3351,194,1,1779
5608,3352,26,1,3195
5609,3352,179,1,881
5610,3353,169,1,1930
5611,3354,183,1,1013
5612,3355,10,1,2642
5613,3356,254,2,1388
5614,3357,131,1,4961
5615,3358,243,1,3284
5616,3359,93,1,2982
5617,3360,208,1,2093
5618,3361,112,1,4359
5619,3361,110,1,3488
5620,3361,215,1,1468
5621,3361,146,1,2144
5622,3362,84,1,1955
5623,3363,17,1,3452
5624,3364,92,1,373
5625,3365,67,1,1202
5626,3365,72,1,262
5627,3366,208,1,2093
5628,3366,159,1,366
5629,3367,76,2,3454
5630,3368,252,1,1362
5631,3368,69,1,3023
5632,3369,231,2,1582
5633,3369,188,2,812
5634,3370,188,1,812
5635,3371,110,1,3488
5636,3371,50,1,2576
5637,3372,219,1,1744
5638,3373,135,1,2171
5639,3374,119,1,679
5640,3374,121,1,2200
5641,3374,260,1,4920
5642,3375,145,1,4871
5643,3375,195,1,2494
5644,3375,40,2,3597
5645,3376,192,1,1872
5646,3376,10,1,2642
5647,3377,40,1,3597
5648,3378,207,2,2780
5649,3379,189,2,1666
5650,3380,66,1,919
5651,3381,23,1,789
5652,3382,195,2,2494
5653,3383,13,1,791
5654,3383,194,1,1779
5655,3384,15,1,1892
5656,3384,33,1,1607
5657,3385,36,1,2571
5658,3386,147,1,568
5659,3386,149,1,1079
5660,3386,196,1,1458
5661,3386,9,1,2492
5662,3387,59,2,2340
5663,3387,167,1,697
5664,3388,95,1,1582
5665,3388,135,1,2171
5666,3388,38,1,474
5667,3388,83,2,2600
5668,3389,121,1,2200
5669,3390,72,1,262
5670,3390,73,1,1116
5671,3391,244,1,3886
5672,3392,190,1,914
5673,3392,217,1,2142
5674,3393,104,1,2185
5675,3393,76,1,3454
5676,3394,117,1,889
5677,3395,15,1,1892
5678,3395,244,1,3886
5679,3396,215,1,1468
5680,3396,158,1,1995
5681,3396,116,1,2656
5682,3397,22,1,1491
5683,3398,41,1,4035
5684,3398,227,2,2172
5685,3399,237,1,953
5686,3400,186,1,2220
5687,3401,65,1,1146
5688,3402,38,1,474
5689,3402,26,1,3195
5690,3403,212,1,2326
5691,3404,251,1,2690
5692,3404,234,1,3084
5693,3405,45,1,700
5694,3406,184,1,1478
5695,3407,32,1,339
5696,3408,140,1,386
5697,3408,256,1,2709
5698,3408,83,1,2600
5699,3409,191,1,1880
5700,3410,89,1,1622
5701,3410,176,1,1005
5702,3411,8,1,1392
5703,3411,231,1,1582
5704,3411,72,1,262
5705,3412,97,1,3814
5706,3413,131,1,4961
5707,3414,121,2,2200
5708,3415,3,1,2438
5709,3416,212,1,2326
5710,3416,245,1,1007
5711,3416,175,1,507
5712,3417,83,1,2600
5713,3418,158,1,1995
5714,3419,51,1,1106
5715,3420,74,1,768
5716,3421,141,1,2869
5717,3421,113,1,905
5718,3422,51,1,1106
5719,3422,193,1,320
5720,3423,237,1,953
5721,3424,137,1,1201
5722,3424,147,1,568
5723,3424,241,1,3489
5724,3425,168,1,1663
5725,3426,10,1,2642
5726,3426,246,1,922
5727,3427,42,1,1316
5728,3428,60,1,1286
5729,3429,139,1,747
5730,3429,150,1,2232
5731,3429,118,1,1985
5732,3430,32,1,339
5733,3431,28,1,1184
5734,3432,145,1,4871
5735,3432,214,1,939
5736,3433,54,1,2174
5737,3434,215,1,1468
5738,3435,128,1,3606
5739,3436,58,1,985
5740,3436,118,1,1985
5741,3436,116,1,2656
5742,3437,56,1,3318
5743,3437,142,1,1191
5744,3437,161,1,1562
5745,3437,194,1,1779
5746,3438,229,1,3069
5747,3439,186,1,2220
5748,3439,18,1,4595
5749,3440,152,1,4917
5750,3440,167,1,697
5751,3441,102,1,1216
5752,3442,237,1,953
5753,3442,66,1,919
5754,3443,80,1,698
5755,3443,212,1,2326
5756,3443,93,1,2982
5757,3444,249,1,1851
5758,3444,198,1,288
5759,3445,35,1,896
5760,3446,228,1,1251
5761,3447,6,1,1780
5762,3448,119,1,679
5763,3449,103,1,1035
5764,3449,58,1,985
5765,3450,62,1,2434
5766,3451,163,1,4058
5767,3452,87,1,765
5768,3453,215,1,1468
5769,3454,230,1,3446
5770,3454,36,1,2571
5771,3455,48,1,2585
5772,3456,61,1,524
5773,3457,222,1,1380
5774,3458,175,1,507
5775,3458,233,1,1005
5776,3459,248,1,661
5777,3459,95,1,1582
5778,3460,211,1,3043
5779,3461,238,1,608
5780,3461,110,1,3488
5781,3461,64,1,1446
5782,3462,175,2,507
5783,3463,135,1,2171
5784,3463,19,1,1024
5785,3464,111,1,1379
5786,3464,76,1,3454
5787,3464,121,2,2200
5788,3465,28,1,1184
5789,3465,246,1,922
5790,3466,35,1,896
5791,3466,110,1,3488
5792,3466,212,1,2326
5793,3467,211,1,3043
5794,3468,196,1,1458
5795,3469,220,1,455
5796,3470,223,1,2638
5797,3471,247,1,3450
5798,3471,78,2,2774
5799,3471,173,1,954
5800,3472,253,1,1210
5801,3472,163,1,4058
5802,3473,12,1,2353
5803,3473,4,1,1235
5804,3474,151,1,1372
5805,3475,258,1,1045
5806,3476,178,1,1669
5807,3477,226,1,1589
5808,3477,122,1,3391
5809,3478,203,1,1961
5810,3479,196,1,1458
5811,3480,190,1,914
5812,3481,91,1,1066
5813,3481,109,1,880
5814,3482,247,1,3450
5815,3482,3,1,2438
5816,3482,112,1,4359
5817,3482,153,1,723
5818,3483,247,1,3450
5819,3483,111,1,1379
5820,3484,122,1,3391
5821,3484,229,1,3069
5822,3485,128,1,3606
5823,3486,121,1,2200
5824,3487,63,1,2111
5825,3488,43,1,2261
5826,3489,75,1,1776
5827,3489,189,2,1666
5828,3490,181,1,3645
5829,3491,108,2,1117
5830,3491,166,2,1629
5831,3492,81,1,864
5832,3492,42,1,1316
5833,3493,70,1,1664
5834,3494,32,1,339
5835,3495,132,1,1926
5836,3496,227,1,2172
5837,3496,232,2,1983
5838,3497,12,1,2353
5839,3498,166,1,1629
5840,3499,214,1,939
5841,3499,95,1,1582
5842,3499,83,1,2600
5843,3499,98,1,504
5844,3500,82,1,1744
5845,3500,117,1,889
5846,3501,152,1,4917
5847,3501,147,1,568
5848,3502,92,1,373
5849,3503,11,1,1138
5850,3504,155,1,1446
5851,3504,123,2,674
5852,3505,62,1,2434
5853,3505,237,1,953
5854,3505,84,1,1955
5855,3505,85,1,1326
5856,3506,53,1,4850
5857,3506,161,1,1562
5858,3507,13,1,791
5859,3507,5,1,2971
5860,3508,135,2,2171
5861,3508,22,1,1491
5862,3508,260,1,4920
5863,3509,242,1,2482
5864,3510,21,1,2014
5865,3510,121,1,2200
5866,3511,56,1,3318
5867,3512,139,1,747
5868,3512,210,1,3167
5869,3513,246,1,922
5870,3513,64,1,1446
5871,3514,173,1,954
5872,3514,223,1,2638
5873,3514,21,1,2014
5874,3514,111,1,1379
5875,3515,2,1,2368
5876,3516,219,2,1744
5877,3516,10,1,2642
5878,3517,164,1,346
5879,3518,128,1,3606
5880,3519,246,1,922
5881,3519,147,1,568
5882,3520,204,2,2387
5883,3521,255,1,1679
5884,3521,167,1,697
5885,3521,11,1,1138
5886,3522,173,1,954
5887,3522,115,1,1860
5888,3523,160,1,1181
5889,3524,121,2,2200
5890,3525,186,1,2220
5891,3525,143,1,1966
5892,3526,15,1,1892
5893,3527,190,1,914
5894,3528,154,1,2033
5895,3528,174,2,2394
5896,3529,81,1,864
5897,3529,172,1,1424
5898,3529,205,1,2762
5899,3530,124,1,4690
5900,3530,244,1,3886
5901,3531,259,1,1755
5902,3532,114,1,1370
5903,3532,158,1,1995
5904,3532,57,2,1202
5905,3532,25,1,520
5906,3533,155,1,1446
5907,3533,123,1,674
5908,3533,203,1,1961
5909,3533,93,1,2982
5910,3534,232,1,1983
5911,3534,138,2,2815
5912,3534,50,1,2576
5913,3534,163,1,4058
5914,3535,86,1,1087
5915,3535,187,2,1056
5916,3535,59,1,2340
5917,3536,126,2,1970
5918,3537,230,1,3446
5919,3538,145,1,4871
5920,3539,176,1,1005
5921,3540,42,1,1316
5922,3541,92,1,373
5923,3542,3,2,2438
5924,3543,101,1,1236
5925,3543,100,1,3021
5926,3544,69,1,3023
5927,3544,88,1,938
5928,3545,7,1,1684
5929,3545,12,2,2353
5930,3545,106,2,521
5931,3546,50,2,2576
5932,3547,199,1,4228
5933,3547,133,1,1808
5934,3548,179,1,881
5935,3548,98,1,504
5936,3549,165,1,2382
5937,3550,112,1,4359
5938,3551,55,1,1245
5939,3552,49,1,2877
5940,3552,36,1,2571
5941,3552,166,2,1629
5942,3552,90,2,2950
5943,3553,94,1,545
5944,3553,135,1,2171
5945,3554,26,1,3195
5946,3555,100,1,3021
5947,3556,51,1,1106
5948,3557,170,1,4112
5949,3557,45,1,700
5950,3558,18,1,4595
5951,3559,238,1,608
5952,3559,11,1,1138
5953,3560,95,1,1582
5954,3560,140,1,386
5955,3560,144,2,2653
5956,3561,121,1,2200
5957,3562,212,1,2326
5958,3562,120,2,1402
5959,3563,239,1,1197
5960,3564,45,1,700
5961,3565,25,1,520
5962,3565,246,1,922
5963,3566,235,1,2439
5964,3567,108,1,1117
5965,3567,76,1,3454
5966,3568,69,1,3023
5967,3568,120,1,1402
5968,3569,71,1,4418
5969,3569,42,1,1316
5970,3569,51,1,1106
5971,3570,3,1,2438
5972,3570,167,1,697
5973,3571,52,1,3076
5974,3571,163,1,4058
5975,3572,21,1,2014
5976,3573,44,1,2892
5977,3573,97,1,3814
5978,3574,208,1,2093
5979,3574,172,2,1424
5980,3575,196,1,1458
5981,3575,6,2,1780
5982,3575,3,1,2438
5983,3575,149,1,1079
5984,3576,114,2,1370
5985,3577,203,1,1961
5986,3577,239,1,1197
5987,3578,64,1,1446
5988,3579,228,1,1251
5989,3579,6,1,1780
5990,3580,135,2,2171
5991,3581,56,1,3318
5992,3581,258,1,1045
5993,3582,83,1,2600
5994,3583,224,1,946
5995,3583,93,2,2982
5996,3583,31,1,1395
5997,3584,128,1,3606
5998,3585,160,2,1181
5999,3586,58,1,985
6000,3587,215,1,1468
6001,3588,176,1,1005
6002,3589,90,1,2950
6003,3589,105,1,436
6004,3590,91,1,1066
6005,3590,175,1,507
6006,3590,142,2,1191
6007,3590,13,1,791
6008,3591,154,1,2033
6009,3591,232,1,1983
6010,3591,107,1,1323
6011,3592,111,1,1379
6012,3592,126,1,1970
6013,3593,193,1,320
6014,3593,187,1,1056
6015,3593,17,1,3452
6016,3594,79,1,2279
6017,3595,124,2,4690
6018,3596,125,2,2036
6019,3596,100,1,3021
6020,3597,48,1,2585
6021,3597,147,1,568
6022,3597,208,1,2093
6023,3598,225,2,1606
6024,3598,4,1,1235
6025,3598,45,1,700
6026,3599,82,1,1744
6027,3599,10,1,2642
6028,3599,142,1,1191
6029,3599,90,1,2950
6030,3600,34,1,687
6031,3601,56,1,3318
6032,3601,64,1,1446
6033,3601,259,1,1755
6034,3602,208,1,2093
6035,3602,79,1,2279
6036,3603,200,2,1045
6037,3603,239,1,1197
6038,3603,135,1,2171
6039,3603,134,1,1101
6040,3604,182,1,4880
6041,3604,141,1,2869
6042,3605,143,1,1966
6043,3606,133,1,1808
6044,3607,5,2,2971
6045,3608,211,2,3043
6046,3609,229,1,3069
6047,3610,21,1,2014
6048,3611,225,1,1606
6049,3611,188,1,812
6050,3612,68,1,1955
6051,3613,106,1,521
6052,3613,139,1,747
6053,3614,22,1,1491
6054,3614,131,1,4961
6055,3614,129,1,2404
6056,3615,158,2,1995
6057,3616,149,1,1079
6058,3617,140,1,386
6059,3618,98,1,504
6060,3618,32,1,339
6061,3618,238,1,608
6062,3618,48,1,2585
6063,3619,66,1,919
6064,3619,223,1,2638
6065,3619,20,1,1016
6066,3620,92,1,373
6067,3621,15,1,1892
6068,3622,84,1,1955
6069,3623,227,1,2172
6070,3623,133,2,1808
6071,3624,251,1,2690
6072,3624,211,1,3043
6073,3624,160,1,1181
6074,3625,147,1,568
6075,3625,46,1,2165
6076,3626,249,1,1851
6077,3626,132,1,1926
6078,3627,197,1,337
6079,3627,24,1,2536
6080,3627,179,2,881
6081,3628,94,1,545
6082,3628,85,1,1326
6083,3628,196,1,1458
6084,3629,218,1,4143
6085,3630,204,1,2387
6086,3631,153,1,723
6087,3631,26,1,3195
6088,3632,74,1,768
6089,3632,155,1,1446
6090,3632,81,1,864
6091,3633,246,1,922
6092,3633,17,1,3452
6093,3634,112,1,4359
6094,3635,116,1,2656
6095,3636,21,1,2014
6096,3636,253,1,1210
6097,3637,251,1,2690
6098,3638,223,1,2638
6099,3639,27,1,4308
6100,3639,59,1,2340
6101,3639,244,1,3886
6102,3640,208,1,2093
6103,3640,178,1,1669
6104,3641,53,1,4850
6105,3641,60,1,1286
6106,3641,174,1,2394
6107,3642,154,2,2033
6108,3642,103,2,1035
6109,3643,102,1,1216
6110,3643,149,1,1079
6111,3644,165,1,2382
6112,3645,16,2,2221
6113,3646,58,2,985
6114,3647,177,1,1789
6115,3648,176,1,1005
6116,3649,182,1,4880
6117,3650,28,1,1184
6118,3651,222,1,1380
6119,3651,25,2,520
6120,3652,206,1,1709
6121,3653,152,1,4917
6122,3654,44,1,2892
6123,3655,90,1,2950
6124,3655,130,1,1821
6125,3655,54,1,2174
6126,3656,210,1,3167
6127,3657,15,1,1892
6128,3658,155,1,1446
6129,3659,248,1,661
6130,3660,239,1,1197
6131,3661,88,1,938
6132,3662,40,1,3597
6133,3662,145,1,4871
6134,3662,118,1,1985
6135,3662,100,1,3021
6136,3663,28,1,1184
6137,3663,155,1,1446
6138,3664,210,1,3167
6139,3664,99,1,1858
6140,3665,63,1,2111
6141,3665,237,1,953
6142,3665,34,1,687
6143,3666,26,1,3195
6144,3666,88,2,938
6145,3666,244,1,3886
6146,3667,197,1,337
6147,3667,138,1,2815
6148,3668,2,1,2368
6149,3669,87,1,765
6150,3670,82,1,1744
6151,3671,49,1,2877
6152,3672,140,2,386
6153,3673,196,1,1458
6154,3674,247,1,3450
6155,3674,3,1,2438
6156,3675,211,1,3043
6157,3676,52,1,3076
6158,3676,124,1,4690
6159,3677,94,1,545
6160,3677,52,1,3076
6161,3677,181,2,3645
6162,3677,142,1,1191
6163,3678,246,1,922
6164,3678,129,1,2404
6165,3679,17,1,3452
6166,3680,133,1,1808
6167,3680,147,1,568
6168,3680,105,1,436
6169,3681,70,2,1664
6170,3682,253,1,1210
6171,3683,260,1,4920
6172,3683,97,1,3814
6173,3684,152,1,4917
6174,3684,169,1,1930
6175,3685,231,1,1582
6176,3685,86,1,1087
6177,3686,78,1,2774
6178,3686,165,1,2382
6179,3687,22,1,1491
6180,3687,34,1,687
6181,3688,158,1,1995
6182,3689,204,1,2387
6183,3689,162,1,480
6184,3690,89,1,1622
6185,3690,20,1,1016
6186,3690,92,1,373
6187,3691,103,1,1035
6188,3691,139,1,747
6189,3691,256,1,2709
6190,3692,100,1,3021
6191,3692,252,2,1362
6192,3692,152,1,4917
6193,3692,10,1,2642
6194,3693,117,1,889
6195,3693,70,1,1664
6196,3694,196,1,1458
6197,3695,9,1,2492
6198,3695,175,1,507
6199,3695,208,1,2093
6200,3696,252,1,1362
6201,3696,236,1,2208
6202,3697,45,2,700
6203,3698,230,2,3446
6204,3698,123,1,674
6205,3698,197,1,337
6206,3698,79,2,2279
6207,3699,7,1,1684
6208,3699,47,1,1090
6209,3700,229,1,3069
6210,3701,174,1,2394
6211,3701,30,1,644
6212,3702,249,1,1851
6213,3703,50,1,2576
6214,3703,70,1,1664
6215,3704,61,1,524
6216,3704,166,1,1629
6217,3705,184,1,1478
6218,3705,18,1,4595
6219,3706,86,1,1087
6220,3707,16,1,2221
6221,3707,159,1,366
6222,3707,128,1,3606
6223,3708,138,1,2815
6224,3709,26,1,3195
6225,3709,115,1,1860
6226,3709,104,1,2185
6227,3709,161,1,1562
6228,3710,27,1,4308
6229,3710,40,1,3597
6230,3711,86,1,1087
6231,3712,254,1,1388
6232,3713,122,2,3391
6233,3713,221,2,549
6234,3713,118,1,1985
6235,3714,196,1,1458
6236,3715,70,1,1664
6237,3715,63,1,2111
6238,3716,150,2,2232
6239,3716,224,1,946
6240,3717,26,1,3195
6241,3717,75,1,1776
6242,3718,70,1,1664
6243,3719,8,1,1392
6244,3720,68,1,1955
6245,3721,123,1,674
6246,3722,27,1,4308
6247,3722,7,1,1684
6248,3723,184,1,1478
6249,3723,190,1,914
6250,3724,250,1,3263
6251,3724,71,1,4418
6252,3724,177,1,1789
6253,3725,249,2,1851
6254,3725,135,1,2171
6255,3726,198,1,288
6256,3726,167,1,697
6257,3727,32,1,339
6258,3728,193,1,320
6259,3729,6,1,1780
6260,3729,165,1,2382
6261,3729,47,1,1090
6262,3730,143,1,1966
6263,3730,140,1,386
6264,3731,260,1,4920
6265,3732,159,1,366
6266,3732,143,1,1966
6267,3733,24,1,2536
6268,3733,132,1,1926
6269,3733,121,1,2200
6270,3734,33,1,1607
6271,3735,175,1,507
6272,3735,178,1,1669
6273,3736,219,1,1744
6274,3737,133,1,1808
6275,3737,11,1,1138
6276,3738,56,1,3318
6277,3739,25,2,520
6278,3739,57,1,1202
6279,3740,248,1,661
6280,3741,57,2,1202
6281,3742,242,1,2482
6282,3742,260,1,4920
6283,3743,214,1,939
6284,3744,150,2,2232
6285,3744,171,1,1622
6286,3745,20,1,1016
6287,3746,217,1,2142
6288,3746,100,1,3021
6289,3747,211,1,3043
6290,3748,172,1,1424
6291,3749,250,1,3263
6292,3749,56,2,3318
6293,3750,86,2,1087
6294,3750,193,1,320
6295,3751,55,1,1245
6296,3751,9,1,2492
6297,3751,231,2,1582
6298,3752,2,1,2368
6299,3753,64,1,1446
6300,3753,104,1,2185
6301,3754,150,1,2232
6302,3755,104,1,2185
6303,3755,118,1,1985
6304,3755,61,1,524
6305,3756,73,1,1116
6306,3756,235,1,2439
6307,3757,185,1,2091
6308,3758,23,1,789
6309,3758,183,1,1013
6310,3759,194,1,1779
6311,3760,22,2,1491
6312,3761,101,1,1236
6313,3761,13,1,791
6314,3761,82,1,1744
6315,3761,149,1,1079
6316,3762,103,1,1035
6317,3762,202,1,1791
6318,3763,189,1,1666
6319,3763,243,2,3284
6320,3763,75,1,1776
6321,3763,44,1,2892
6322,3764,51,1,1106
6323,3764,164,1,346
6324,3764,214,1,939
6325,3765,124,1,4690
6326,3766,140,1,386
6327,3766,114,1,1370
6328,3766,133,1,1808
6329,3767,208,1,2093
6330,3768,102,1,1216
6331,3769,42,2,1316
6332,3770,221,1,549
6333,3771,229,1,3069
6334,3771,218,2,4143
6335,3772,126,1,1970
6336,3772,236,1,2208
6337,3772,154,2,2033
6338,3772,7,1,1684
6339,3773,218,2,4143
6340,3773,243,1,3284
6341,3774,213,2,2422
6342,3774,144,1,2653
6343,3774,254,1,1388
6344,3775,135,1,2171
6345,3775,221,1,549
6346,3776,86,1,1087
6347,3776,235,1,2439
6348,3776,131,1,4961
6349,3777,155,1,1446
6350,3778,221,1,549
6351,3779,251,1,2690
6352,3780,82,1,1744
6353,3780,69,1,3023
6354,3780,75,1,1776
6355,3781,138,2,2815
6356,3781,201,2,2173
6357,3781,149,2,1079
6358,3782,140,2,386
6359,3782,106,1,521
6360,3783,13,1,791
6361,3784,2,1,2368
6362,3785,91,1,1066
6363,3785,94,1,545
6364,3785,83,1,2600
6365,3786,57,1,1202
6366,3787,218,1,4143
6367,3787,127,1,1032
6368,3787,35,1,896
6369,3788,134,1,1101
6370,3788,189,1,1666
6371,3789,147,1,568
6372,3790,50,1,2576
6373,3791,249,2,1851
6374,3791,227,1,2172
6375,3792,228,1,1251
6376,3793,158,1,1995
6377,3794,79,1,2279
6378,3794,124,1,4690
6379,3794,39,1,1614
6380,3795,66,1,919
6381,3796,44,1,2892
6382,3796,52,1,3076
6383,3796,187,1,1056
6384,3797,202,1,1791
6385,3797,92,1,373
6386,3797,194,1,1779
6387,3798,155,1,1446
6388,3798,95,1,1582
6389,3798,250,1,3263
6390,3799,138,1,2815
6391,3799,108,1,1117
6392,3800,2,1,2368
6393,3801,175,2,507
6394,3801,197,1,337
6395,3801,114,1,1370
6396,3802,14,1,2466
6397,3802,222,1,1380
6398,3803,153,1,723
6399,3804,72,1,262
6400,3804,78,1,2774
6401,3805,18,1,4595
6402,3806,116,2,2656
6403,3807,161,1,1562
6404,3808,80,1,698
6405,3809,150,1,2232
6406,3809,82,1,1744
6407,3809,253,1,1210
6408,3810,242,1,2482
6409,3811,54,2,2174
6410,3811,148,1,802
6411,3812,60,1,1286
6412,3813,77,1,340
6413,3814,146,1,2144
6414,3814,36,1,2571
6415,3815,235,1,2439
6416,3816,47,1,1090
6417,3817,199,1,4228
6418,3818,247,1,3450
6419,3819,76,1,3454
6420,3820,108,1,1117
6421,3820,248,1,661
6422,3820,243,1,3284
6423,3821,146,1,2144
6424,3822,54,1,2174
6425,3822,138,1,2815
6426,3823,120,1,1402
6427,3823,203,2,1961
6428,3823,72,2,262
6429,3823,176,1,1005
6430,3824,30,1,644
6431,3825,202,1,1791
6432,3825,86,1,1087
6433,3826,184,1,1478
6434,3827,78,2,2774
6435,3828,95,2,1582
6436,3828,143,1,1966
6437,3829,96,1,2172
6438,3830,211,1,3043
6439,3830,109,1,880
6440,3831,145,1,4871
6441,3832,250,1,3263
6442,3832,39,1,1614
6443,3832,75,1,1776
6444,3833,206,1,1709
6445,3833,220,1,455
6446,3834,104,1,2185
6447,3834,138,2,2815
6448,3834,157,1,1180
6449,3835,259,1,1755
6450,3835,216,1,1929
6451,3835,248,1,661
6452,3836,48,1,2585
6453,3836,146,1,2144
6454,3836,216,1,1929
6455,3836,163,1,4058
6456,3837,15,1,1892
6457,3837,30,1,644
6458,3838,88,1,938
6459,3838,58,1,985
6460,3839,57,1,1202
6461,3840,222,1,1380
6462,3840,87,1,765
6463,3840,177,1,1789
6464,3840,181,1,3645
6465,3841,225,1,1606
6466,3841,168,1,1663
6467,3842,132,1,1926
6468,3843,85,2,1326
6469,3843,49,2,2877
6470,3844,236,1,2208
6471,3845,197,1,337
6472,3845,172,1,1424
6473,3846,151,1,1372
6474,3846,116,1,2656
6475,3847,84,1,1955
6476,3848,244,1,3886
6477,3849,52,1,3076
6478,3850,55,2,1245
6479,3850,177,1,1789
6480,3851,159,1,366
6481,3851,9,1,2492
6482,3852,37,1,3880
6483,3853,174,1,2394
6484,3853,75,1,1776
6485,3854,60,1,1286
6486,3855,176,1,1005
6487,3855,172,1,1424
6488,3856,56,1,3318
6489,3857,215,1,1468
6490,3857,156,1,4121
6491,3858,53,1,4850
6492,3858,219,1,1744
6493,3859,113,1,905
6494,3860,220,1,455
6495,3861,66,2,919
6496,3861,43,1,2261
6497,3862,16,1,2221
6498,3862,229,1,3069
6499,3863,57,1,1202
6500,3864,21,2,2014
6501,3865,153,1,723
6502,3865,9,1,2492
6503,3866,99,1,1858
6504,3867,198,1,288
6505,3868,153,1,723
6506,3869,180,1,1127
6507,3870,88,1,938
6508,3871,191,1,1880
6509,3872,94,1,545
6510,3872,142,1,1191
6511,3872,173,1,954
6512,3873,32,1,339
6513,3874,143,1,1966
6514,3874,64,1,1446
6515,3874,204,1,2387
6516,3875,225,1,1606
6517,3875,192,1,1872
6518,3876,138,1,2815
6519,3876,154,2,2033
6520,3877,54,1,2174
6521,3877,180,2,1127
6522,3878,179,1,881
6523,3878,84,2,1955
6524,3878,38,2,474
6525,3878,2,2,2368
6526,3879,105,1,436
6527,3879,23,1,789
6528,3879,95,1,1582
6529,3880,108,1,1117
6530,3881,251,1,2690
6531,3881,117,1,889
6532,3881,34,1,687
6533,3882,187,1,1056
6534,3882,249,1,1851
6535,3883,161,1,1562
6536,3883,236,1,2208
6537,3883,76,2,3454
6538,3883,121,1,2200
6539,3884,258,1,1045
6540,3885,207,1,2780
6541,3886,58,1,985
6542,3886,227,1,2172
6543,3886,155,2,1446
6544,3886,201,1,2173
6545,3887,62,1,2434
6546,3888,230,1,3446
6547,3889,121,1,2200
6548,3889,56,1,3318
6549,3890,111,1,1379
6550,3891,171,1,1622
6551,3891,219,1,1744
6552,3892,111,1,1379
6553,3892,244,1,3886
6554,3892,140,1,386
6555,3892,189,1,1666
6556,3893,181,1,3645
6557,3894,230,1,3446
6558,3894,249,1,1851
6559,3895,115,1,1860
6560,3896,249,1,1851
6561,3897,76,1,3454
6562,3898,195,1,2494
6563,3898,119,1,679
6564,3899,53,1,4850
6565,3899,195,1,2494
6566,3900,87,1,765
6567,3900,11,1,1138
6568,3901,64,1,1446
6569,3901,182,1,4880
6570,3902,228,2,1251
6571,3902,226,1,1589
6572,3903,167,1,697
6573,3904,191,1,1880
6574,3904,164,1,346
6575,3905,208,1,2093
6576,3906,247,1,3450
6577,3906,108,1,1117
6578,3907,156,1,4121
6579,3908,18,1,4595
6580,3909,1,1,1502
6581,3910,42,2,1316
6582,3910,225,1,1606
6583,3910,237,1,953
6584,3911,64,1,1446
6585,3912,77,1,340
6586,3912,7,1,1684
6587,3913,178,2,1669
6588,3914,257,1,1615
6589,3914,29,1,1385
6590,3915,220,2,455
6591,3915,184,1,1478
6592,3916,226,1,1589
6593,3916,89,2,1622
6594,3917,89,1,1622
6595,3918,165,1,2382
6596,3918,155,1,1446
6597,3918,58,1,985
6598,3918,185,1,2091
6599,3919,240,1,676
6600,3920,9,2,2492
6601,3921,29,1,1385
6602,3921,176,1,1005
6603,3922,253,1,1210
6604,3922,249,2,1851
6605,3923,199,1,4228
6606,3924,193,1,320
6607,3925,11,1,1138
6608,3925,238,1,608
6609,3926,118,2,1985
6610,3926,219,1,1744
6611,3927,46,1,2165
6612,3927,7,1,1684
6613,3928,87,1,765
6614,3928,82,1,1744
6615,3929,60,1,1286
6616,3930,131,1,4961
6617,3931,137,1,1201
6618,3932,94,1,545
6619,3932,113,1,905
6620,3933,53,1,4850
6621,3934,125,1,2036
6622,3935,58,2,985
6623,3936,178,1,1669
6624,3937,61,1,524
6625,3937,229,2,3069
6626,3937,130,1,1821
6627,3938,43,2,2261
6628,3939,179,1,881
6629,3940,241,1,3489
6630,3941,246,1,922
6631,3942,176,1,1005
6632,3943,20,1,1016
6633,3943,104,1,2185
6634,3943,230,1,3446
6635,3944,83,1,2600
6636,3944,153,1,723
6637,3945,114,1,1370
6638,3946,144,1,2653
6639,3947,50,1,2576
6640,3948,5,1,2971
6641,3949,173,2,954
6642,3949,107,1,1323
6643,3950,20,1,1016
6644,3950,104,1,2185
6645,3951,187,1,1056
6646,3951,143,1,1966
6647,3952,111,1,1379
6648,3952,65,1,1146
6649,3952,168,2,1663
6650,3953,4,1,1235
6651,3954,45,1,700
6652,3954,127,1,1032
6653,3955,252,1,1362
6654,3956,228,1,1251
6655,3957,106,1,521
6656,3958,257,1,1615
6657,3959,249,1,1851
6658,3960,191,2,1880
6659,3960,13,1,791
6660,3961,6,1,1780
6661,3962,185,1,2091
6662,3962,62,1,2434
6663,3962,192,1,1872
6664,3962,243,1,3284
6665,3963,66,1,919
6666,3964,49,1,2877
6667,3965,109,1,880
6668,3966,52,1,3076
6669,3966,211,1,3043
6670,3966,89,1,1622
6671,3967,113,1,905
6672,3968,4,2,1235
6673,3968,93,2,2982
6674,3968,92,1,373
6675,3969,169,1,1930
6676,3969,16,1,2221
6677,3969,24,1,2536
6678,3969,175,1,507
6679,3970,122,1,3391
6680,3970,206,1,1709
6681,3970,129,2,2404
6682,3971,221,1,549
6683,3972,117,1,889
6684,3973,230,1,3446
6685,3973,33,1,1607
6686,3973,194,2,1779
6687,3974,80,1,698
6688,3974,145,1,4871
6689,3975,149,2,1079
6690,3975,62,1,2434
6691,3976,198,1,288
6692,3977,169,2,1930
6693,3977,124,1,4690
6694,3978,215,2,1468
6695,3978,150,1,2232
6696,3978,137,1,1201
6697,3979,187,1,1056
6698,3980,62,1,2434
6699,3981,135,1,2171
6700,3982,186,1,2220
6701,3982,110,1,3488
6702,3983,234,1,3084
6703,3983,227,1,2172
6704,3984,236,2,2208
6705,3985,244,1,3886
6706,3986,205,2,2762
6707,3987,56,1,3318
6708,3987,120,2,1402
6709,3988,218,2,4143
6710,3989,224,1,946
6711,3989,40,1,3597
6712,3990,250,2,3263
6713,3991,120,1,1402
6714,3992,34,1,687
6715,3992,99,1,1858
6716,3993,150,1,2232
6717,3994,154,1,2033
6718,3995,54,1,2174
6719,3995,15,1,1892
6720,3996,56,1,3318
6721,3996,239,1,1197
6722,3996,29,1,1385
6723,3997,190,1,914
6724,3998,192,1,1872
6725,3998,241,1,3489
6726,3998,259,1,1755
6727,3999,198,1,288
6728,4000,87,1,765
6729,4001,236,1,2208
6730,4001,70,1,1664
6731,4002,74,1,768
6732,4002,27,1,4308
6733,4003,204,1,2387
6734,4004,67,2,1202
6735,4004,131,1,4961
6736,4004,96,1,2172
6737,4004,190,1,914
6738,4005,20,1,1016
6739,4006,214,1,939
6740,4007,158,1,1995
6741,4008,227,1,2172
6742,4008,114,1,1370
6743,4008,215,1,1468
6744,4009,64,1,1446
6745,4009,63,2,2111
6746,4010,117,2,889
6747,4010,233,1,1005
6748,4011,259,1,1755
6749,4012,41,1,4035
6750,4012,221,1,549
6751,4013,200,1,1045
6752,4014,69,1,3023
6753,4015,45,1,700
6754,4016,234,1,3084
6755,4017,1,1,1502
6756,4017,97,1,3814
6757,4018,69,1,3023
6758,4018,13,1,791
6759,4018,61,1,524
6760,4019,247,1,3450
6761,4020,146,2,2144
6762,4021,210,1,3167
6763,4022,43,1,2261
6764,4022,174,1,2394
6765,4022,59,1,2340
6766,4023,193,1,320
6767,4024,51,1,1106
6768,4025,117,1,889
6769,4025,30,1,644
6770,4026,252,1,1362
6771,4026,14,1,2466
6772,4027,221,1,549
6773,4028,218,1,4143
6774,4028,225,2,1606
6775,4029,218,2,4143
6776,4030,227,1,2172
6777,4031,43,1,2261
6778,4032,232,1,1983
6779,4032,195,1,2494
6780,4032,257,1,1615
6781,4032,176,1,1005
6782,4033,235,1,2439
6783,4034,167,1,697
6784,4035,106,1,521
6785,4036,194,1,1779
6786,4036,241,1,3489
6787,4036,67,1,1202
6788,4037,38,1,474
6789,4038,173,2,954
6790,4039,2,2,2368
6791,4040,94,1,545
6792,4040,5,1,2971
6793,4041,82,2,1744
6794,4042,260,1,4920
6795,4042,76,1,3454
6796,4042,48,1,2585
6797,4043,150,1,2232
6798,4044,179,1,881
6799,4044,198,2,288
6800,4045,92,1,373
6801,4046,212,1,2326
6802,4046,78,1,2774
6803,4046,226,2,1589
6804,4047,51,1,1106
6805,4048,26,1,3195
6806,4049,43,2,2261
6807,4049,168,1,1663
6808,4050,212,1,2326
6809,4050,232,1,1983
6810,4050,250,1,3263
6811,4051,51,1,1106
6812,4051,32,1,339
6813,4052,22,2,1491
6814,4053,194,1,1779
6815,4054,160,1,1181
6816,4055,81,2,864
6817,4056,134,2,1101
6818,4056,69,1,3023
6819,4056,149,1,1079
6820,4057,222,1,1380
6821,4058,5,1,2971
6822,4058,129,1,2404
6823,4058,150,1,2232
6824,4058,101,1,1236
6825,4059,141,1,2869
6826,4059,142,1,1191
6827,4060,172,1,1424
6828,4061,131,1,4961
6829,4061,35,1,896
6830,4061,132,1,1926
6831,4062,184,1,1478
6832,4062,5,1,2971
6833,4062,63,1,2111
6834,4063,187,1,1056
6835,4063,130,1,1821
6836,4064,76,1,3454
6837,4065,206,1,1709
6838,4066,155,1,1446
6839,4066,125,1,2036
6840,4067,259,1,1755
6841,4067,196,1,1458
6842,4068,173,1,954
6843,4068,45,1,700
6844,4069,140,1,386
6845,4069,70,1,1664
6846,4069,29,1,1385
6847,4070,17,1,3452
6848,4071,175,1,507
6849,4072,174,2,2394
6850,4073,224,1,946
6851,4073,137,1,1201
6852,4073,241,1,3489
6853,4074,189,1,1666
6854,4074,103,1,1035
6855,4075,72,1,262
6856,4076,76,2,3454
6857,4077,87,1,765
6858,4077,225,1,1606
6859,4078,63,1,2111
6860,4078,168,2,1663
6861,4079,243,1,3284
6862,4079,1,2,1502
6863,4080,128,2,3606
6864,4080,130,2,1821
6865,4080,61,1,524
6866,4081,23,2,789
6867,4082,220,1,455
6868,4083,202,1,1791
6869,4084,126,1,1970
6870,4085,193,1,320
6871,4086,159,1,366
6872,4087,240,1,676
6873,4088,147,1,568
6874,4089,164,1,346
6875,4090,202,1,1791
6876,4090,185,1,2091
6877,4091,190,1,914
6878,4091,222,1,1380
6879,4092,5,1,2971
6880,4093,124,1,4690
6881,4093,244,1,3886
6882,4094,78,1,2774
6883,4095,140,1,386
6884,4095,157,1,1180
6885,4095,102,1,1216
6886,4095,216,1,1929
6887,4096,163,1,4058
6888,4097,43,1,2261
6889,4097,141,1,2869
6890,4097,173,2,954
6891,4098,169,1,1930
6892,4099,125,2,2036
6893,4099,50,2,2576
6894,4100,27,1,4308
6895,4100,200,2,1045
6896,4100,57,1,1202
6897,4101,132,1,1926
6898,4102,75,1,1776
6899,4103,214,1,939
6900,4103,145,2,4871
6901,4104,38,1,474
6902,4104,205,1,2762
6903,4104,105,1,436
6904,4104,24,1,2536
6905,4105,179,1,881
6906,4106,198,1,288
6907,4106,150,1,2232
6908,4106,142,1,1191
6909,4107,249,2,1851
6910,4107,131,1,4961
6911,4108,122,1,3391
6912,4109,115,1,1860
6913,4110,245,1,1007
6914,4111,37,2,3880
6915,4111,41,1,4035
6916,4111,88,1,938
6917,4112,38,1,474
6918,4113,179,1,881
6919,4114,100,1,3021
6920,4115,171,1,1622
6921,4116,135,1,2171
6922,4116,236,1,2208
6923,4117,187,2,1056
6924,4117,125,1,2036
6925,4118,73,1,1116
6926,4119,206,1,1709
6927,4119,236,1,2208
6928,4119,63,1,2111
6929,4120,95,1,1582
6930,4121,207,1,2780
6931,4122,194,1,1779
6932,4123,139,1,747
6933,4124,152,1,4917
6934,4125,249,1,1851
6935,4126,26,1,3195
6936,4126,6,1,1780
6937,4127,204,1,2387
6938,4128,55,1,1245
6939,4129,222,1,1380
6940,4130,48,1,2585
6941,4131,242,1,2482
6942,4132,71,1,4418
6943,4132,189,1,1666
6944,4133,31,1,1395
6945,4133,150,1,2232
6946,4134,170,2,4112
6947,4135,115,1,1860
6948,4135,106,1,521
6949,4136,164,1,346
6950,4136,3,2,2438
6951,4137,35,1,896
6952,4138,185,1,2091
6953,4138,182,1,4880
6954,4139,226,1,1589
6955,4139,69,1,3023
6956,4140,102,1,1216
6957,4141,240,1,676
6958,4142,256,2,2709
6959,4142,179,1,881
6960,4143,152,1,4917
6961,4144,131,1,4961
6962,4144,215,1,1468
6963,4144,21,1,2014
6964,4144,235,1,2439
6965,4145,147,1,568
6966,4146,55,2,1245
6967,4146,255,1,1679
6968,4146,146,2,2144
6969,4147,162,2,480
6970,4147,73,1,1116
6971,4148,10,1,2642
6972,4149,164,1,346
6973,4149,158,1,1995
6974,4150,128,1,3606
6975,4151,79,2,2279
6976,4152,240,1,676
6977,4152,234,1,3084
6978,4153,249,1,1851
6979,4153,5,1,2971
6980,4154,180,1,1127
6981,4154,155,1,1446
6982,4155,107,1,1323
6983,4155,4,1,1235
6984,4155,211,2,3043
6985,4155,173,1,954
6986,4156,237,1,953
6987,4157,141,1,2869
6988,4157,205,1,2762
6989,4158,154,1,2033
6990,4159,36,1,2571
6991,4159,233,1,1005
6992,4159,251,1,2690
6993,4159,15,1,1892
6994,4160,223,1,2638
6995,4161,17,1,3452
6996,4162,191,2,1880
6997,4163,83,1,2600
6998,4164,67,1,1202
6999,4164,58,1,985
7000,4165,251,1,2690
7001,4166,180,2,1127
7002,4166,3,2,2438
7003,4167,204,1,2387
7004,4167,141,1,2869
7005,4168,246,1,922
7006,4169,151,2,1372
7007,4169,225,1,1606
7008,4170,187,1,1056
7009,4171,256,1,2709
7010,4172,51,1,1106
7011,4172,246,1,922
7012,4172,26,2,3195
7013,4173,221,1,549
7014,4174,159,1,366
7015,4175,134,1,1101
7016,4176,1,1,1502
7017,4176,97,1,3814
7018,4176,84,1,1955
7019,4176,59,1,2340
7020,4177,70,1,1664
7021,4178,187,1,1056
7022,4179,56,1,3318
7023,4180,43,1,2261
7024,4181,210,1,3167
7025,4181,84,1,1955
7026,4182,23,1,789
7027,4183,99,1,1858
7028,4183,246,1,922
7029,4184,135,1,2171
7030,4184,1,1,1502
7031,4184,37,2,3880
7032,4185,30,1,644
7033,4186,174,1,2394
7034,4186,96,1,2172
7035,4187,212,1,2326
7036,4188,83,1,2600
7037,4188,113,1,905
7038,4189,108,1,1117
7039,4190,12,1,2353
7040,4191,113,1,905
7041,4192,91,1,1066
7042,4193,65,1,1146
7043,4194,48,2,2585
7044,4194,244,1,3886
7045,4195,53,1,4850
7046,4196,192,1,1872
7047,4197,242,2,2482
7048,4198,204,2,2387
7049,4199,158,1,1995
7050,4200,90,1,2950
7051,4200,150,1,2232
7052,4200,156,1,4121
7053,4201,32,2,339
7054,4202,93,1,2982
7055,4203,108,1,1117
7056,4204,54,1,2174
7057,4205,188,1,812
7058,4206,161,1,1562
7059,4206,105,1,436
7060,4206,175,1,507
7061,4207,140,1,386
7062,4208,238,2,608
7063,4209,64,1,1446
7064,4210,229,2,3069
7065,4210,151,1,1372
7066,4211,191,1,1880
7067,4212,159,1,366
7068,4213,80,1,698
7069,4214,198,1,288
7070,4215,99,1,1858
7071,4216,27,1,4308
7072,4217,4,1,1235
7073,4217,18,1,4595
7074,4218,109,1,880
7075,4218,162,1,480
7076,4218,3,1,2438
7077,4219,169,1,1930
7078,4220,121,1,2200
7079,4220,244,1,3886
7080,4221,160,1,1181
7081,4221,260,1,4920
7082,4222,240,1,676
7083,4223,23,1,789
7084,4224,87,1,765
7085,4225,239,1,1197
7086,4225,203,1,1961
7087,4225,249,1,1851
7088,4225,32,1,339
7089,4226,199,1,4228
7090,4227,130,2,1821
7091,4227,145,1,4871
7092,4228,242,1,2482
7093,4229,210,2,3167
7094,4230,181,1,3645
7095,4230,140,1,386
7096,4230,122,1,3391
7097,4230,50,1,2576
7098,4231,104,1,2185
7099,4232,122,1,3391
7100,4232,149,1,1079
7101,4232,130,1,1821
7102,4233,86,1,1087
7103,4234,23,1,789
7104,4234,239,1,1197
7105,4235,35,2,896
7106,4236,30,2,644
7107,4237,229,1,3069
7108,4238,254,1,1388
7109,4238,124,1,4690
7110,4239,46,1,2165
7111,4240,121,1,2200
7112,4241,1,1,1502
7113,4242,99,2,1858
7114,4243,169,2,1930
7115,4243,218,1,4143
7116,4244,260,1,4920
7117,4245,125,2,2036
7118,4245,103,1,1035
7119,4245,200,1,1045
7120,4246,53,1,4850
7121,4246,154,1,2033
7122,4247,130,1,1821
7123,4248,45,2,700
7124,4248,58,1,985
7125,4249,75,1,1776
7126,4250,131,2,4961
7127,4251,189,1,1666
7128,4252,205,1,2762
7129,4252,21,1,2014
7130,4253,249,2,1851
7131,4253,86,1,1087
7132,4254,39,1,1614
7133,4254,35,2,896
7134,4255,75,1,1776
7135,4256,230,1,3446
7136,4256,258,1,1045
7137,4257,173,1,954
7138,4258,129,1,2404
7139,4259,118,1,1985
7140,4259,240,1,676
7141,4260,77,1,340
7142,4261,176,2,1005
7143,4262,137,1,1201
7144,4263,49,1,2877
7145,4264,11,1,1138
7146,4265,184,2,1478
7147,4266,59,1,2340
7148,4266,249,1,1851
7149,4267,58,1,985
7150,4267,256,1,2709
7151,4268,134,1,1101
7152,4268,188,1,812
7153,4269,90,1,2950
7154,4270,174,1,2394
7155,4271,255,1,1679
7156,4271,119,1,679
7157,4272,98,1,504
7158,4272,43,1,2261
7159,4273,197,1,337
7160,4274,114,1,1370
7161,4274,152,1,4917
7162,4274,209,1,2922
7163,4274,134,1,1101
7164,4275,110,1,3488
7165,4275,154,1,2033
7166,4276,51,1,1106
7167,4276,56,1,3318
7168,4276,38,2,474
7169,4277,117,1,889
7170,4277,236,1,2208
7171,4277,43,1,2261
7172,4278,183,1,1013
7173,4279,208,1,2093
7174,4279,184,1,1478
7175,4280,74,1,768
7176,4281,228,1,1251
7177,4282,180,1,1127
7178,4283,132,1,1926
7179,4283,135,1,2171
7180,4283,233,1,1005
7181,4284,176,1,1005
7182,4284,157,1,1180
7183,4285,69,1,3023
7184,4286,171,2,1622
7185,4287,31,1,1395
7186,4287,189,1,1666
7187,4287,62,2,2434
7188,4287,225,2,1606
7189,4288,50,1,2576
7190,4289,1,1,1502
7191,4289,35,2,896
7192,4289,250,1,3263
7193,4290,221,1,549
7194,4290,169,1,1930
7195,4290,190,1,914
7196,4291,204,1,2387
7197,4291,1,1,1502
7198,4291,53,2,4850
7199,4292,205,1,2762
7200,4292,169,1,1930
7201,4293,138,1,2815
7202,4293,20,1,1016
7203,4293,228,1,1251
7204,4294,89,1,1622
7205,4294,176,1,1005
7206,4294,61,1,524
7207,4294,164,1,346
7208,4295,73,1,1116
7209,4295,249,1,1851
7210,4295,69,1,3023
7211,4296,260,1,4920
7212,4296,6,2,1780
7213,4297,184,1,1478
7214,4298,115,1,1860
7215,4298,68,1,1955
7216,4299,232,1,1983
7217,4299,120,1,1402
7218,4300,188,2,812
7219,4300,92,1,373
7220,4300,108,1,1117
7221,4301,51,1,1106
7222,4301,240,1,676
7223,4302,146,1,2144
7224,4302,49,2,2877
7225,4303,101,1,1236
7226,4303,79,1,2279
7227,4304,154,1,2033
7228,4304,94,1,545
7229,4304,228,1,1251
7230,4304,201,1,2173
7231,4305,180,1,1127
7232,4305,255,1,1679
7233,4306,47,1,1090
7234,4307,178,1,1669
7235,4307,36,1,2571
7236,4308,17,1,3452
7237,4309,219,1,1744
7238,4309,258,1,1045
7239,4310,195,1,2494
7240,4311,88,1,938
7241,4311,208,1,2093
7242,4311,53,1,4850
7243,4312,212,1,2326
7244,4312,125,2,2036
7245,4312,163,1,4058
7246,4313,222,1,1380
7247,4314,252,1,1362
7248,4315,21,2,2014
7249,4315,188,1,812
7250,4316,17,1,3452
7251,4317,247,1,3450
7252,4317,101,1,1236
7253,4318,164,1,346
7254,4319,103,1,1035
7255,4320,259,1,1755
7256,4320,82,2,1744
7257,4321,82,1,1744
7258,4322,74,1,768
7259,4322,254,1,1388
7260,4322,258,1,1045
7261,4323,141,1,2869
7262,4324,171,2,1622
7263,4324,75,2,1776
7264,4325,160,2,1181
7265,4325,135,1,2171
7266,4326,12,1,2353
7267,4326,90,1,2950
7268,4327,98,2,504
7269,4327,117,1,889
7270,4328,166,1,1629
7271,4329,241,2,3489
7272,4330,68,1,1955
7273,4331,222,1,1380
7274,4332,257,1,1615
7275,4333,66,1,919
7276,4333,168,1,1663
7277,4334,98,1,504
7278,4334,156,1,4121
7279,4334,160,1,1181
7280,4335,233,1,1005
7281,4336,121,1,2200
7282,4336,198,1,288
7283,4337,16,1,2221
7284,4337,189,2,1666
7285,4338,107,1,1323
7286,4338,113,1,905
7287,4339,141,2,2869
7288,4340,207,2,2780
7289,4341,30,2,644
7290,4341,23,2,789
7291,4342,132,1,1926
7292,4342,179,1,881
7293,4342,119,1,679
7294,4343,156,1,4121
7295,4343,237,1,953
7296,4343,147,2,568
7297,4343,91,1,1066
7298,4344,240,2,676
7299,4344,56,1,3318
7300,4345,206,1,1709
7301,4345,16,1,2221
7302,4345,10,1,2642
7303,4346,75,1,1776
7304,4346,205,1,2762
7305,4346,119,1,679
7306,4347,119,1,679
7307,4347,173,1,954
7308,4347,36,1,2571
7309,4348,233,2,1005
7310,4348,149,1,1079
7311,4349,93,2,2982
7312,4349,113,1,905
7313,4349,225,2,1606
7314,4350,69,1,3023
7315,4351,233,1,1005
7316,4351,192,1,1872
7317,4351,78,1,2774
7318,4352,172,1,1424
7319,4353,14,1,2466
7320,4354,122,1,3391
7321,4355,101,1,1236
7322,4356,227,1,2172
7323,4357,231,1,1582
7324,4358,123,1,674
7325,4358,97,1,3814
7326,4359,118,2,1985
7327,4359,242,1,2482
7328,4359,177,1,1789
7329,4359,197,1,337
7330,4360,230,2,3446
7331,4361,182,1,4880
7332,4361,206,2,1709
7333,4361,168,1,1663
7334,4362,97,1,3814
7335,4363,184,1,1478
7336,4363,249,1,1851
7337,4364,220,1,455
7338,4364,146,1,2144
7339,4365,13,2,791
7340,4366,73,1,1116
7341,4366,149,1,1079
7342,4366,2,1,2368
7343,4366,98,1,504
7344,4367,16,1,2221
7345,4367,125,1,2036
7346,4367,23,1,789
7347,4368,250,1,3263
7348,4368,110,1,3488
7349,4369,143,1,1966
7350,4369,200,1,1045
7351,4370,169,1,1930
7352,4370,160,1,1181
7353,4370,208,1,2093
7354,4371,42,1,1316
7355,4372,209,1,2922
7356,4372,248,2,661
7357,4372,184,1,1478
7358,4373,112,1,4359
7359,4373,5,2,2971
7360,4374,233,1,1005
7361,4374,194,1,1779
7362,4374,104,1,2185
7363,4375,29,1,1385
7364,4375,154,1,2033
7365,4376,193,1,320
7366,4376,151,1,1372
7367,4376,226,1,1589
7368,4377,191,2,1880
7369,4377,225,1,1606
7370,4377,184,1,1478
7371,4378,167,1,697
7372,4378,250,1,3263
7373,4378,106,1,521
7374,4379,2,1,2368
7375,4380,233,1,1005
7376,4380,47,1,1090
7377,4380,107,2,1323
7378,4381,98,1,504
7379,4382,189,1,1666
7380,4382,78,2,2774
7381,4383,207,1,2780
7382,4383,12,1,2353
7383,4383,249,1,1851
7384,4383,175,1,507
7385,4384,188,1,812
7386,4384,177,1,1789
7387,4384,81,1,864
7388,4385,196,1,1458
7389,4385,89,2,1622
7390,4386,8,1,1392
7391,4386,48,1,2585
7392,4387,15,1,1892
7393,4387,181,1,3645
7394,4387,184,1,1478
7395,4388,49,1,2877
7396,4389,90,2,2950
7397,4390,231,1,1582
7398,4391,96,1,2172
7399,4391,62,1,2434
7400,4392,84,1,1955
7401,4393,157,1,1180
7402,4394,182,1,4880
7403,4394,39,1,1614
7404,4394,258,1,1045
7405,4395,114,1,1370
7406,4396,165,1,2382
7407,4397,77,2,340
7408,4398,109,2,880
7409,4398,178,1,1669
7410,4399,59,1,2340
7411,4400,151,1,1372
7412,4400,211,2,3043
7413,4400,53,1,4850
7414,4401,220,1,455
7415,4402,55,1,1245
7416,4403,31,1,1395
7417,4404,131,1,4961
7418,4405,249,1,1851
7419,4405,80,1,698
7420,4405,38,1,474
7421,4406,64,1,1446
7422,4406,34,1,687
7423,4407,95,1,1582
7424,4407,41,1,4035
7425,4407,205,1,2762
7426,4408,240,1,676
7427,4409,244,1,3886
7428,4410,115,2,1860
7429,4411,211,1,3043
7430,4412,173,1,954
7431,4413,42,1,1316
7432,4414,213,1,2422
7433,4414,117,1,889
7434,4415,62,1,2434
7435,4415,11,1,1138
7436,4416,257,1,1615
7437,4416,214,1,939
7438,4417,236,1,2208
7439,4418,165,1,2382
7440,4419,103,1,1035
7441,4420,211,1,3043
7442,4421,40,1,3597
7443,4422,28,2,1184
7444,4423,5,1,2971
7445,4424,81,1,864
7446,4424,125,1,2036
7447,4424,162,1,480
7448,4425,62,2,2434
7449,4425,112,2,4359
7450,4426,218,1,4143
7451,4427,165,1,2382
7452,4427,211,1,3043
7453,4427,181,2,3645
7454,4428,123,1,674
7455,4429,243,1,3284
7456,4429,52,1,3076
7457,4430,69,1,3023
7458,4431,43,1,2261
7459,4431,228,1,1251
7460,4431,132,1,1926
7461,4432,19,1,1024
7462,4432,48,1,2585
7463,4433,230,2,3446
7464,4434,119,1,679
7465,4435,233,1,1005
7466,4436,220,2,455
7467,4436,31,2,1395
7468,4436,92,1,373
7469,4436,102,1,1216
7470,4437,143,1,1966
7471,4438,13,1,791
7472,4438,253,1,1210
7473,4438,124,1,4690
7474,4439,143,1,1966
7475,4440,219,1,1744
7476,4441,194,1,1779
7477,4441,173,1,954
7478,4442,193,2,320
7479,4443,47,1,1090
7480,4444,253,1,1210
7481,4444,88,1,938
7482,4445,167,1,697
7483,4445,63,1,2111
7484,4446,148,1,802
7485,4447,214,1,939
7486,4448,225,1,1606
7487,4449,72,1,262
7488,4450,72,1,262
7489,4451,217,1,2142
7490,4452,37,1,3880
7491,4452,1,1,1502
7492,4453,192,1,1872
7493,4454,151,2,1372
7494,4455,59,2,2340
7495,4456,34,1,687
7496,4457,45,2,700
7497,4457,159,2,366
7498,4458,27,1,4308
7499,4458,12,1,2353
7500,4458,132,1,1926
7501,4459,131,1,4961
7502,4460,55,1,1245
7503,4461,119,1,679
7504,4461,25,1,520
7505,4462,215,1,1468
7506,4462,251,1,2690
7507,4462,95,1,1582
7508,4463,5,1,2971
7509,4464,200,1,1045
7510,4465,12,1,2353
7511,4465,182,1,4880
7512,4465,78,1,2774
7513,4466,243,1,3284
7514,4467,175,1,507
7515,4468,234,1,3084
7516,4468,170,1,4112
7517,4468,53,2,4850
7518,4469,109,2,880
7519,4469,135,1,2171
7520,4469,137,1,1201
7521,4470,166,1,1629
7522,4471,157,1,1180
7523,4471,89,1,1622
7524,4472,188,1,812
7525,4472,150,1,2232
7526,4473,218,1,4143
7527,4474,149,1,1079
7528,4475,165,1,2382
7529,4476,160,1,1181
7530,4476,210,1,3167
7531,4477,251,1,2690
7532,4478,105,1,436
7533,4479,218,1,4143
7534,4479,147,1,568
7535,4479,161,1,1562
7536,4480,195,1,2494
7537,4480,131,1,4961
7538,4481,250,1,3263
7539,4481,252,1,1362
7540,4482,215,1,1468
7541,4483,242,2,2482
7542,4483,9,2,2492
7543,4483,4,1,1235
7544,4484,111,1,1379
7545,4484,256,1,2709
7546,4484,141,2,2869
7547,4485,146,2,2144
7548,4485,231,1,1582
7549,4485,160,1,1181
7550,4486,207,1,2780
7551,4487,247,1,3450
7552,4488,226,1,1589
7553,4488,38,1,474
7554,4489,226,1,1589
7555,4490,139,1,747
7556,4491,255,1,1679
7557,4491,108,1,1117
7558,4491,156,1,4121
7559,4492,234,1,3084
7560,4492,72,1,262
7561,4493,205,1,2762
7562,4494,142,1,1191
7563,4495,212,1,2326
7564,4496,56,1,3318
7565,4496,123,1,674
7566,4496,260,1,4920
7567,4497,189,1,1666
7568,4498,260,1,4920
7569,4499,172,1,1424
7570,4500,245,1,1007
7571,4501,32,1,339
7572,4502,241,2,3489
7573,4503,21,1,2014
7574,4504,84,1,1955
7575,4504,129,1,2404
7576,4505,120,2,1402
7577,4506,226,1,1589
7578,4507,18,1,4595
7579,4507,44,1,2892
7580,4508,257,1,1615
7581,4509,188,1,812
7582,4509,167,1,697
7583,4510,153,1,723
7584,4510,230,1,3446
7585,4510,26,1,3195
7586,4511,232,1,1983
7587,4511,195,1,2494
7588,4512,254,1,1388
7589,4512,183,1,1013
7590,4513,43,1,2261
7591,4513,38,1,474
7592,4514,174,1,2394
7593,4515,2,2,2368
7594,4516,11,1,1138
7595,4516,20,1,1016
7596,4517,119,1,679
7597,4517,179,1,881
7598,4518,139,1,747
7599,4519,257,1,1615
7600,4520,258,1,1045
7601,4521,52,1,3076
7602,4521,51,1,1106
7603,4522,213,1,2422
7604,4522,234,1,3084
7605,4522,28,1,1184
7606,4523,149,1,1079
7607,4523,221,1,549
7608,4523,12,1,2353
7609,4524,106,1,521
7610,4525,158,1,1995
7611,4526,19,1,1024
7612,4527,2,2,2368
7613,4528,34,1,687
7614,4528,6,2,1780
7615,4528,84,1,1955
7616,4529,127,1,1032
7617,4530,256,1,2709
7618,4531,257,1,1615
7619,4532,77,1,340
7620,4532,247,1,3450
7621,4532,139,1,747
7622,4532,37,1,3880
7623,4533,95,1,1582
7624,4533,216,1,1929
7625,4533,121,1,2200
7626,4534,92,1,373
7627,4534,76,1,3454
7628,4534,210,1,3167
7629,4535,91,1,1066
7630,4535,181,1,3645
7631,4536,205,2,2762
7632,4537,230,1,3446
7633,4537,224,1,946
7634,4538,29,1,1385
7635,4539,106,1,521
7636,4539,29,1,1385
7637,4539,119,1,679
7638,4540,195,1,2494
7639,4541,80,1,698
7640,4541,91,1,1066
7641,4542,159,1,366
7642,4542,13,1,791
7643,4542,252,1,1362
7644,4542,196,1,1458
7645,4543,215,1,1468
7646,4543,138,1,2815
7647,4544,84,1,1955
7648,4545,151,2,1372
7649,4546,260,1,4920
7650,4546,196,1,1458
7651,4547,24,2,2536
7652,4548,134,1,1101
7653,4548,215,1,1468
7654,4548,138,1,2815
7655,4549,40,1,3597
7656,4550,257,1,1615
7657,4551,14,1,2466
7658,4551,189,1,1666
7659,4552,5,1,2971
7660,4553,19,2,1024
7661,4554,236,2,2208
7662,4555,118,1,1985
7663,4556,124,1,4690
7664,4556,210,2,3167
7665,4557,246,1,922
7666,4557,176,1,1005
7667,4557,126,1,1970
7668,4558,210,1,3167
7669,4559,48,1,2585
7670,4560,253,1,1210
7671,4561,23,2,789
7672,4561,231,1,1582
7673,4562,177,1,1789
7674,4562,133,1,1808
7675,4562,27,1,4308
7676,4563,220,2,455
7677,4564,145,1,4871
7678,4564,210,1,3167
7679,4564,91,1,1066
7680,4565,32,2,339
7681,4566,169,1,1930
7682,4566,244,1,3886
7683,4567,7,1,1684
7684,4567,130,1,1821
7685,4568,77,1,340
7686,4569,106,1,521
7687,4570,183,1,1013
7688,4571,160,1,1181
7689,4572,47,1,1090
7690,4572,95,2,1582
7691,4572,213,1,2422
7692,4573,187,2,1056
7693,4573,37,1,3880
7694,4574,12,1,2353
7695,4574,116,1,2656
7696,4575,207,2,2780
7697,4575,61,1,524
7698,4575,16,1,2221
7699,4575,91,1,1066
7700,4576,140,1,386
7701,4576,161,1,1562
7702,4577,242,2,2482
7703,4577,27,1,4308
7704,4578,240,1,676
7705,4579,31,1,1395
7706,4580,163,2,4058
7707,4581,96,1,2172
7708,4582,177,1,1789
7709,4583,145,2,4871
7710,4583,117,2,889
7711,4584,57,1,1202
7712,4585,141,1,2869
7713,4585,33,1,1607
7714,4586,179,1,881
7715,4586,213,2,2422
7716,4587,127,1,1032
7717,4587,162,1,480
7718,4588,168,1,1663
7719,4588,163,1,4058
7720,4589,11,1,1138
7721,4590,177,1,1789
7722,4591,85,2,1326
7723,4592,79,1,2279
7724,4593,176,1,1005
7725,4593,131,1,4961
7726,4593,38,1,474
7727,4594,250,2,3263
7728,4594,106,2,521
7729,4595,229,2,3069
7730,4596,247,2,3450
7731,4597,43,1,2261
7732,4598,206,1,1709
7733,4598,9,1,2492
7734,4599,148,1,802
7735,4600,47,1,1090
7736,4601,227,1,2172
7737,4601,194,1,1779
7738,4602,139,1,747
7739,4603,246,1,922
7740,4603,51,2,1106
7741,4604,75,1,1776
7742,4604,57,2,1202
7743,4605,98,1,504
7744,4605,211,1,3043
7745,4605,72,1,262
7746,4606,33,1,1607
7747,4606,89,1,1622
7748,4607,28,1,1184
7749,4607,143,1,1966
7750,4608,113,2,905
7751,4609,46,1,2165
7752,4610,38,1,474
7753,4611,31,1,1395
7754,4612,51,1,1106
7755,4612,171,1,1622
7756,4613,83,1,2600
7757,4614,229,1,3069
7758,4614,180,1,1127
7759,4615,136,2,1890
7760,4615,45,1,700
7761,4616,65,1,1146
7762,4617,25,1,520
7763,4617,187,1,1056
7764,4617,182,1,4880
7765,4618,22,1,1491
7766,4618,41,1,4035
7767,4619,75,1,1776
7768,4620,167,1,697
7769,4620,62,1,2434
7770,4621,83,1,2600
7771,4621,206,1,1709
7772,4622,247,1,3450
7773,4623,12,1,2353
7774,4623,57,1,1202
7775,4624,159,1,366
7776,4625,94,1,545
7777,4626,94,1,545
7778,4626,14,1,2466
7779,4627,195,1,2494
7780,4628,219,1,1744
7781,4629,259,1,1755
7782,4629,222,2,1380
7783,4629,5,1,2971
7784,4629,110,1,3488
7785,4630,73,1,1116
7786,4631,8,1,1392
7787,4632,256,1,2709
7788,4633,25,1,520
7789,4633,201,1,2173
7790,4634,120,1,1402
7791,4634,198,1,288
7792,4635,96,1,2172
7793,4636,10,1,2642
7794,4637,246,1,922
7795,4638,23,1,789
7796,4639,114,1,1370
7797,4639,63,1,2111
7798,4639,251,1,2690
7799,4640,158,1,1995
7800,4640,235,1,2439
7801,4641,43,1,2261
7802,4641,26,1,3195
7803,4641,182,1,4880
7804,4642,232,1,1983
7805,4643,67,1,1202
7806,4643,121,1,2200
7807,4644,232,1,1983
7808,4645,60,2,1286
7809,4645,73,1,1116
7810,4646,205,1,2762
7811,4647,137,1,1201
7812,4648,249,1,1851
7813,4648,124,1,4690
7814,4649,30,2,644
7815,4649,155,1,1446
7816,4650,136,1,1890
7817,4650,78,1,2774
7818,4650,7,1,1684
7819,4651,93,1,2982
7820,4652,238,1,608
7821,4652,58,1,985
7822,4652,65,1,1146
7823,4653,192,1,1872
7824,4654,115,1,1860
7825,4654,253,1,1210
7826,4654,170,2,4112
7827,4654,113,2,905
7828,4655,188,1,812
7829,4655,226,1,1589
7830,4655,234,1,3084
7831,4655,230,1,3446
7832,4656,81,1,864
7833,4656,18,1,4595
7834,4656,109,1,880
7835,4657,85,2,1326
7836,4657,212,1,2326
7837,4657,170,2,4112
7838,4657,32,1,339
7839,4658,160,1,1181
7840,4658,31,1,1395
7841,4659,166,1,1629
7842,4660,126,1,1970
7843,4660,219,1,1744
7844,4660,137,2,1201
7845,4660,28,1,1184
7846,4661,148,1,802
7847,4662,16,1,2221
7848,4662,88,2,938
7849,4663,137,1,1201
7850,4663,197,1,337
7851,4664,224,2,946
7852,4665,95,1,1582
7853,4665,227,1,2172
7854,4666,59,1,2340
7855,4667,249,1,1851
7856,4668,230,1,3446
7857,4668,205,1,2762
7858,4668,231,1,1582
7859,4668,103,1,1035
7860,4669,122,1,3391
7861,4670,141,2,2869
7862,4671,17,1,3452
7863,4671,116,1,2656
7864,4671,168,1,1663
7865,4671,79,1,2279
7866,4672,238,1,608
7867,4672,229,1,3069
7868,4672,20,1,1016
7869,4673,196,1,1458
7870,4674,44,1,2892
7871,4675,112,1,4359
7872,4676,190,1,914
7873,4676,223,1,2638
7874,4677,20,1,1016
7875,4678,224,1,946
7876,4679,102,1,1216
7877,4680,40,2,3597
7878,4680,204,1,2387
7879,4681,255,1,1679
7880,4682,67,1,1202
7881,4683,146,1,2144
7882,4683,10,1,2642
7883,4683,121,1,2200
7884,4683,195,1,2494
7885,4684,202,1,1791
7886,4685,116,1,2656
7887,4686,103,1,1035
7888,4686,91,1,1066
7889,4687,208,1,2093
7890,4688,107,1,1323
7891,4689,212,1,2326
7892,4690,147,1,568
7893,4690,145,2,4871
7894,4690,7,1,1684
7895,4690,38,2,474
7896,4691,224,1,946
7897,4692,23,1,789
7898,4693,71,2,4418
7899,4694,229,1,3069
7900,4695,109,1,880
7901,4696,246,1,922
7902,4697,17,1,3452
7903,4697,3,1,2438
7904,4698,51,1,1106
7905,4699,184,1,1478
7906,4700,95,1,1582
7907,4700,148,1,802
7908,4701,187,1,1056
7909,4702,62,1,2434
7910,4703,151,1,1372
7911,4704,208,2,2093
7912,4704,139,1,747
7913,4705,193,1,320
7914,4706,150,1,2232
7915,4706,223,1,2638
7916,4706,130,1,1821
7917,4707,260,1,4920
7918,4708,75,1,1776
7919,4709,49,1,2877
7920,4709,50,1,2576
7921,4710,232,1,1983
7922,4710,109,1,880
7923,4711,162,1,480
7924,4711,137,1,1201
7925,4712,86,2,1087
7926,4712,27,1,4308
7927,4713,234,1,3084
7928,4713,10,1,2642
7929,4714,99,1,1858
7930,4715,39,1,1614
7931,4715,121,1,2200
7932,4716,236,1,2208
7933,4716,247,1,3450
7934,4716,83,1,2600
7935,4717,20,1,1016
7936,4718,189,1,1666
7937,4719,241,1,3489
7938,4719,103,2,1035
7939,4719,95,1,1582
7940,4720,249,2,1851
7941,4721,48,2,2585
7942,4722,144,1,2653
7943,4722,158,1,1995
7944,4723,75,2,1776
7945,4724,96,1,2172
7946,4725,173,1,954
7947,4726,231,1,1582
7948,4726,214,2,939
7949,4727,91,1,1066
7950,4727,122,1,3391
7951,4727,74,1,768
7952,4727,217,1,2142
7953,4728,205,1,2762
7954,4728,255,1,1679
7955,4729,243,2,3284
7956,4730,134,1,1101
7957,4731,69,1,3023
7958,4731,67,1,1202
7959,4731,259,1,1755
7960,4732,238,2,608
7961,4732,250,1,3263
7962,4733,94,1,545
7963,4733,165,1,2382
7964,4733,54,2,2174
7965,4734,186,1,2220
7966,4734,47,2,1090
7967,4734,46,1,2165
7968,4734,7,1,1684
7969,4735,186,1,2220
7970,4736,203,1,1961
7971,4737,34,1,687
7972,4737,28,1,1184
7973,4737,62,2,2434
7974,4738,54,1,2174
7975,4739,63,1,2111
7976,4739,124,1,4690
7977,4740,244,1,3886
7978,4741,68,1,1955
7979,4742,3,1,2438
7980,4743,18,1,4595
7981,4744,127,1,1032
7982,4744,51,1,1106
7983,4745,144,1,2653
7984,4745,112,1,4359
7985,4745,44,1,2892
7986,4746,86,1,1087
7987,4746,117,1,889
7988,4747,134,1,1101
7989,4748,207,2,2780
7990,4748,242,1,2482
7991,4748,203,1,1961
7992,4748,149,1,1079
7993,4749,37,1,3880
7994,4750,23,1,789
7995,4751,50,2,2576
7996,4752,113,1,905
7997,4752,218,1,4143
7998,4753,99,1,1858
7999,4754,79,1,2279
8000,4754,253,1,1210
8001,4755,131,1,4961
8002,4755,19,1,1024
8003,4756,143,1,1966
8004,4756,219,1,1744
8005,4757,90,1,2950
8006,4758,50,1,2576
8007,4758,97,1,3814
8008,4759,109,1,880
8009,4759,111,1,1379
8010,4760,198,1,288
8011,4761,60,1,1286
8012,4762,174,1,2394
8013,4763,240,2,676
8014,4763,52,1,3076
8015,4764,180,1,1127
8016,4765,186,1,2220
8017,4765,259,1,1755
8018,4766,147,1,568
8019,4766,141,1,2869
8020,4767,230,1,3446
8021,4768,58,1,985
8022,4769,206,1,1709
8023,4769,134,1,1101
8024,4770,176,1,1005
8025,4771,49,1,2877
8026,4772,202,1,1791
8027,4772,7,1,1684
8028,4772,91,1,1066
8029,4773,153,2,723
8030,4774,131,1,4961
8031,4774,46,1,2165
8032,4775,66,1,919
8033,4776,183,1,1013
8034,4776,147,1,568
8035,4777,211,1,3043
8036,4778,109,1,880
8037,4778,88,1,938
8038,4779,143,1,1966
8039,4780,166,1,1629
8040,4781,51,1,1106
8041,4782,214,1,939
8042,4783,18,2,4595
8043,4784,152,2,4917
8044,4785,244,1,3886
8045,4785,48,1,2585
8046,4785,223,1,2638
8047,4786,203,1,1961
8048,4786,252,1,1362
8049,4786,93,1,2982
8050,4786,57,1,1202
8051,4787,206,1,1709
8052,4788,165,1,2382
8053,4788,184,2,1478
8054,4789,148,1,802
8055,4790,243,1,3284
8056,4791,196,2,1458
8057,4791,16,1,2221
8058,4791,85,1,1326
8059,4792,121,1,2200
8060,4792,191,1,1880
8061,4793,259,1,1755
8062,4794,31,1,1395
8063,4795,8,1,1392
8064,4795,168,1,1663
8065,4795,69,1,3023
8066,4796,25,1,520
8067,4797,63,2,2111
8068,4798,248,1,661
8069,4799,82,2,1744
8070,4800,113,1,905
8071,4801,249,1,1851
8072,4802,233,1,1005
8073,4802,169,1,1930
8074,4803,61,1,524
8075,4804,173,1,954
8076,4805,230,1,3446
8077,4805,207,2,2780
8078,4806,213,2,2422
8079,4807,91,1,1066
8080,4808,11,1,1138
8081,4809,88,1,938
8082,4809,191,1,1880
8083,4809,86,1,1087
8084,4810,207,1,2780
8085,4811,64,1,1446
8086,4812,30,1,644
8087,4813,257,1,1615
8088,4814,101,1,1236
8089,4814,41,1,4035
8090,4814,237,2,953
8091,4814,120,1,1402
8092,4815,105,2,436
8093,4815,48,1,2585
8094,4815,31,1,1395
8095,4816,76,1,3454
8096,4816,45,1,700
8097,4817,31,1,1395
8098,4817,61,1,524
8099,4818,168,1,1663
8100,4818,100,1,3021
8101,4819,3,1,2438
8102,4819,247,1,3450
8103,4819,133,1,1808
8104,4820,176,1,1005
8105,4820,167,1,697
8106,4821,109,2,880
8107,4821,50,1,2576
8108,4822,72,1,262
8109,4822,173,1,954
8110,4822,148,1,802
8111,4823,176,1,1005
8112,4824,206,1,1709
8113,4825,7,1,1684
8114,4826,140,1,386
8115,4826,131,1,4961
8116,4826,27,2,4308
8117,4827,124,1,4690
8118,4827,84,1,1955
8119,4828,128,2,3606
8120,4829,151,1,1372
8121,4829,241,1,3489
8122,4829,14,1,2466
8123,4830,146,1,2144
8124,4831,139,1,747
8125,4831,19,1,1024
8126,4832,257,1,1615
8127,4833,94,1,545
8128,4833,233,1,1005
8129,4834,75,1,1776
8130,4835,67,1,1202
8131,4835,233,1,1005
8132,4836,28,2,1184
8133,4837,178,1,1669
8134,4837,51,1,1106
8135,4838,65,1,1146
8136,4839,55,1,1245
8137,4840,6,1,1780
8138,4840,13,1,791
8139,4840,244,1,3886
8140,4840,151,2,1372
8141,4841,178,1,1669
8142,4842,105,1,436
8143,4843,170,1,4112
8144,4844,168,1,1663
8145,4844,83,1,2600
8146,4845,7,1,1684
8147,4845,42,1,1316
8148,4846,21,1,2014
8149,4847,100,1,3021
8150,4847,188,1,812
8151,4848,79,1,2279
8152,4848,8,1,1392
8153,4849,157,1,1180
8154,4850,166,1,1629
8155,4851,127,1,1032
8156,4851,224,1,946
8157,4852,34,1,687
8158,4853,208,1,2093
8159,4853,236,1,2208
8160,4853,191,1,1880
8161,4854,232,2,1983
8162,4854,152,2,4917
8163,4855,56,2,3318
8164,4856,115,1,1860
8165,4857,190,1,914
8166,4858,158,2,1995
8167,4859,243,1,3284
8168,4859,66,1,919
8169,4860,95,1,1582
8170,4861,64,1,1446
8171,4862,23,1,789
8172,4863,43,1,2261
8173,4863,37,1,3880
8174,4864,103,2,1035
8175,4865,10,1,2642
8176,4865,13,1,791
8177,4865,244,1,3886
8178,4865,219,1,1744
8179,4866,45,1,700
8180,4867,242,2,2482
8181,4867,147,1,568
8182,4867,58,1,985
8183,4867,27,2,4308
8184,4868,195,1,2494
8185,4868,89,1,1622
8186,4868,250,1,3263
8187,4869,198,2,288
8188,4870,5,1,2971
8189,4870,139,2,747
8190,4871,45,1,700
8191,4871,199,1,4228
8192,4872,135,1,2171
8193,4873,243,1,3284
8194,4873,1,1,1502
8195,4874,255,1,1679
8196,4874,217,1,2142
8197,4874,215,1,1468
8198,4875,24,1,2536
8199,4876,74,1,768
8200,4877,177,2,1789
8201,4877,72,2,262
8202,4877,55,1,1245
8203,4878,96,1,2172
8204,4878,168,2,1663
8205,4879,247,1,3450
8206,4879,254,1,1388
8207,4880,248,1,661
8208,4880,181,1,3645
8209,4881,127,1,1032
8210,4882,81,1,864
8211,4882,151,1,1372
8212,4883,118,1,1985
8213,4883,16,2,2221
8214,4884,184,1,1478
8215,4885,32,1,339
8216,4885,188,1,812
8217,4886,258,1,1045
8218,4887,193,1,320
8219,4887,132,1,1926
8220,4888,187,1,1056
8221,4888,213,1,2422
8222,4889,94,2,545
8223,4890,19,1,1024
8224,4891,50,1,2576
8225,4892,85,1,1326
8226,4892,172,1,1424
8227,4893,142,1,1191
8228,4894,86,1,1087
8229,4895,81,1,864
8230,4895,188,1,812
8231,4895,99,1,1858
8232,4896,225,1,1606
8233,4897,147,1,568
8234,4898,143,1,1966
8235,4898,175,1,507
8236,4899,18,1,4595
8237,4900,195,2,2494
8238,4900,192,1,1872
8239,4900,93,2,2982
8240,4901,182,1,4880
8241,4902,66,1,919
8242,4903,202,1,1791
8243,4903,197,1,337
8244,4903,139,2,747
8245,4903,108,1,1117
8246,4904,133,1,1808
8247,4905,51,1,1106
8248,4905,148,2,802
8249,4906,245,1,1007
8250,4906,191,1,1880
8251,4907,129,1,2404
8252,4908,41,2,4035
8253,4908,168,1,1663
8254,4908,58,1,985
8255,4909,200,1,1045
8256,4909,17,1,3452
8257,4909,87,1,765
8258,4910,182,1,4880
8259,4910,95,1,1582
8260,4910,22,1,1491
8261,4911,14,1,2466
8262,4912,5,1,2971
8263,4913,102,2,1216
8264,4913,9,2,2492
8265,4914,234,1,3084
8266,4915,54,1,2174
8267,4915,191,1,1880
8268,4915,192,1,1872
8269,4916,231,1,1582
8270,4917,186,1,2220
8271,4918,152,1,4917
8272,4919,138,1,2815
8273,4920,115,1,1860
8274,4921,214,2,939
8275,4922,75,1,1776
8276,4922,205,1,2762
8277,4923,188,2,812
8278,4923,94,1,545
8279,4924,203,1,1961
8280,4925,114,2,1370
8281,4926,225,2,1606
8282,4927,134,1,1101
8283,4928,54,1,2174
8284,4928,83,1,2600
8285,4929,50,1,2576
8286,4930,196,1,1458
8287,4930,80,1,698
8288,4931,100,1,3021
8289,4931,164,2,346
8290,4931,176,1,1005
8291,4931,72,2,262
8292,4932,89,1,1622
8293,4933,227,2,2172
8294,4934,228,1,1251
8295,4934,230,1,3446
8296,4935,22,1,1491
8297,4936,252,1,1362
8298,4937,44,1,2892
8299,4937,245,1,1007
8300,4937,225,1,1606
8301,4937,200,1,1045
8302,4938,45,1,700
8303,4939,224,2,946
8304,4940,250,2,3263
8305,4940,251,1,2690
8306,4940,61,1,524
8307,4941,96,1,2172
8308,4941,239,1,1197
8309,4942,42,1,1316
8310,4942,28,1,1184
8311,4942,83,1,2600
8312,4943,26,1,3195
8313,4944,176,2,1005
8314,4945,259,1,1755
8315,4946,232,1,1983
8316,4946,107,1,1323
8317,4947,164,1,346
8318,4947,156,1,4121
8319,4947,118,1,1985
8320,4948,158,1,1995
8321,4948,173,1,954
8322,4949,83,1,2600
8323,4950,31,1,1395
8324,4950,257,1,1615
8325,4951,72,1,262
8326,4951,30,1,644
8327,4952,16,1,2221
8328,4952,187,2,1056
8329,4952,234,2,3084
8330,4953,177,1,1789
8331,4953,10,1,2642
8332,4954,167,2,697
8333,4954,214,1,939
8334,4955,8,1,1392
8335,4956,257,1,1615
8336,4957,95,1,1582
8337,4957,50,1,2576
8338,4957,166,1,1629
8339,4958,83,1,2600
8340,4958,2,1,2368
8341,4958,206,1,1709
8342,4959,195,1,2494
8343,4960,153,1,723
8344,4961,110,1,3488
8345,4961,158,1,1995
8346,4962,152,2,4917
8347,4963,206,1,1709
8348,4963,104,1,2185
8349,4964,7,1,1684
8350,4964,231,1,1582
8351,4964,181,2,3645
8352,4965,94,1,545
8353,4965,6,1,1780
8354,4965,221,1,549
8355,4966,218,1,4143
8356,4967,24,1,2536
8357,4968,260,1,4920
8358,4968,26,1,3195
8359,4969,146,1,2144
8360,4970,45,1,700
8361,4971,206,1,1709
8362,4971,201,1,2173
8363,4972,122,2,3391
8364,4972,116,2,2656
8365,4973,179,2,881
8366,4973,96,1,2172
8367,4974,37,1,3880
8368,4974,129,1,2404
8369,4975,31,1,1395
8370,4976,174,2,2394
8371,4977,175,1,507
8372,4978,97,1,3814
8373,4978,78,1,2774
8374,4979,198,1,288
8375,4980,166,1,1629
8376,4980,31,1,1395
8377,4980,227,1,2172
8378,4980,185,1,2091
8379,4981,118,1,1985
8380,4982,50,1,2576
8381,4983,86,1,1087
8382,4984,195,1,2494
8383,4984,118,1,1985
8384,4985,241,1,3489
8385,4985,164,2,346
8386,4986,134,1,1101
8387,4987,175,1,507
8388,4988,206,2,1709
8389,4989,207,1,2780
8390,4990,128,1,3606
8391,4990,7,1,1684
8392,4990,214,1,939
8393,4991,136,1,1890
8394,4992,110,2,3488
8395,4992,61,1,524
8396,4992,211,1,3043
8397,4992,215,1,1468
8398,4993,87,1,765
8399,4993,99,2,1858
8400,4994,183,1,1013
8401,4995,6,1,1780
8402,4995,118,2,1985
8403,4996,213,2,2422
8404,4996,96,1,2172
8405,4997,124,1,4690
8406,4997,50,2,2576
8407,4998,150,1,2232
8408,4998,162,1,480
8409,4999,258,2,1045
8410,5000,171,1,1622
8411,5000,214,1,939
8412,5001,253,1,1210
8413,5001,223,1,2638
8414,5002,33,1,1607
8415,5002,82,1,1744
8416,5003,247,2,3450
8417,5003,180,1,1127
8418,5004,107,1,1323
8419,5005,43,2,2261
8420,5006,221,1,549
8421,5006,37,1,3880
8422,5007,72,1,262
8423,5007,217,1,2142
8424,5008,100,1,3021
8425,5008,19,1,1024
8426,5009,231,1,1582
8427,5009,177,1,1789
8428,5010,226,1,1589
8429,5010,22,1,1491
8430,5011,34,1,687
8431,5011,221,1,549
8432,5012,237,1,953
8433,5012,223,1,2638
8434,5013,170,1,4112
8435,5014,191,1,1880
8436,5014,155,1,1446
8437,5015,68,1,1955
8438,5015,35,1,896
8439,5015,246,1,922
8440,5016,126,1,1970
8441,5017,27,1,4308
8442,5018,156,1,4121
8443,5019,202,1,1791
8444,5020,16,1,2221
8445,5021,122,1,3391
8446,5022,25,1,520
8447,5023,242,1,2482
8448,5023,213,1,2422
8449,5023,32,1,339
8450,5024,123,1,674
8451,5024,185,2,2091
8452,5024,176,1,1005
8453,5025,2,1,2368
8454,5026,93,1,2982
8455,5026,110,2,3488
8456,5027,213,1,2422
8457,5027,29,1,1385
8458,5028,2,1,2368
8459,5028,33,1,1607
8460,5028,174,1,2394
8461,5029,225,1,1606
8462,5030,248,1,661
8463,5031,24,2,2536
8464,5032,80,1,698
8465,5033,167,1,697
8466,5033,103,2,1035
8467,5034,77,1,340
8468,5035,44,1,2892
8469,5036,202,1,1791
8470,5036,158,1,1995
8471,5036,197,1,337
8472,5037,229,2,3069
8473,5037,137,1,1201
8474,5038,82,1,1744
8475,5039,117,2,889
8476,5040,217,1,2142
8477,5040,21,1,2014
8478,5041,248,1,661
8479,5042,145,2,4871
8480,5043,141,1,2869
8481,5044,142,1,1191
8482,5045,22,1,1491
8483,5045,121,1,2200
8484,5045,77,1,340
8485,5046,199,1,4228
8486,5046,252,1,1362
8487,5046,118,1,1985
8488,5047,4,1,1235
8489,5047,128,1,3606
8490,5048,94,1,545
8491,5049,213,1,2422
8492,5049,110,1,3488
8493,5050,112,1,4359
8494,5050,196,1,1458
8495,5051,74,1,768
8496,5052,96,1,2172
8497,5053,11,1,1138
8498,5054,227,1,2172
8499,5055,91,1,1066
8500,5056,21,1,2014
8501,5057,107,1,1323
8502,5058,194,1,1779
8503,5059,165,1,2382
8504,5059,205,1,2762
8505,5060,158,2,1995
8506,5061,128,1,3606
8507,5061,257,1,1615
8508,5062,75,1,1776
8509,5062,29,1,1385
8510,5063,22,1,1491
8511,5064,9,1,2492
8512,5064,28,1,1184
8513,5065,156,1,4121
8514,5065,196,2,1458
8515,5066,76,2,3454
8516,5067,123,1,674
8517,5067,204,2,2387
8518,5067,91,1,1066
8519,5068,158,1,1995
8520,5069,136,1,1890
8521,5069,163,2,4058
8522,5069,168,1,1663
8523,5069,53,1,4850
8524,5070,27,1,4308
8525,5070,107,1,1323
8526,5070,109,1,880
8527,5071,60,2,1286
8528,5071,89,1,1622
8529,5072,196,1,1458
8530,5073,245,1,1007
8531,5074,214,2,939
8532,5074,209,1,2922
8533,5074,199,1,4228
8534,5075,109,1,880
8535,5076,103,1,1035
8536,5077,67,1,1202
8537,5077,31,1,1395
8538,5077,193,1,320
8539,5078,111,1,1379
8540,5078,12,1,2353
8541,5079,43,1,2261
8542,5079,123,1,674
8543,5080,79,1,2279
8544,5081,246,1,922
8545,5082,92,1,373
8546,5083,164,2,346
8547,5084,131,1,4961
8548,5085,93,1,2982
8549,5086,180,1,1127
8550,5086,5,1,2971
8551,5087,70,1,1664
8552,5088,136,1,1890
8553,5089,259,1,1755
8554,5090,116,1,2656
8555,5090,87,1,765
8556,5091,162,1,480
8557,5091,240,1,676
8558,5091,46,1,2165
8559,5092,101,1,1236
8560,5092,225,1,1606
8561,5093,241,1,3489
8562,5093,76,1,3454
8563,5094,123,1,674
8564,5094,88,1,938
8565,5095,37,1,3880
8566,5095,169,1,1930
8567,5096,95,1,1582
8568,5096,24,1,2536
8569,5097,199,1,4228
8570,5097,140,2,386
8571,5098,134,1,1101
8572,5099,62,1,2434
8573,5099,217,1,2142
8574,5100,132,1,1926
8575,5101,92,1,373
8576,5101,30,1,644
8577,5102,172,1,1424
8578,5102,89,1,1622
8579,5103,217,1,2142
8580,5104,98,2,504
8581,5105,54,1,2174
8582,5106,242,1,2482
8583,5107,169,1,1930
8584,5108,205,1,2762
8585,5108,77,1,340
8586,5108,32,1,339
8587,5109,137,1,1201
8588,5109,232,1,1983
8589,5110,18,1,4595
8590,5111,99,1,1858
8591,5111,138,1,2815
8592,5112,118,2,1985
8593,5113,222,1,1380
8594,5114,28,1,1184
8595,5114,72,1,262
8596,5115,155,2,1446
8597,5115,38,2,474
8598,5116,12,1,2353
8599,5116,137,1,1201
8600,5117,200,2,1045
8601,5117,5,1,2971
8602,5118,29,1,1385
8603,5119,64,1,1446
8604,5120,57,1,1202
8605,5120,226,1,1589
8606,5120,190,1,914
8607,5121,252,1,1362
8608,5122,220,2,455
8609,5123,73,1,1116
8610,5123,176,1,1005
8611,5123,134,1,1101
8612,5124,38,1,474
8613,5124,143,1,1966
8614,5124,34,1,687
8615,5125,152,1,4917
8616,5126,229,1,3069
8617,5127,202,1,1791
8618,5128,11,1,1138
8619,5128,61,1,524
8620,5128,98,2,504
8621,5128,50,2,2576
8622,5129,191,2,1880
8623,5129,247,1,3450
8624,5129,193,1,320
8625,5130,5,1,2971
8626,5130,203,2,1961
8627,5131,193,2,320
8628,5131,10,1,2642
8629,5131,157,1,1180
8630,5132,59,1,2340
8631,5133,94,1,545
8632,5134,143,1,1966
8633,5135,228,1,1251
8634,5136,195,2,2494
8635,5137,67,1,1202
8636,5137,179,1,881
8637,5137,239,1,1197
8638,5138,90,1,2950
8639,5139,213,1,2422
8640,5139,91,1,1066
8641,5140,217,1,2142
8642,5141,119,1,679
8643,5141,157,1,1180
8644,5142,8,1,1392
8645,5142,96,1,2172
8646,5142,68,1,1955
8647,5142,50,1,2576
8648,5143,119,1,679
8649,5143,131,1,4961
8650,5144,94,2,545
8651,5145,139,1,747
8652,5146,104,1,2185
8653,5147,105,2,436
8654,5147,159,1,366
8655,5147,71,1,4418
8656,5147,173,1,954
8657,5148,163,1,4058
8658,5149,251,1,2690
8659,5150,137,1,1201
8660,5150,65,1,1146
8661,5150,49,1,2877
8662,5150,127,1,1032
8663,5151,92,2,373
8664,5152,94,1,545
8665,5153,215,1,1468
8666,5153,83,2,2600
8667,5153,129,1,2404
8668,5154,104,1,2185
8669,5155,159,1,366
8670,5156,125,1,2036
8671,5157,160,1,1181
8672,5157,222,2,1380
8673,5157,192,1,1872
8674,5158,24,1,2536
8675,5159,15,2,1892
8676,5159,102,1,1216
8677,5159,237,1,953
8678,5160,135,1,2171
8679,5161,101,1,1236
8680,5161,7,1,1684
8681,5162,228,1,1251
8682,5162,24,1,2536
8683,5162,78,1,2774
8684,5163,50,1,2576
8685,5164,4,1,1235
8686,5165,146,1,2144
8687,5165,84,1,1955
8688,5165,181,1,3645
8689,5166,19,1,1024
8690,5166,225,1,1606
8691,5166,31,1,1395
8692,5167,61,2,524
8693,5168,63,1,2111
8694,5169,97,1,3814
8695,5169,196,1,1458
8696,5169,142,1,1191
8697,5170,18,1,4595
8698,5171,237,1,953
8699,5171,200,1,1045
8700,5172,52,1,3076
8701,5173,61,1,524
8702,5173,102,1,1216
8703,5174,135,1,2171
8704,5175,131,1,4961
8705,5175,53,1,4850
8706,5175,118,1,1985
8707,5176,260,2,4920
8708,5176,125,1,2036
8709,5176,235,1,2439
8710,5177,7,1,1684
8711,5178,18,1,4595
8712,5178,125,1,2036
8713,5179,239,1,1197
8714,5179,17,1,3452
8715,5180,153,2,723
8716,5180,115,1,1860
8717,5181,24,1,2536
8718,5182,133,1,1808
8719,5183,83,1,2600
8720,5183,145,2,4871
8721,5183,202,2,1791
8722,5184,67,1,1202
8723,5185,9,1,2492
8724,5185,195,1,2494
8725,5186,30,1,644
8726,5186,141,1,2869
8727,5186,93,1,2982
8728,5187,241,1,3489
8729,5188,8,1,1392
8730,5188,180,1,1127
8731,5188,91,1,1066
8732,5189,168,1,1663
8733,5190,78,1,2774
8734,5190,20,1,1016
8735,5191,87,1,765
8736,5192,185,1,2091
8737,5193,150,1,2232
8738,5193,31,1,1395
8739,5193,25,2,520
8740,5194,117,1,889
8741,5194,76,1,3454
8742,5195,66,1,919
8743,5196,47,1,1090
8744,5197,123,1,674
8745,5197,86,1,1087
8746,5198,189,1,1666
8747,5198,200,1,1045
8748,5199,10,1,2642
8749,5200,122,1,3391
8750,5200,249,1,1851
8751,5200,153,1,723
8752,5200,187,1,1056
8753,5201,256,1,2709
8754,5201,137,1,1201
8755,5202,117,1,889
8756,5202,152,1,4917
8757,5203,102,1,1216
8758,5204,151,1,1372
8759,5205,122,1,3391
8760,5205,80,1,698
8761,5205,76,1,3454
8762,5206,125,2,2036
8763,5207,235,2,2439
8764,5207,37,1,3880
8765,5208,127,1,1032
8766,5208,55,1,1245
8767,5209,216,1,1929
8768,5210,38,1,474
8769,5210,202,1,1791
8770,5211,106,1,521
8771,5211,22,1,1491
8772,5212,66,1,919
8773,5212,196,1,1458
8774,5213,251,1,2690
8775,5214,8,2,1392
8776,5214,20,1,1016
8777,5214,59,1,2340
8778,5214,2,1,2368
8779,5215,42,1,1316
8780,5215,53,1,4850
8781,5216,94,1,545
8782,5216,75,1,1776
8783,5216,236,1,2208
8784,5217,167,1,697
8785,5218,1,1,1502
8786,5219,97,1,3814
8787,5220,136,2,1890
8788,5220,19,1,1024
8789,5221,224,1,946
8790,5222,117,1,889
8791,5223,220,1,455
8792,5224,98,1,504
8793,5224,56,2,3318
8794,5225,6,2,1780
8795,5226,102,1,1216
8796,5227,76,1,3454
8797,5227,105,1,436
8798,5227,249,1,1851
8799,5228,41,2,4035
8800,5228,151,1,1372
8801,5229,58,2,985
8802,5230,202,1,1791
8803,5231,101,1,1236
8804,5232,133,1,1808
8805,5232,210,1,3167
8806,5232,21,1,2014
8807,5232,76,1,3454
8808,5233,215,1,1468
8809,5233,77,2,340
8810,5233,211,1,3043
8811,5233,108,1,1117
8812,5234,97,1,3814
8813,5234,232,2,1983
8814,5234,220,1,455
8815,5235,182,1,4880
8816,5236,215,1,1468
8817,5237,7,1,1684
8818,5237,77,1,340
8819,5237,212,1,2326
8820,5238,219,1,1744
8821,5238,161,1,1562
8822,5239,256,1,2709
8823,5240,129,1,2404
8824,5241,208,1,2093
8825,5242,187,1,1056
8826,5243,168,1,1663
8827,5243,112,1,4359
8828,5244,245,1,1007
8829,5244,179,1,881
8830,5245,116,1,2656
8831,5246,230,1,3446
8832,5246,92,1,373
8833,5247,243,2,3284
8834,5248,69,1,3023
8835,5248,136,1,1890
8836,5249,208,2,2093
8837,5249,239,1,1197
8838,5250,79,2,2279
8839,5250,185,1,2091
8840,5250,140,1,386
8841,5251,85,1,1326
8842,5252,49,1,2877
8843,5253,127,2,1032
8844,5253,74,1,768
8845,5253,147,1,568
8846,5254,98,1,504
8847,5254,64,1,1446
8848,5255,244,1,3886
8849,5256,143,1,1966
8850,5257,226,1,1589
8851,5257,127,1,1032
8852,5258,162,1,480
8853,5259,145,1,4871
8854,5259,26,1,3195
8855,5260,198,1,288
8856,5261,38,2,474
8857,5261,134,1,1101
8858,5261,228,1,1251
8859,5261,178,1,1669
8860,5262,21,1,2014
8861,5262,3,2,2438
8862,5263,32,1,339
8863,5264,242,1,2482
8864,5265,259,1,1755
8865,5265,159,2,366
8866,5265,218,1,4143
8867,5266,73,1,1116
8868,5266,242,1,2482
8869,5267,90,1,2950
8870,5268,225,1,1606
8871,5269,173,2,954
8872,5270,97,2,3814
8873,5271,72,1,262
8874,5272,27,1,4308
8875,5272,85,2,1326
8876,5273,116,1,2656
8877,5274,229,1,3069
8878,5275,151,1,1372
8879,5275,128,1,3606
8880,5275,23,1,789
8881,5276,206,1,1709
8882,5277,225,1,1606
8883,5278,104,1,2185
8884,5279,45,1,700
8885,5280,102,1,1216
8886,5281,254,1,1388
8887,5282,173,1,954
8888,5283,153,1,723
8889,5283,199,1,4228
8890,5283,157,1,1180
8891,5284,143,1,1966
8892,5285,11,2,1138
8893,5286,197,1,337
8894,5286,165,1,2382
8895,5286,136,1,1890
8896,5286,114,1,1370
8897,5287,113,1,905
8898,5288,57,2,1202
8899,5289,42,1,1316
8900,5289,80,1,698
8901,5290,119,1,679
8902,5291,187,1,1056
8903,5292,82,1,1744
8904,5292,117,1,889
8905,5293,224,1,946
8906,5294,139,2,747
8907,5294,57,1,1202
8908,5294,216,1,1929
8909,5295,35,1,896
8910,5295,230,1,3446
8911,5296,123,1,674
8912,5297,23,1,789
8913,5298,109,1,880
8914,5298,48,1,2585
8915,5299,70,1,1664
8916,5300,23,2,789
8917,5300,120,1,1402
8918,5300,139,1,747
8919,5301,183,1,1013
8920,5301,126,1,1970
8921,5301,44,1,2892
8922,5301,240,1,676
8923,5302,164,1,346
8924,5302,110,1,3488
8925,5302,247,1,3450
8926,5303,39,1,1614
8927,5303,204,1,2387
8928,5303,182,1,4880
8929,5304,81,1,864
8930,5304,165,1,2382
8931,5305,258,2,1045
8932,5306,237,1,953
8933,5307,24,1,2536
8934,5307,179,1,881
8935,5307,252,1,1362
8936,5308,123,1,674
8937,5308,236,1,2208
8938,5309,64,2,1446
8939,5309,158,1,1995
8940,5309,111,1,1379
8941,5309,106,1,521
8942,5310,48,2,2585
8943,5310,86,1,1087
8944,5311,58,1,985
8945,5312,170,1,4112
8946,5313,115,1,1860
8947,5313,16,1,2221
8948,5313,231,1,1582
8949,5314,255,1,1679
8950,5314,47,1,1090
8951,5315,233,1,1005
8952,5316,98,1,504
8953,5317,215,1,1468
8954,5318,253,1,1210
8955,5319,246,1,922
8956,5319,152,2,4917
8957,5320,253,2,1210
8958,5321,159,1,366
8959,5322,54,1,2174
8960,5322,80,1,698
8961,5323,90,2,2950
8962,5324,38,1,474
8963,5324,137,1,1201
8964,5325,37,2,3880
8965,5326,25,1,520
8966,5326,47,2,1090
8967,5326,38,2,474
8968,5327,170,1,4112
8969,5328,89,2,1622
8970,5329,204,1,2387
8971,5330,243,1,3284
8972,5331,182,1,4880
8973,5332,168,1,1663
8974,5333,180,1,1127
8975,5334,136,2,1890
8976,5334,72,1,262
8977,5334,2,1,2368
8978,5335,172,1,1424
8979,5336,244,1,3886
8980,5337,253,2,1210
8981,5338,256,1,2709
8982,5339,105,1,436
8983,5340,92,1,373
8984,5340,113,1,905
8985,5341,142,2,1191
8986,5341,33,1,1607
8987,5342,187,2,1056
8988,5343,108,1,1117
8989,5344,153,1,723
8990,5344,163,1,4058
8991,5345,182,1,4880
8992,5346,40,1,3597
8993,5347,66,1,919
8994,5348,144,1,2653
8995,5349,110,1,3488
8996,5350,203,1,1961
8997,5351,2,1,2368
8998,5352,52,1,3076
8999,5353,22,1,1491
9000,5354,13,1,791
9001,5354,234,2,3084
9002,5355,234,1,3084
9003,5356,187,1,1056
9004,5356,32,2,339
9005,5357,71,1,4418
9006,5358,9,1,2492
9007,5359,107,1,1323
9008,5359,145,1,4871
9009,5360,63,1,2111
9010,5361,171,2,1622
9011,5362,174,1,2394
9012,5362,196,1,1458
9013,5362,163,1,4058
9014,5362,254,1,1388
9015,5363,59,1,2340
9016,5363,181,1,3645
9017,5364,35,1,896
9018,5365,165,1,2382
9019,5366,107,1,1323
9020,5367,110,1,3488
9021,5368,11,1,1138
9022,5368,204,1,2387
9023,5369,184,1,1478
9024,5369,203,1,1961
9025,5370,38,1,474
9026,5370,86,1,1087
9027,5370,253,2,1210
9028,5370,111,1,1379
9029,5371,37,1,3880
9030,5372,147,1,568
9031,5373,143,1,1966
9032,5374,54,1,2174
9033,5374,260,1,4920
9034,5375,206,2,1709
9035,5376,124,1,4690
9036,5377,233,1,1005
9037,5378,84,2,1955
9038,5379,44,1,2892
9039,5379,243,1,3284
9040,5379,210,1,3167
9041,5379,242,1,2482
9042,5380,199,1,4228
9043,5381,237,1,953
9044,5382,108,1,1117
9045,5382,37,1,3880
9046,5382,169,2,1930
9047,5383,89,1,1622
9048,5384,86,1,1087
9049,5384,200,1,1045
9050,5384,254,1,1388
9051,5385,128,1,3606
9052,5385,142,1,1191
9053,5386,205,1,2762
9054,5387,95,1,1582
9055,5387,94,2,545
9056,5388,9,1,2492
9057,5388,44,1,2892
9058,5389,92,1,373
9059,5390,9,1,2492
9060,5390,23,2,789
9061,5390,218,1,4143
9062,5391,223,2,2638
9063,5391,248,1,661
9064,5392,202,1,1791
9065,5393,115,1,1860
9066,5393,40,1,3597
9067,5393,90,1,2950
9068,5394,110,1,3488
9069,5395,146,1,2144
9070,5395,145,1,4871
9071,5396,161,1,1562
9072,5397,232,1,1983
9073,5398,25,1,520
9074,5398,45,1,700
9075,5399,250,1,3263
9076,5400,97,1,3814
9077,5401,134,1,1101
9078,5402,152,2,4917
9079,5403,229,1,3069
9080,5404,48,1,2585
9081,5404,60,1,1286
9082,5405,198,1,288
9083,5405,106,1,521
9084,5406,184,1,1478
9085,5406,205,1,2762
9086,5407,8,1,1392
9087,5408,154,1,2033
9088,5408,119,1,679
9089,5408,167,1,697
9090,5409,39,2,1614
9091,5410,83,1,2600
9092,5410,167,1,697
9093,5411,144,1,2653
9094,5412,83,1,2600
9095,5412,234,1,3084
9096,5412,86,1,1087
9097,5413,133,1,1808
9098,5414,111,1,1379
9099,5414,226,1,1589
9100,5414,137,1,1201
9101,5415,213,1,2422
9102,5415,192,1,1872
9103,5416,117,1,889
9104,5417,175,2,507
9105,5418,108,1,1117
9106,5418,33,1,1607
9107,5418,133,1,1808
9108,5418,21,1,2014
9109,5419,187,1,1056
9110,5419,118,1,1985
9111,5420,137,1,1201
9112,5421,13,1,791
9113,5421,140,1,386
9114,5422,194,1,1779
9115,5423,53,1,4850
9116,5423,10,1,2642
9117,5424,216,1,1929
9118,5424,214,1,939
9119,5425,64,2,1446
9120,5426,71,1,4418
9121,5427,211,2,3043
9122,5428,183,1,1013
9123,5429,47,1,1090
9124,5429,135,1,2171
9125,5430,24,1,2536
9126,5430,18,1,4595
9127,5430,239,1,1197
9128,5430,158,1,1995
9129,5431,153,1,723
9130,5431,203,1,1961
9131,5431,228,1,1251
9132,5432,7,1,1684
9133,5432,86,1,1087
9134,5433,61,1,524
9135,5434,2,1,2368
9136,5435,33,1,1607
9137,5436,62,1,2434
9138,5437,52,1,3076
9139,5437,100,1,3021
9140,5438,257,2,1615
9141,5439,98,1,504
9142,5439,248,1,661
9143,5440,3,1,2438
9144,5441,193,1,320
9145,5442,138,1,2815
9146,5443,150,1,2232
9147,5444,12,1,2353
9148,5444,80,1,698
9149,5444,155,1,1446
9150,5444,23,1,789
9151,5445,201,1,2173
9152,5446,23,1,789
9153,5447,178,1,1669
9154,5448,94,1,545
9155,5449,139,1,747
9156,5450,11,1,1138
9157,5451,17,1,3452
9158,5451,160,1,1181
9159,5451,226,1,1589
9160,5452,173,1,954
9161,5453,2,1,2368
9162,5453,60,1,1286
9163,5453,130,1,1821
9164,5454,100,2,3021
9165,5454,168,1,1663
9166,5455,80,1,698
9167,5455,32,1,339
9168,5455,73,1,1116
9169,5456,44,1,2892
9170,5457,228,1,1251
9171,5458,78,1,2774
9172,5458,106,1,521
9173,5459,125,1,2036
9174,5459,20,1,1016
9175,5459,58,1,985
9176,5459,107,1,1323
9177,5460,159,1,366
9178,5461,180,1,1127
9179,5461,196,1,1458
9180,5462,80,1,698
9181,5462,134,1,1101
9182,5462,36,2,2571
9183,5462,202,1,1791
9184,5463,35,2,896
9185,5464,47,1,1090
9186,5464,235,1,2439
9187,5465,15,1,1892
9188,5465,118,1,1985
9189,5466,118,1,1985
9190,5466,109,1,880
9191,5467,58,2,985
9192,5468,106,1,521
9193,5468,80,1,698
9194,5468,155,1,1446
9195,5469,88,1,938
9196,5469,37,1,3880
9197,5470,102,1,1216
9198,5470,207,1,2780
9199,5471,186,1,2220
9200,5472,190,1,914
9201,5472,239,2,1197
9202,5473,89,1,1622
9203,5474,126,1,1970
9204,5474,112,1,4359
9205,5474,38,1,474
9206,5475,231,1,1582
9207,5475,137,1,1201
9208,5476,16,1,2221
9209,5477,203,1,1961
9210,5478,102,1,1216
9211,5479,256,1,2709
9212,5479,138,1,2815
9213,5480,188,1,812
9214,5481,91,1,1066
9215,5481,48,1,2585
9216,5482,196,2,1458
9217,5482,245,2,1007
9218,5483,91,1,1066
9219,5484,181,1,3645
9220,5485,13,1,791
9221,5485,60,1,1286
9222,5486,217,1,2142
9223,5486,9,1,2492
9224,5486,65,2,1146
9225,5486,109,1,880
9226,5487,21,1,2014
9227,5487,257,1,1615
9228,5488,227,2,2172
9229,5489,225,2,1606
9230,5489,143,1,1966
9231,5489,152,1,4917
9232,5490,60,1,1286
9233,5490,210,1,3167
9234,5491,16,1,2221
9235,5491,129,1,2404
9236,5492,254,1,1388
9237,5493,210,1,3167
9238,5494,56,1,3318
9239,5494,183,1,1013
9240,5494,127,1,1032
9241,5494,234,1,3084
9242,5495,232,1,1983
9243,5496,61,1,524
9244,5496,155,2,1446
9245,5497,55,2,1245
9246,5498,249,1,1851
9247,5499,18,1,4595
9248,5500,37,1,3880
9249,5500,39,1,1614
9250,5501,64,1,1446
9251,5502,147,1,568
9252,5503,43,1,2261
9253,5503,168,1,1663
9254,5503,40,2,3597
9255,5504,246,1,922
9256,5504,226,1,1589
9257,5505,47,1,1090
9258,5505,139,1,747
9259,5505,221,1,549
9260,5506,95,2,1582
9261,5506,24,1,2536
9262,5506,22,1,1491
9263,5507,138,2,2815
9264,5507,8,1,1392
9265,5507,195,1,2494
9266,5508,31,2,1395
9267,5508,239,2,1197
9268,5508,251,1,2690
9269,5509,188,2,812
9270,5509,153,1,723
9271,5509,119,1,679
9272,5510,98,1,504
9273,5511,137,2,1201
9274,5512,160,1,1181
9275,5513,175,1,507
9276,5514,174,1,2394
9277,5515,238,2,608
9278,5516,197,1,337
9279,5517,207,2,2780
9280,5517,43,1,2261
9281,5517,210,1,3167
9282,5518,83,1,2600
9283,5518,117,1,889
9284,5518,244,1,3886
9285,5518,94,1,545
9286,5519,1,1,1502
9287,5519,90,1,2950
9288,5520,135,1,2171
9289,5521,245,1,1007
9290,5521,119,1,679
9291,5521,145,2,4871
9292,5521,178,1,1669
9293,5522,245,2,1007
9294,5522,7,1,1684
9295,5522,224,1,946
9296,5523,108,1,1117
9297,5524,102,2,1216
9298,5524,248,1,661
9299,5525,49,1,2877
9300,5525,56,1,3318
9301,5526,254,1,1388
9302,5527,50,1,2576
9303,5528,92,1,373
9304,5528,128,1,3606
9305,5529,20,1,1016
9306,5529,49,1,2877
9307,5530,233,1,1005
9308,5530,67,1,1202
9309,5530,162,1,480
9310,5531,8,1,1392
9311,5532,114,1,1370
9312,5533,141,1,2869
9313,5534,76,1,3454
9314,5535,135,1,2171
9315,5535,160,1,1181
9316,5536,28,1,1184
9317,5537,196,1,1458
9318,5537,124,1,4690
9319,5538,66,1,919
9320,5539,27,1,4308
9321,5539,254,1,1388
9322,5540,57,2,1202
9323,5540,89,1,1622
9324,5540,125,1,2036
9325,5540,60,2,1286
9326,5541,48,1,2585
9327,5542,154,1,2033
9328,5542,189,1,1666
9329,5542,193,1,320
9330,5542,42,1,1316
9331,5543,178,1,1669
9332,5544,181,1,3645
9333,5545,197,1,337
9334,5545,235,1,2439
9335,5545,205,1,2762
9336,5546,135,1,2171
9337,5546,98,1,504
9338,5546,27,1,4308
9339,5547,136,1,1890
9340,5547,14,1,2466
9341,5548,243,1,3284
9342,5548,177,2,1789
9343,5548,110,1,3488
9344,5549,90,1,2950
9345,5550,118,1,1985
9346,5550,204,1,2387
9347,5551,81,1,864
9348,5551,5,2,2971
9349,5551,12,1,2353
9350,5552,177,1,1789
9351,5552,106,1,521
9352,5553,50,1,2576
9353,5553,13,1,791
9354,5554,184,2,1478
9355,5555,55,1,1245
9356,5556,244,1,3886
9357,5556,180,2,1127
9358,5557,79,1,2279
9359,5558,255,1,1679
9360,5558,145,1,4871
9361,5559,40,2,3597
9362,5560,1,1,1502
9363,5561,25,1,520
9364,5561,106,1,521
9365,5561,79,1,2279
9366,5561,159,2,366
9367,5562,250,1,3263
9368,5563,252,1,1362
9369,5563,56,1,3318
9370,5563,194,2,1779
9371,5564,250,1,3263
9372,5565,157,1,1180
9373,5566,111,1,1379
9374,5567,171,1,1622
9375,5567,67,1,1202
9376,5568,4,2,1235
9377,5569,70,1,1664
9378,5570,140,1,386
9379,5570,243,1,3284
9380,5571,11,1,1138
9381,5571,225,1,1606
9382,5572,182,1,4880
9383,5573,87,1,765
9384,5574,104,1,2185
9385,5575,237,2,953
9386,5575,184,1,1478
9387,5575,4,1,1235
9388,5576,11,1,1138
9389,5576,218,2,4143
9390,5577,152,1,4917
9391,5577,258,2,1045
9392,5577,148,1,802
9393,5577,124,1,4690
9394,5578,37,1,3880
9395,5578,68,1,1955
9396,5578,47,1,1090
9397,5578,92,1,373
9398,5579,83,1,2600
9399,5579,235,1,2439
9400,5579,30,1,644
9401,5580,2,1,2368
9402,5580,152,1,4917
9403,5581,49,2,2877
9404,5582,147,1,568
9405,5583,256,1,2709
9406,5584,145,1,4871
9407,5584,74,1,768
9408,5584,124,1,4690
9409,5584,127,1,1032
9410,5585,150,1,2232
9411,5586,202,1,1791
9412,5587,246,1,922
9413,5588,1,1,1502
9414,5589,108,1,1117
9415,5590,88,1,938
9416,5591,103,1,1035
9417,5592,50,1,2576
9418,5593,16,1,2221
9419,5594,175,1,507
9420,5595,124,1,4690
9421,5595,138,1,2815
9422,5596,105,1,436
9423,5597,91,1,1066
9424,5597,247,1,3450
9425,5598,71,1,4418
9426,5598,63,1,2111
9427,5598,260,1,4920
9428,5599,248,1,661
9429,5599,222,1,1380
9430,5600,109,1,880
9431,5601,128,1,3606
9432,5602,108,1,1117
9433,5602,199,1,4228
9434,5603,256,1,2709
9435,5604,50,1,2576
9436,5605,230,1,3446
9437,5605,4,1,1235
9438,5606,114,1,1370
9439,5607,149,1,1079
9440,5608,251,1,2690
9441,5609,54,1,2174
9442,5609,229,1,3069
9443,5610,58,1,985
9444,5611,184,1,1478
9445,5612,148,1,802
9446,5613,147,1,568
9447,5614,198,1,288
9448,5614,212,1,2326
9449,5615,136,1,1890
9450,5616,2,1,2368
9451,5617,249,1,1851
9452,5618,10,2,2642
9453,5618,193,1,320
9454,5619,168,2,1663
9455,5620,162,1,480
9456,5621,129,2,2404
9457,5622,246,2,922
9458,5623,14,1,2466
9459,5624,33,1,1607
9460,5624,43,1,2261
9461,5624,200,1,1045
9462,5624,197,1,337
9463,5625,167,1,697
9464,5625,41,1,4035
9465,5626,167,1,697
9466,5626,144,1,2653
9467,5627,97,1,3814
9468,5627,104,1,2185
9469,5628,160,1,1181
9470,5628,4,1,1235
9471,5628,62,1,2434
9472,5629,57,1,1202
9473,5630,226,2,1589
9474,5631,191,1,1880
9475,5632,168,1,1663
9476,5632,234,2,3084
9477,5633,71,1,4418
9478,5633,106,1,521
9479,5633,172,1,1424
9480,5634,151,1,1372
9481,5635,203,1,1961
9482,5635,116,1,2656
9483,5636,93,1,2982
9484,5636,189,1,1666
9485,5636,84,1,1955
9486,5637,156,1,4121
9487,5638,85,1,1326
9488,5638,137,1,1201
9489,5639,98,1,504
9490,5640,125,1,2036
9491,5640,12,1,2353
9492,5641,36,1,2571
9493,5642,65,1,1146
9494,5643,90,1,2950
9495,5644,223,1,2638
9496,5644,59,1,2340
9497,5645,2,1,2368
9498,5645,165,1,2382
9499,5646,201,1,2173
9500,5646,223,1,2638
9501,5647,138,1,2815
9502,5648,144,1,2653
9503,5648,196,2,1458
9504,5648,26,1,3195
9505,5649,190,1,914
9506,5649,85,1,1326
9507,5650,174,1,2394
9508,5650,67,1,1202
9509,5651,222,1,1380
9510,5652,180,1,1127
9511,5652,144,2,2653
9512,5653,192,1,1872
9513,5654,221,1,549
9514,5654,84,1,1955
9515,5655,85,1,1326
9516,5655,62,1,2434
9517,5656,29,1,1385
9518,5656,114,1,1370
9519,5656,87,1,765
9520,5656,94,1,545
9521,5657,128,2,3606
9522,5657,165,2,2382
9523,5657,15,1,1892
9524,5658,140,2,386
9525,5659,93,1,2982
9526,5659,216,1,1929
9527,5659,232,1,1983
9528,5659,196,1,1458
9529,5660,157,1,1180
9530,5660,234,1,3084
9531,5661,16,1,2221
9532,5661,79,1,2279
9533,5662,148,1,802
9534,5663,143,1,1966
9535,5663,52,1,3076
9536,5663,76,1,3454
9537,5664,141,1,2869
9538,5665,259,1,1755
9539,5665,224,1,946
9540,5666,145,1,4871
9541,5666,91,1,1066
9542,5666,153,2,723
9543,5667,9,1,2492
9544,5667,120,2,1402
9545,5668,193,1,320
9546,5668,139,2,747
9547,5668,251,1,2690
9548,5669,103,1,1035
9549,5670,129,2,2404
9550,5670,51,1,1106
9551,5671,27,1,4308
9552,5671,199,1,4228
9553,5672,149,1,1079
9554,5672,170,2,4112
9555,5673,200,1,1045
9556,5673,222,1,1380
9557,5674,228,1,1251
9558,5674,19,1,1024
9559,5674,243,1,3284
9560,5675,228,1,1251
9561,5676,197,1,337
9562,5676,102,1,1216
9563,5677,85,2,1326
9564,5678,210,1,3167
9565,5678,150,1,2232
9566,5679,204,2,2387
9567,5679,70,1,1664
9568,5679,174,1,2394
9569,5680,21,1,2014
9570,5681,46,1,2165
9571,5681,139,1,747
9572,5682,229,1,3069
9573,5682,203,1,1961
9574,5683,258,1,1045
9575,5683,109,1,880
9576,5683,82,1,1744
9577,5684,221,1,549
9578,5684,73,1,1116
9579,5684,7,1,1684
9580,5685,103,2,1035
9581,5685,111,1,1379
9582,5686,234,1,3084
9583,5686,229,1,3069
9584,5686,174,1,2394
9585,5686,35,1,896
9586,5687,20,1,1016
9587,5688,167,1,697
9588,5689,69,1,3023
9589,5690,144,2,2653
9590,5691,256,1,2709
9591,5692,31,1,1395
9592,5692,77,1,340
9593,5693,233,1,1005
9594,5694,68,1,1955
9595,5694,62,1,2434
9596,5694,109,1,880
9597,5695,242,1,2482
9598,5696,153,1,723
9599,5696,71,1,4418
9600,5696,51,1,1106
9601,5697,71,1,4418
9602,5698,178,1,1669
9603,5698,102,1,1216
9604,5699,162,1,480
9605,5699,92,1,373
9606,5700,187,1,1056
9607,5700,6,1,1780
9608,5701,119,1,679
9609,5701,149,2,1079
9610,5701,136,1,1890
9611,5702,178,1,1669
9612,5703,186,1,2220
9613,5703,14,1,2466
9614,5704,22,1,1491
9615,5705,26,1,3195
9616,5705,103,1,1035
9617,5706,256,2,2709
9618,5707,97,1,3814
9619,5708,50,1,2576
9620,5708,45,1,700
9621,5709,41,1,4035
9622,5709,147,1,568
9623,5709,58,1,985
9624,5710,28,1,1184
9625,5710,137,1,1201
9626,5711,249,1,1851
9627,5711,169,1,1930
9628,5711,216,1,1929
9629,5712,55,1,1245
9630,5713,50,1,2576
9631,5714,211,1,3043
9632,5714,82,1,1744
9633,5715,50,1,2576
9634,5716,111,1,1379
9635,5716,235,2,2439
9636,5717,250,1,3263
9637,5718,158,1,1995
9638,5719,21,1,2014
9639,5720,230,1,3446
9640,5720,248,2,661
9641,5721,109,1,880
9642,5721,176,1,1005
9643,5721,35,1,896
9644,5722,113,1,905
9645,5722,259,1,1755
9646,5723,49,1,2877
9647,5723,11,1,1138
9648,5723,180,1,1127
9649,5724,122,1,3391
9650,5725,248,1,661
9651,5726,197,2,337
9652,5727,250,1,3263
9653,5728,125,1,2036
9654,5729,214,1,939
9655,5729,133,1,1808
9656,5729,41,2,4035
9657,5729,109,1,880
9658,5730,9,1,2492
9659,5731,197,1,337
9660,5732,209,1,2922
9661,5732,197,1,337
9662,5733,216,2,1929
9663,5733,73,1,1116
9664,5734,191,1,1880
9665,5735,142,1,1191
9666,5736,128,1,3606
9667,5737,56,1,3318
9668,5737,115,1,1860
9669,5738,191,1,1880
9670,5739,46,1,2165
9671,5740,181,1,3645
9672,5740,207,1,2780
9673,5741,182,1,4880
9674,5742,121,1,2200
9675,5743,166,2,1629
9676,5743,112,1,4359
9677,5743,221,1,549
9678,5744,254,1,1388
9679,5745,211,1,3043
9680,5746,61,2,524
9681,5747,136,1,1890
9682,5747,185,1,2091
9683,5748,17,1,3452
9684,5749,164,1,346
9685,5749,101,1,1236
9686,5750,45,1,700
9687,5750,226,1,1589
9688,5751,3,1,2438
9689,5752,29,1,1385
9690,5752,23,1,789
9691,5752,105,1,436
9692,5752,230,1,3446
9693,5753,241,1,3489
9694,5753,224,2,946
9695,5754,25,1,520
9696,5754,188,1,812
9697,5755,167,1,697
9698,5755,95,1,1582
9699,5756,61,1,524
9700,5756,132,2,1926
9701,5757,45,1,700
9702,5757,233,1,1005
9703,5758,236,1,2208
9704,5758,103,1,1035
9705,5759,253,1,1210
9706,5760,196,1,1458
9707,5761,5,1,2971
9708,5762,18,1,4595
9709,5762,54,1,2174
9710,5763,154,1,2033
9711,5764,243,1,3284
9712,5764,178,1,1669
9713,5765,180,1,1127
9714,5765,184,1,1478
9715,5766,77,1,340
9716,5766,20,2,1016
9717,5766,150,1,2232
9718,5767,67,1,1202
9719,5768,193,1,320
9720,5769,42,1,1316
9721,5770,260,1,4920
9722,5770,246,1,922
9723,5771,75,1,1776
9724,5772,113,2,905
9725,5773,140,1,386
9726,5773,134,1,1101
9727,5774,180,1,1127
9728,5774,98,1,504
9729,5775,105,1,436
9730,5775,157,1,1180
9731,5776,106,2,521
9732,5777,195,1,2494
9733,5778,130,1,1821
9734,5778,257,2,1615
9735,5779,104,1,2185
9736,5780,56,1,3318
9737,5781,157,1,1180
9738,5782,32,1,339
9739,5783,139,1,747
9740,5784,2,1,2368
9741,5784,221,1,549
9742,5784,200,2,1045
9743,5785,259,1,1755
9744,5785,89,1,1622
9745,5786,171,1,1622
9746,5786,1,1,1502
9747,5787,58,1,985
9748,5788,57,1,1202
9749,5788,221,1,549
9750,5789,237,1,953
9751,5790,136,1,1890
9752,5790,226,1,1589
9753,5791,49,1,2877
9754,5792,16,2,2221
9755,5792,144,1,2653
9756,5792,73,1,1116
9757,5793,3,1,2438
9758,5793,248,1,661
9759,5793,215,1,1468
9760,5793,206,1,1709
9761,5794,202,1,1791
9762,5794,245,1,1007
9763,5795,181,1,3645
9764,5796,152,1,4917
9765,5796,33,2,1607
9766,5796,260,1,4920
9767,5797,139,1,747
9768,5797,260,1,4920
9769,5797,187,1,1056
9770,5797,223,2,2638
9771,5798,213,1,2422
9772,5798,167,1,697
9773,5799,7,1,1684
9774,5799,244,1,3886
9775,5800,89,1,1622
9776,5801,105,1,436
9777,5801,149,1,1079
9778,5802,245,1,1007
9779,5802,97,1,3814
9780,5802,119,1,679
9781,5803,46,1,2165
9782,5804,11,1,1138
9783,5805,250,1,3263
9784,5806,140,2,386
9785,5806,60,1,1286
9786,5806,227,1,2172
9787,5806,103,2,1035
9788,5807,49,1,2877
9789,5808,123,1,674
9790,5808,189,1,1666
9791,5808,48,1,2585
9792,5809,135,1,2171
9793,5809,90,1,2950
9794,5809,226,1,1589
9795,5810,192,1,1872
9796,5810,64,1,1446
9797,5811,200,1,1045
9798,5812,69,2,3023
9799,5813,217,1,2142
9800,5813,12,2,2353
9801,5813,98,1,504
9802,5814,126,1,1970
9803,5814,238,1,608
9804,5815,50,1,2576
9805,5815,49,2,2877
9806,5815,152,2,4917
9807,5816,40,1,3597
9808,5816,26,1,3195
9809,5816,12,1,2353
9810,5817,234,1,3084
9811,5818,71,1,4418
9812,5818,179,2,881
9813,5819,101,2,1236
9814,5819,138,2,2815
9815,5819,192,1,1872
9816,5819,154,1,2033
9817,5820,149,1,1079
9818,5821,233,1,1005
9819,5822,88,1,938
9820,5822,75,1,1776
9821,5822,170,1,4112
9822,5823,87,1,765
9823,5823,35,1,896
9824,5824,166,1,1629
9825,5824,111,1,1379
9826,5825,104,1,2185
9827,5825,62,1,2434
9828,5826,59,1,2340
9829,5827,139,1,747
9830,5827,211,1,3043
9831,5828,206,1,1709
9832,5828,153,1,723
9833,5829,118,1,1985
9834,5830,237,1,953
9835,5830,71,1,4418
9836,5831,244,1,3886
9837,5832,137,1,1201
9838,5832,91,1,1066
9839,5833,69,1,3023
9840,5833,94,1,545
9841,5833,247,1,3450
9842,5834,53,1,4850
9843,5835,146,1,2144
9844,5836,55,1,1245
9845,5836,101,1,1236
9846,5837,170,2,4112
9847,5838,155,1,1446
9848,5839,187,1,1056
9849,5840,119,1,679
9850,5841,201,1,2173
9851,5841,253,1,1210
9852,5841,105,2,436
9853,5842,19,1,1024
9854,5842,230,1,3446
9855,5842,222,1,1380
9856,5843,49,1,2877
9857,5843,185,1,2091
9858,5844,153,1,723
9859,5844,240,1,676
9860,5844,143,2,1966
9861,5844,18,2,4595
9862,5845,236,1,2208
9863,5845,91,1,1066
9864,5846,71,1,4418
9865,5847,125,1,2036
9866,5848,107,1,1323
9867,5848,8,2,1392
9868,5848,54,1,2174
9869,5849,124,1,4690
9870,5849,148,1,802
9871,5849,70,1,1664
9872,5850,255,1,1679
9873,5850,29,1,1385
9874,5851,238,1,608
9875,5852,249,1,1851
9876,5853,177,1,1789
9877,5853,99,2,1858
9878,5853,81,1,864
9879,5854,198,1,288
9880,5855,133,1,1808
9881,5855,148,1,802
9882,5856,172,1,1424
9883,5856,244,1,3886
9884,5857,135,1,2171
9885,5858,92,1,373
9886,5859,91,1,1066
9887,5860,78,1,2774
9888,5861,31,1,1395
9889,5861,98,1,504
9890,5862,11,1,1138
9891,5862,81,1,864
9892,5863,172,1,1424
9893,5863,234,1,3084
9894,5863,190,1,914
9895,5864,247,1,3450
9896,5864,140,1,386
9897,5865,21,1,2014
9898,5865,252,2,1362
9899,5866,227,1,2172
9900,5867,204,1,2387
9901,5868,112,1,4359
9902,5868,45,1,700
9903,5869,186,1,2220
9904,5869,106,1,521
9905,5869,189,2,1666
9906,5869,259,2,1755
9907,5870,43,1,2261
9908,5870,160,1,1181
9909,5871,83,1,2600
9910,5871,175,1,507
9911,5871,71,1,4418
9912,5872,61,1,524
9913,5873,12,1,2353
9914,5873,148,1,802
9915,5874,41,1,4035
9916,5875,127,1,1032
9917,5875,10,1,2642
9918,5876,135,1,2171
9919,5876,186,1,2220
9920,5876,99,1,1858
9921,5877,204,1,2387
9922,5878,42,1,1316
9923,5879,135,1,2171
9924,5880,82,1,1744
9925,5881,64,1,1446
9926,5881,90,2,2950
9927,5882,79,1,2279
9928,5882,10,1,2642
9929,5882,4,1,1235
9930,5883,35,1,896
9931,5884,15,2,1892
9932,5884,180,1,1127
9933,5884,116,1,2656
9934,5885,218,2,4143
9935,5885,217,1,2142
9936,5886,174,1,2394
9937,5886,159,1,366
9938,5886,249,1,1851
9939,5887,33,1,1607
9940,5888,74,1,768
9941,5889,196,1,1458
9942,5890,105,1,436
9943,5890,227,1,2172
9944,5891,95,1,1582
9945,5892,176,1,1005
9946,5892,97,2,3814
9947,5893,138,1,2815
9948,5893,230,2,3446
9949,5894,130,2,1821
9950,5895,215,2,1468
9951,5896,179,1,881
9952,5897,258,1,1045
9953,5897,15,1,1892
9954,5898,134,1,1101
9955,5898,181,1,3645
9956,5898,113,1,905
9957,5898,200,1,1045
9958,5899,213,1,2422
9959,5900,170,1,4112
9960,5900,78,1,2774
9961,5901,224,1,946
9962,5902,124,1,4690
9963,5902,105,1,436
9964,5903,152,1,4917
9965,5904,98,1,504
9966,5904,38,1,474
9967,5904,54,2,2174
9968,5905,117,1,889
9969,5905,206,1,1709
9970,5906,255,1,1679
9971,5906,239,2,1197
9972,5907,82,2,1744
9973,5908,7,1,1684
9974,5909,169,1,1930
9975,5909,221,1,549
9976,5910,25,1,520
9977,5911,4,1,1235
9978,5912,173,1,954
9979,5912,19,1,1024
9980,5913,96,1,2172
9981,5914,163,1,4058
9982,5915,258,1,1045
9983,5916,60,2,1286
9984,5916,75,1,1776
9985,5916,40,1,3597
9986,5916,108,2,1117
9987,5917,114,1,1370
9988,5918,63,1,2111
9989,5919,188,1,812
9990,5920,195,1,2494
9991,5920,224,2,946
9992,5921,13,1,791
9993,5922,7,1,1684
9994,5923,216,1,1929
9995,5923,151,1,1372
9996,5924,240,1,676
9997,5924,178,2,1669
9998,5925,179,1,881
9999,5926,134,1,1101
10000,5927,219,1,1744
10001,5928,244,1,3886
10002,5929,204,1,2387
10003,5929,191,1,1880
10004,5930,121,1,2200
10005,5930,165,2,2382
10006,5931,8,1,1392
10007,5931,198,1,288
10008,5931,33,2,1607
10009,5932,150,1,2232
10010,5933,12,1,2353
10011,5934,66,1,919
10012,5934,54,1,2174
10013,5934,104,1,2185
10014,5935,151,1,1372
10015,5936,203,2,1961
10016,5937,207,2,2780
10017,5937,216,1,1929
10018,5938,61,1,524
10019,5939,185,1,2091
10020,5939,144,1,2653
10021,5940,161,1,1562
10022,5940,67,1,1202
10023,5941,21,1,2014
10024,5941,125,1,2036
10025,5941,30,1,644
10026,5942,38,1,474
10027,5943,148,1,802
10028,5943,144,1,2653
10029,5944,222,1,1380
10030,5945,1,2,1502
10031,5945,68,1,1955
10032,5945,243,1,3284
10033,5946,87,1,765
10034,5947,105,1,436
10035,5948,117,1,889
10036,5948,177,1,1789
10037,5949,168,1,1663
10038,5950,216,1,1929
10039,5951,112,1,4359
10040,5951,160,1,1181
10041,5951,1,2,1502
10042,5952,83,1,2600
10043,5953,120,1,1402
10044,5953,55,1,1245
10045,5954,135,1,2171
10046,5954,188,2,812
10047,5955,102,1,1216
10048,5955,78,1,2774
10049,5955,35,1,896
10050,5956,114,1,1370
10051,5956,107,1,1323
10052,5956,42,1,1316
10053,5956,175,1,507
10054,5957,214,1,939
10055,5958,95,1,1582
10056,5958,103,1,1035
10057,5958,216,1,1929
10058,5959,128,1,3606
10059,5960,9,1,2492
10060,5961,47,1,1090
10061,5962,109,1,880
10062,5962,139,1,747
10063,5963,213,1,2422
10064,5964,41,1,4035
10065,5964,65,1,1146
10066,5964,171,2,1622
10067,5964,90,2,2950
10068,5965,184,1,1478
10069,5966,228,1,1251
10070,5967,147,1,568
10071,5968,46,2,2165
10072,5969,240,1,676
10073,5969,188,2,812
10074,5970,209,1,2922
10075,5970,201,1,2173
10076,5970,128,1,3606
10077,5971,166,2,1629
10078,5971,192,1,1872
10079,5972,228,1,1251
10080,5972,223,1,2638
10081,5972,185,1,2091
10082,5972,27,2,4308
10083,5973,210,1,3167
10084,5973,232,1,1983
10085,5973,109,2,880
10086,5974,110,1,3488
10087,5975,219,1,1744
10088,5976,215,1,1468
10089,5977,11,1,1138
10090,5978,64,2,1446
10091,5979,74,1,768
10092,5979,190,1,914
10093,5980,187,1,1056
10094,5981,196,1,1458
10095,5981,108,1,1117
10096,5981,216,1,1929
10097,5982,119,2,679
10098,5983,140,1,386
10099,5984,252,1,1362
10100,5985,46,1,2165
10101,5986,113,1,905
10102,5987,103,1,1035
10103,5988,176,1,1005
10104,5988,197,1,337
10105,5989,151,2,1372
10106,5990,185,1,2091
10107,5990,201,1,2173
10108,5991,194,1,1779
10109,5992,157,1,1180
10110,5993,92,1,373
10111,5993,224,1,946
10112,5994,226,1,1589
10113,5995,150,1,2232
10114,5996,185,1,2091
10115,5997,6,1,1780
10116,5997,68,1,1955
10117,5997,126,1,1970
10118,5998,95,1,1582
10119,5998,124,1,4690
10120,5999,215,1,1468
10121,6000,118,1,1985
10122,6000,213,1,2422
10123,6001,40,1,3597
10124,6001,44,1,2892
10125,6002,141,1,2869
10126,6003,56,1,3318
10127,6003,39,1,1614
10128,6004,36,1,2571
10129,6004,228,1,1251
10130,6005,240,1,676
10131,6006,152,1,4917
10132,6007,231,1,1582
10133,6007,123,1,674
10134,6008,257,2,1615
10135,6009,177,1,1789
10136,6009,67,2,1202
10137,6010,165,1,2382
10138,6010,133,1,1808
10139,6011,14,1,2466
10140,6012,28,1,1184
10141,6013,231,1,1582
10142,6014,190,1,914
10143,6014,32,1,339
10144,6015,119,1,679
10145,6015,206,1,1709
10146,6015,25,1,520
10147,6015,162,1,480
10148,6016,174,1,2394
10149,6016,151,2,1372
10150,6016,48,1,2585
10151,6017,109,2,880
10152,6018,184,1,1478
10153,6019,75,1,1776
10154,6019,164,1,346
10155,6019,7,1,1684
10156,6020,140,1,386
10157,6021,241,1,3489
10158,6022,220,1,455
10159,6023,37,1,3880
10160,6023,82,1,1744
10161,6024,18,1,4595
10162,6024,1,1,1502
10163,6024,83,1,2600
10164,6025,126,1,1970
10165,6026,13,1,791
10166,6027,28,1,1184
10167,6028,63,1,2111
10168,6029,107,1,1323
10169,6029,1,1,1502
10170,6029,109,1,880
10171,6030,24,1,2536
10172,6031,137,1,1201
10173,6031,94,1,545
10174,6032,239,1,1197
10175,6032,66,2,919
10176,6033,151,1,1372
10177,6034,174,1,2394
10178,6035,101,1,1236
10179,6036,111,1,1379
10180,6036,78,1,2774
10181,6037,79,1,2279
10182,6038,246,1,922
10183,6039,33,2,1607
10184,6039,212,2,2326
10185,6039,125,1,2036
10186,6040,246,1,922
10187,6041,129,1,2404
10188,6042,178,1,1669
10189,6042,63,1,2111
10190,6043,109,1,880
10191,6044,135,1,2171
10192,6045,68,2,1955
10193,6046,221,1,549
10194,6047,26,2,3195
10195,6047,206,1,1709
10196,6047,255,1,1679
10197,6047,116,1,2656
10198,6048,183,1,1013
10199,6048,117,1,889
10200,6048,98,1,504
10201,6049,91,1,1066
10202,6050,62,2,2434
10203,6051,70,1,1664
10204,6051,241,2,3489
10205,6052,73,1,1116
10206,6053,179,1,881
10207,6053,257,1,1615
10208,6054,200,1,1045
10209,6054,209,1,2922
10210,6055,58,2,985
10211,6055,151,2,1372
10212,6055,78,1,2774
10213,6055,227,1,2172
10214,6056,170,1,4112
10215,6056,43,2,2261
10216,6057,94,1,545
10217,6058,254,1,1388
10218,6058,109,1,880
10219,6059,164,1,346
10220,6060,182,1,4880
10221,6061,153,1,723
10222,6062,106,1,521
10223,6062,210,1,3167
10224,6062,37,1,3880
10225,6062,32,2,339
10226,6063,164,1,346
10227,6063,19,2,1024
10228,6064,177,1,1789
10229,6064,50,1,2576
10230,6065,2,1,2368
10231,6065,204,1,2387
10232,6066,74,2,768
10233,6066,78,1,2774
10234,6067,81,1,864
10235,6067,19,2,1024
10236,6068,150,2,2232
10237,6068,177,1,1789
10238,6068,157,1,1180
10239,6069,19,2,1024
10240,6070,20,1,1016
10241,6071,55,1,1245
10242,6072,167,1,697
10243,6073,72,1,262
10244,6074,15,1,1892
10245,6074,205,1,2762
10246,6075,132,2,1926
10247,6076,201,1,2173
10248,6076,171,1,1622
10249,6077,10,1,2642
10250,6077,165,1,2382
10251,6078,216,1,1929
10252,6078,174,1,2394
10253,6079,202,2,1791
10254,6079,128,1,3606
10255,6079,64,1,1446
10256,6080,85,1,1326
10257,6081,254,1,1388
10258,6082,259,1,1755
10259,6082,241,1,3489
10260,6083,38,1,474
10261,6084,249,1,1851
10262,6084,67,1,1202
10263,6084,88,2,938
10264,6084,4,1,1235
10265,6085,158,2,1995
10266,6085,44,1,2892
10267,6086,63,1,2111
10268,6086,194,1,1779
10269,6087,35,1,896
10270,6088,166,1,1629
10271,6088,69,1,3023
10272,6088,221,1,549
10273,6088,259,1,1755
10274,6089,214,2,939
10275,6090,44,1,2892
10276,6090,193,1,320
10277,6091,196,1,1458
10278,6091,72,1,262
10279,6092,45,1,700
10280,6092,131,1,4961
10281,6093,93,1,2982
10282,6094,74,2,768
10283,6095,46,1,2165
10284,6096,151,1,1372
10285,6097,227,1,2172
10286,6097,130,1,1821
10287,6098,126,1,1970
10288,6099,19,1,1024
10289,6100,163,1,4058
10290,6101,153,2,723
10291,6101,41,1,4035
10292,6102,220,2,455
10293,6102,86,1,1087
10294,6103,83,1,2600
10295,6104,205,1,2762
10296,6104,146,1,2144
10297,6105,30,1,644
10298,6106,254,2,1388
10299,6107,145,1,4871
10300,6108,121,1,2200
10301,6109,4,1,1235
10302,6110,229,1,3069
10303,6110,48,1,2585
10304,6111,182,1,4880
10305,6112,211,2,3043
10306,6113,126,1,1970
10307,6113,127,2,1032
10308,6114,224,1,946
10309,6114,122,2,3391
10310,6115,105,1,436
10311,6115,200,2,1045
10312,6116,144,1,2653
10313,6116,240,1,676
10314,6117,169,1,1930
10315,6117,126,1,1970
10316,6118,158,1,1995
10317,6119,133,1,1808
10318,6119,124,1,4690
10319,6120,103,2,1035
10320,6120,243,1,3284
10321,6121,64,1,1446
10322,6122,137,2,1201
10323,6122,74,1,768
10324,6122,68,1,1955
10325,6123,163,2,4058
10326,6124,206,2,1709
10327,6125,75,1,1776
10328,6126,186,1,2220
10329,6127,7,1,1684
10330,6128,176,1,1005
10331,6129,32,1,339
10332,6129,181,1,3645
10333,6130,215,1,1468
10334,6130,124,2,4690
10335,6130,87,2,765
10336,6130,195,1,2494
10337,6131,190,1,914
10338,6131,186,1,2220
10339,6132,28,1,1184
10340,6132,134,1,1101
10341,6133,219,2,1744
10342,6133,238,1,608
10343,6133,98,1,504
10344,6134,8,1,1392
10345,6135,38,1,474
10346,6135,211,1,3043
10347,6135,27,1,4308
10348,6135,63,2,2111
10349,6136,47,1,1090
10350,6136,73,2,1116
10351,6136,159,2,366
10352,6137,45,1,700
10353,6137,43,1,2261
10354,6138,30,1,644
10355,6139,24,1,2536
10356,6139,181,1,3645
10357,6139,4,1,1235
10358,6140,174,1,2394
10359,6140,158,1,1995
10360,6141,234,1,3084
10361,6142,60,1,1286
10362,6142,90,1,2950
10363,6142,36,1,2571
10364,6143,191,1,1880
10365,6144,130,1,1821
10366,6144,150,2,2232
10367,6144,192,1,1872
10368,6145,200,1,1045
10369,6146,120,1,1402
10370,6147,164,1,346
10371,6147,86,1,1087
10372,6147,231,1,1582
10373,6148,19,1,1024
10374,6148,98,1,504
10375,6149,65,1,1146
10376,6150,226,1,1589
10377,6150,91,1,1066
10378,6151,60,1,1286
10379,6152,85,1,1326
10380,6152,35,1,896
10381,6153,45,2,700
10382,6153,212,1,2326
10383,6154,10,1,2642
10384,6154,86,1,1087
10385,6154,31,1,1395
10386,6155,244,1,3886
10387,6155,88,2,938
10388,6156,172,1,1424
10389,6157,178,1,1669
10390,6157,117,1,889
10391,6158,122,1,3391
10392,6159,62,1,2434
10393,6160,203,1,1961
10394,6161,78,1,2774
10395,6161,117,1,889
10396,6161,123,2,674
10397,6161,16,1,2221
10398,6162,243,1,3284
10399,6162,147,1,568
10400,6163,166,1,1629
10401,6163,145,2,4871
10402,6163,40,1,3597
10403,6163,107,1,1323
10404,6164,190,1,914
10405,6164,73,1,1116
10406,6165,165,1,2382
10407,6165,173,1,954
10408,6165,164,1,346
10409,6165,162,1,480
10410,6166,104,2,2185
10411,6167,146,2,2144
10412,6168,255,1,1679
10413,6169,99,1,1858
10414,6170,206,2,1709
10415,6171,7,2,1684
10416,6172,119,1,679
10417,6173,139,1,747
10418,6174,2,1,2368
10419,6174,173,1,954
10420,6175,165,1,2382
10421,6176,27,1,4308
10422,6177,145,1,4871
10423,6177,85,2,1326
10424,6177,189,1,1666
10425,6177,95,1,1582
10426,6178,42,1,1316
10427,6179,160,1,1181
10428,6179,99,1,1858
10429,6179,146,2,2144
10430,6180,81,1,864
10431,6180,108,1,1117
10432,6181,10,1,2642
10433,6182,165,1,2382
10434,6183,115,1,1860
10435,6184,95,1,1582
10436,6185,238,1,608
10437,6186,46,1,2165
10438,6186,127,1,1032
10439,6187,112,2,4359
10440,6187,228,1,1251
10441,6187,56,1,3318
10442,6188,129,1,2404
10443,6189,200,1,1045
10444,6190,228,1,1251
10445,6191,142,1,1191
10446,6191,227,1,2172
10447,6192,15,1,1892
10448,6192,89,1,1622
10449,6192,245,1,1007
10450,6193,206,1,1709
10451,6193,58,2,985
10452,6193,118,1,1985
10453,6193,49,1,2877
10454,6194,16,1,2221
10455,6194,57,1,1202
10456,6195,85,2,1326
10457,6195,237,1,953
10458,6196,14,2,2466
10459,6196,38,1,474
10460,6197,210,1,3167
10461,6198,123,1,674
10462,6198,60,1,1286
10463,6199,90,1,2950
10464,6200,110,1,3488
10465,6201,139,1,747
10466,6202,132,1,1926
10467,6203,148,1,802
10468,6203,18,1,4595
10469,6203,51,1,1106
10470,6204,97,1,3814
10471,6204,3,1,2438
10472,6204,39,1,1614
10473,6204,91,1,1066
10474,6205,188,1,812
10475,6206,83,1,2600
10476,6207,49,1,2877
10477,6208,257,2,1615
10478,6209,254,1,1388
10479,6210,164,1,346
10480,6211,29,1,1385
10481,6212,120,1,1402
10482,6212,82,1,1744
10483,6212,113,1,905
10484,6213,235,1,2439
10485,6214,17,1,3452
10486,6215,59,2,2340
10487,6215,157,2,1180
10488,6216,135,1,2171
10489,6217,245,1,1007
10490,6217,243,2,3284
10491,6217,13,1,791
10492,6218,134,2,1101
10493,6218,196,1,1458
10494,6219,120,1,1402
10495,6220,215,1,1468
10496,6221,103,2,1035
10497,6222,151,1,1372
10498,6223,88,1,938
10499,6224,81,1,864
10500,6225,118,1,1985
10501,6226,229,1,3069
10502,6226,249,1,1851
10503,6226,146,1,2144
10504,6226,9,1,2492
10505,6227,151,1,1372
10506,6228,194,1,1779
10507,6228,123,1,674
10508,6228,182,1,4880
10509,6229,95,1,1582
10510,6229,77,1,340
10511,6230,211,1,3043
10512,6231,25,1,520
10513,6232,207,1,2780
10514,6233,221,2,549
10515,6233,21,1,2014
10516,6234,41,1,4035
10517,6235,222,1,1380
10518,6235,98,2,504
10519,6236,240,1,676
10520,6237,223,1,2638
10521,6237,95,1,1582
10522,6238,94,1,545
10523,6239,38,1,474
10524,6239,96,1,2172
10525,6239,14,1,2466
10526,6240,259,1,1755
10527,6240,228,1,1251
10528,6241,71,1,4418
10529,6242,191,1,1880
10530,6242,80,1,698
10531,6243,152,1,4917
10532,6244,22,1,1491
10533,6245,104,1,2185
10534,6246,161,2,1562
10535,6247,69,1,3023
10536,6247,87,1,765
10537,6248,211,1,3043
10538,6248,27,1,4308
10539,6249,49,1,2877
10540,6250,129,1,2404
10541,6251,23,1,789
10542,6251,131,1,4961
10543,6252,85,1,1326
10544,6252,243,1,3284
10545,6253,68,1,1955
10546,6254,16,1,2221
10547,6255,152,1,4917
10548,6256,11,1,1138
10549,6256,161,1,1562
10550,6257,225,2,1606
10551,6257,56,1,3318
10552,6257,41,1,4035
10553,6258,1,1,1502
10554,6259,97,1,3814
10555,6260,51,1,1106
10556,6261,53,1,4850
10557,6261,248,1,661
10558,6261,224,1,946
10559,6261,204,1,2387
10560,6262,235,1,2439
10561,6263,244,1,3886
10562,6263,227,2,2172
10563,6264,20,1,1016
10564,6265,63,1,2111
10565,6265,196,1,1458
10566,6265,129,1,2404
10567,6266,86,1,1087
10568,6267,191,1,1880
10569,6267,113,1,905
10570,6267,111,1,1379
10571,6267,19,1,1024
10572,6268,189,1,1666
10573,6268,103,1,1035
10574,6268,191,2,1880
10575,6268,115,2,1860
10576,6269,34,1,687
10577,6270,133,1,1808
10578,6271,152,1,4917
10579,6272,123,1,674
10580,6272,148,1,802
10581,6273,137,1,1201
10582,6273,181,2,3645
10583,6274,25,1,520
10584,6275,100,1,3021
10585,6275,133,2,1808
10586,6276,96,2,2172
10587,6276,186,2,2220
10588,6277,105,1,436
10589,6277,146,1,2144
10590,6278,33,1,1607
10591,6279,110,1,3488
10592,6279,100,1,3021
10593,6280,80,1,698
10594,6281,103,1,1035
10595,6281,43,1,2261
10596,6282,34,1,687
10597,6282,111,1,1379
10598,6283,34,1,687
10599,6284,245,1,1007
10600,6285,12,1,2353
10601,6286,195,1,2494
10602,6287,20,1,1016
10603,6288,260,1,4920
10604,6289,231,1,1582
10605,6289,99,2,1858
10606,6290,92,1,373
10607,6291,53,1,4850
10608,6291,192,1,1872
10609,6291,133,2,1808
10610,6292,182,1,4880
10611,6292,177,2,1789
10612,6293,19,1,1024
10613,6294,165,2,2382
10614,6295,169,1,1930
10615,6296,121,1,2200
10616,6297,110,1,3488
10617,6297,79,1,2279
10618,6297,186,2,2220
10619,6297,144,1,2653
10620,6298,27,1,4308
10621,6299,101,2,1236
10622,6299,203,2,1961
10623,6300,18,1,4595
10624,6300,23,1,789
10625,6301,116,1,2656
10626,6302,240,1,676
10627,6303,32,1,339
10628,6304,60,2,1286
10629,6305,51,1,1106
10630,6305,2,1,2368
10631,6306,249,1,1851
10632,6306,157,1,1180
10633,6307,257,1,1615
10634,6308,77,1,340
10635,6308,20,1,1016
10636,6309,145,1,4871
10637,6310,238,1,608
10638,6310,150,2,2232
10639,6311,79,1,2279
10640,6312,126,1,1970
10641,6312,223,1,2638
10642,6313,102,1,1216
10643,6313,34,1,687
10644,6313,77,1,340
10645,6313,18,1,4595
10646,6314,150,1,2232
10647,6314,208,2,2093
10648,6315,60,1,1286
10649,6315,91,1,1066
10650,6315,16,1,2221
10651,6316,4,2,1235
10652,6316,199,1,4228
10653,6316,161,1,1562
10654,6317,90,1,2950
10655,6318,49,1,2877
10656,6319,195,1,2494
10657,6319,70,2,1664
10658,6320,54,1,2174
10659,6320,215,1,1468
10660,6321,239,1,1197
10661,6321,15,1,1892
10662,6321,159,2,366
10663,6322,197,1,337
10664,6322,206,1,1709
10665,6323,53,1,4850
10666,6323,235,1,2439
10667,6324,143,1,1966
10668,6325,136,1,1890
10669,6325,118,2,1985
10670,6326,204,2,2387
10671,6327,105,1,436
10672,6328,162,1,480
10673,6328,70,1,1664
10674,6328,249,1,1851
10675,6329,27,1,4308
10676,6330,210,2,3167
10677,6330,255,2,1679
10678,6331,39,2,1614
10679,6331,234,1,3084
10680,6332,107,1,1323
10681,6333,35,1,896
10682,6333,28,1,1184
10683,6333,239,1,1197
10684,6334,124,1,4690
10685,6335,57,2,1202
10686,6336,21,1,2014
10687,6337,237,1,953
10688,6338,28,1,1184
10689,6338,252,1,1362
10690,6339,208,1,2093
10691,6339,249,1,1851
10692,6339,221,1,549
10693,6340,220,2,455
10694,6341,75,1,1776
10695,6342,259,2,1755
10696,6343,187,1,1056
10697,6344,4,1,1235
10698,6344,252,2,1362
10699,6345,18,1,4595
10700,6346,201,1,2173
10701,6346,24,1,2536
10702,6347,18,1,4595
10703,6348,75,2,1776
10704,6348,256,1,2709
10705,6348,230,2,3446
10706,6349,67,1,1202
10707,6349,37,2,3880
10708,6350,229,2,3069
10709,6351,223,1,2638
10710,6351,49,1,2877
10711,6352,194,1,1779
10712,6353,88,1,938
10713,6353,166,2,1629
10714,6354,240,1,676
10715,6354,14,1,2466
10716,6354,154,1,2033
10717,6354,131,1,4961
10718,6355,138,1,2815
10719,6356,104,2,2185
10720,6357,19,1,1024
10721,6358,131,1,4961
10722,6358,250,1,3263
10723,6359,143,2,1966
10724,6359,190,1,914
10725,6359,58,1,985
10726,6360,99,1,1858
10727,6361,142,1,1191
10728,6361,38,1,474
10729,6361,183,2,1013
10730,6362,218,1,4143
10731,6362,10,2,2642
10732,6363,218,1,4143
10733,6364,154,1,2033
10734,6365,187,1,1056
10735,6365,145,1,4871
10736,6365,221,1,549
10737,6366,170,1,4112
10738,6366,150,2,2232
10739,6367,230,1,3446
10740,6367,164,2,346
10741,6368,191,1,1880
10742,6369,114,2,1370
10743,6370,211,1,3043
10744,6371,16,1,2221
10745,6372,200,1,1045
10746,6372,196,1,1458
10747,6373,136,1,1890
10748,6373,83,1,2600
10749,6374,230,1,3446
10750,6375,89,1,1622
10751,6376,34,2,687
10752,6376,60,1,1286
10753,6377,142,1,1191
10754,6378,16,1,2221
10755,6379,78,1,2774
10756,6380,48,1,2585
10757,6381,32,1,339
10758,6381,222,1,1380
10759,6382,6,1,1780
10760,6382,38,1,474
10761,6383,111,1,1379
10762,6384,47,1,1090
10763,6385,214,1,939
10764,6386,47,1,1090
10765,6387,2,2,2368
10766,6388,122,1,3391
10767,6388,33,1,1607
10768,6388,113,1,905
10769,6389,111,1,1379
10770,6390,223,1,2638
10771,6391,250,2,3263
10772,6391,50,1,2576
10773,6392,153,1,723
10774,6393,4,1,1235
10775,6394,89,1,1622
10776,6395,217,2,2142
10777,6395,69,1,3023
10778,6395,163,1,4058
10779,6396,81,1,864
10780,6397,215,1,1468
10781,6398,23,2,789
10782,6399,202,1,1791
10783,6400,51,1,1106
10784,6401,188,1,812
10785,6401,197,1,337
10786,6402,71,1,4418
10787,6403,3,2,2438
10788,6403,37,1,3880
10789,6403,82,2,1744
10790,6404,101,1,1236
10791,6405,108,1,1117
10792,6405,84,1,1955
10793,6406,98,1,504
10794,6406,215,1,1468
10795,6406,120,1,1402
10796,6407,216,1,1929
10797,6408,107,1,1323
10798,6409,79,1,2279
10799,6409,158,1,1995
10800,6410,49,2,2877
10801,6411,104,1,2185
10802,6412,168,1,1663
10803,6412,103,2,1035
10804,6412,12,1,2353
10805,6412,32,1,339
10806,6413,173,1,954
10807,6414,168,1,1663
10808,6414,29,1,1385
10809,6415,7,1,1684
10810,6415,112,1,4359
10811,6416,20,1,1016
10812,6416,164,1,346
10813,6417,110,1,3488
10814,6418,23,1,789
10815,6418,86,1,1087
10816,6419,169,1,1930
10817,6420,35,1,896
10818,6421,88,2,938
10819,6421,163,2,4058
10820,6421,235,2,2439
10821,6422,227,1,2172
10822,6422,163,1,4058
10823,6423,135,1,2171
10824,6424,140,2,386
10825,6424,167,1,697
10826,6425,148,2,802
10827,6426,212,1,2326
10828,6426,84,1,1955
10829,6427,248,1,661
10830,6427,167,1,697
10831,6428,35,1,896
10832,6428,213,1,2422
10833,6429,66,1,919
10834,6430,205,1,2762
10835,6431,168,1,1663
10836,6432,32,2,339
10837,6432,101,1,1236
10838,6433,66,1,919
10839,6434,212,1,2326
10840,6434,85,1,1326
10841,6435,258,1,1045
10842,6436,17,1,3452
10843,6436,180,1,1127
10844,6437,135,1,2171
10845,6437,100,1,3021
10846,6437,159,1,366
10847,6438,236,1,2208
10848,6438,224,1,946
10849,6439,256,1,2709
10850,6439,1,1,1502
10851,6439,168,1,1663
10852,6440,217,1,2142
10853,6441,183,1,1013
10854,6441,96,1,2172
10855,6442,151,1,1372
10856,6443,52,1,3076
10857,6443,58,1,985
10858,6444,95,1,1582
10859,6445,249,1,1851
10860,6445,73,1,1116
10861,6446,120,1,1402
10862,6447,136,1,1890
10863,6448,228,1,1251
10864,6449,223,2,2638
10865,6450,162,2,480
10866,6450,186,1,2220
10867,6450,100,1,3021
10868,6450,247,1,3450
10869,6451,177,1,1789
10870,6452,77,1,340
10871,6452,219,2,1744
10872,6453,63,1,2111
10873,6453,129,1,2404
10874,6453,133,1,1808
10875,6453,5,1,2971
10876,6454,92,1,373
10877,6454,204,1,2387
10878,6455,202,1,1791
10879,6455,97,1,3814
10880,6455,43,1,2261
10881,6455,68,2,1955
10882,6456,104,1,2185
10883,6457,31,1,1395
10884,6457,147,1,568
10885,6458,35,1,896
10886,6458,47,1,1090
10887,6459,121,1,2200
10888,6459,161,1,1562
10889,6459,59,1,2340
10890,6460,163,1,4058
10891,6460,136,1,1890
10892,6461,190,2,914
10893,6461,214,1,939
10894,6461,89,1,1622
10895,6462,7,1,1684
10896,6463,82,1,1744
10897,6463,118,1,1985
10898,6464,243,2,3284
10899,6465,252,2,1362
10900,6466,190,2,914
10901,6467,74,1,768
10902,6468,45,1,700
10903,6469,122,2,3391
10904,6470,167,1,697
10905,6471,93,1,2982
10906,6471,167,1,697
10907,6472,82,1,1744
10908,6473,167,1,697
10909,6474,233,1,1005
10910,6475,224,1,946
10911,6475,43,1,2261
10912,6476,196,2,1458
10913,6476,45,1,700
10914,6477,4,1,1235
10915,6477,170,1,4112
10916,6477,26,1,3195
10917,6478,147,1,568
10918,6478,79,1,2279
10919,6479,11,1,1138
10920,6480,59,2,2340
10921,6480,45,2,700
10922,6481,36,1,2571
10923,6482,208,1,2093
10924,6482,196,1,1458
10925,6482,130,1,1821
10926,6482,218,1,4143
10927,6483,70,2,1664
10928,6484,91,1,1066
10929,6485,9,1,2492
10930,6485,66,1,919
10931,6486,140,1,386
10932,6486,200,1,1045
10933,6487,60,1,1286
10934,6487,181,1,3645
10935,6487,91,1,1066
10936,6488,207,1,2780
10937,6488,27,1,4308
10938,6488,65,1,1146
10939,6489,216,1,1929
10940,6490,145,1,4871
10941,6490,84,1,1955
10942,6491,130,1,1821
10943,6492,33,1,1607
10944,6493,88,1,938
10945,6494,192,1,1872
10946,6494,133,1,1808
10947,6494,100,2,3021
10948,6494,162,1,480
10949,6495,256,1,2709
10950,6495,22,1,1491
10951,6495,58,1,985
10952,6496,224,2,946
10953,6496,27,1,4308
10954,6496,9,1,2492
10955,6497,204,1,2387
10956,6498,239,1,1197
10957,6498,209,1,2922
10958,6499,65,1,1146
10959,6500,96,1,2172
10960,6501,237,1,953
10961,6501,105,2,436
10962,6502,23,1,789
10963,6503,124,1,4690
10964,6503,5,1,2971
10965,6504,15,1,1892
10966,6504,177,1,1789
10967,6504,188,1,812
10968,6504,55,1,1245
10969,6505,37,1,3880
10970,6506,228,1,1251
10971,6507,29,1,1385
10972,6507,217,1,2142
10973,6508,16,1,2221
10974,6509,38,1,474
10975,6510,83,1,2600
10976,6510,252,1,1362
10977,6511,65,1,1146
10978,6511,156,2,4121
10979,6511,93,1,2982
10980,6512,112,1,4359
10981,6513,99,1,1858
10982,6514,128,2,3606
10983,6515,239,2,1197
10984,6516,109,1,880
10985,6517,253,1,1210
10986,6517,10,1,2642
10987,6517,86,1,1087
10988,6518,81,1,864
10989,6518,179,1,881
10990,6519,97,1,3814
10991,6520,19,1,1024
10992,6520,226,2,1589
10993,6521,107,2,1323
10994,6521,224,1,946
10995,6521,78,1,2774
10996,6522,103,1,1035
10997,6523,19,2,1024
10998,6524,17,1,3452
10999,6524,222,1,1380
11000,6525,74,1,768
11001,6525,9,1,2492
11002,6526,210,1,3167
11003,6526,60,1,1286
11004,6527,89,1,1622
11005,6527,80,1,698
11006,6527,154,2,2033
11007,6528,28,1,1184
11008,6529,232,1,1983
11009,6530,95,2,1582
11010,6530,93,1,2982
11011,6531,159,2,366
11012,6531,1,1,1502
11013,6532,46,1,2165
11014,6533,79,1,2279
11015,6533,207,1,2780
11016,6533,115,2,1860
11017,6534,130,1,1821
11018,6534,97,1,3814
11019,6534,247,1,3450
11020,6535,39,1,1614
11021,6535,245,1,1007
11022,6536,247,1,3450
11023,6536,103,1,1035
11024,6537,254,1,1388
11025,6538,211,1,3043
11026,6539,244,1,3886
11027,6540,252,2,1362
11028,6541,206,1,1709
11029,6541,143,1,1966
11030,6542,248,1,661
11031,6543,156,1,4121
11032,6544,247,1,3450
11033,6544,86,1,1087
11034,6544,55,1,1245
11035,6545,190,1,914
11036,6545,256,1,2709
11037,6546,250,1,3263
11038,6547,129,2,2404
11039,6548,73,1,1116
11040,6549,45,1,700
11041,6550,260,1,4920
11042,6551,48,1,2585
11043,6552,90,1,2950
11044,6553,252,1,1362
11045,6554,79,2,2279
11046,6555,8,1,1392
11047,6556,223,1,2638
11048,6556,49,1,2877
11049,6556,149,1,1079
11050,6557,29,1,1385
11051,6557,53,2,4850
11052,6558,206,1,1709
11053,6558,35,1,896
11054,6558,187,1,1056
11055,6559,170,1,4112
11056,6559,80,1,698
11057,6560,134,2,1101
11058,6560,203,1,1961
11059,6561,226,1,1589
11060,6562,162,1,480
11061,6563,217,1,2142
11062,6564,2,2,2368
11063,6564,105,1,436
11064,6564,174,1,2394
11065,6565,222,2,1380
11066,6566,203,1,1961
11067,6566,234,1,3084
11068,6567,253,1,1210
11069,6567,16,1,2221
11070,6568,208,1,2093
11071,6568,237,1,953
11072,6569,71,1,4418
11073,6569,47,1,1090
11074,6570,61,1,524
11075,6571,107,1,1323
11076,6572,32,2,339
11077,6573,119,1,679
11078,6573,140,2,386
11079,6573,27,2,4308
11080,6574,93,1,2982
11081,6575,161,1,1562
11082,6575,101,2,1236
11083,6576,119,1,679
11084,6576,33,1,1607
11085,6576,198,1,288
11086,6577,148,1,802
11087,6578,186,1,2220
11088,6578,78,1,2774
11089,6579,185,1,2091
11090,6580,190,2,914
11091,6581,74,2,768
11092,6581,227,1,2172
11093,6581,32,1,339
11094,6581,114,1,1370
11095,6582,250,1,3263
11096,6582,201,1,2173
11097,6583,203,2,1961
11098,6584,147,1,568
11099,6585,26,1,3195
11100,6585,158,1,1995
11101,6586,121,1,2200
11102,6587,106,1,521
11103,6588,135,1,2171
11104,6588,248,1,661
11105,6589,246,2,922
11106,6590,49,1,2877
11107,6591,18,1,4595
11108,6592,250,1,3263
11109,6593,209,2,2922
11110,6593,160,1,1181
11111,6593,33,1,1607
11112,6594,67,1,1202
11113,6594,26,1,3195
11114,6595,223,1,2638
11115,6595,128,1,3606
11116,6596,74,1,768
11117,6597,151,1,1372
11118,6597,89,1,1622
11119,6598,242,1,2482
11120,6599,170,1,4112
11121,6600,37,1,3880
11122,6600,219,1,1744
11123,6601,251,1,2690
11124,6601,65,1,1146
11125,6601,197,1,337
11126,6602,45,1,700
11127,6603,44,1,2892
11128,6603,134,1,1101
11129,6603,3,1,2438
11130,6604,239,1,1197
11131,6604,192,1,1872
11132,6604,187,1,1056
11133,6605,200,1,1045
11134,6605,207,1,2780
11135,6606,145,1,4871
11136,6606,177,1,1789
11137,6607,140,1,386
11138,6607,234,1,3084
11139,6607,126,1,1970
11140,6608,204,1,2387
11141,6609,253,1,1210
11142,6610,79,1,2279
11143,6611,182,1,4880
11144,6611,168,1,1663
11145,6612,108,1,1117
11146,6612,68,2,1955
11147,6613,239,1,1197
11148,6613,175,1,507
11149,6613,120,1,1402
11150,6614,138,1,2815
11151,6614,108,1,1117
11152,6615,207,1,2780
11153,6615,61,1,524
11154,6616,95,1,1582
11155,6617,132,1,1926
11156,6618,75,1,1776
11157,6618,130,1,1821
11158,6619,110,1,3488
11159,6619,27,2,4308
11160,6620,203,1,1961
11161,6620,49,1,2877
11162,6621,164,1,346
11163,6621,116,1,2656
11164,6621,113,1,905
11165,6622,258,1,1045
11166,6623,168,1,1663
11167,6624,79,1,2279
11168,6624,110,1,3488
11169,6625,43,1,2261
11170,6625,244,1,3886
11171,6626,238,1,608
11172,6626,60,1,1286
11173,6626,206,1,1709
11174,6627,156,1,4121
11175,6627,33,1,1607
11176,6628,70,2,1664
11177,6629,16,1,2221
11178,6630,49,1,2877
11179,6630,34,1,687
11180,6631,85,1,1326
11181,6631,149,1,1079
11182,6631,65,1,1146
11183,6632,52,1,3076
11184,6633,103,1,1035
11185,6633,19,1,1024
11186,6634,46,1,2165
11187,6634,145,1,4871
11188,6634,4,1,1235
11189,6635,254,1,1388
11190,6635,2,1,2368
11191,6636,204,1,2387
11192,6637,12,2,2353
11193,6637,126,1,1970
11194,6637,121,1,2200
11195,6638,190,2,914
11196,6639,111,1,1379
11197,6640,238,1,608
11198,6641,7,1,1684
11199,6641,46,1,2165
11200,6641,183,2,1013
11201,6642,225,1,1606
11202,6643,21,1,2014
11203,6643,192,1,1872
11204,6643,232,1,1983
11205,6644,153,1,723
11206,6645,126,1,1970
11207,6645,248,1,661
11208,6646,209,2,2922
11209,6647,22,1,1491
11210,6647,13,2,791
11211,6648,126,1,1970
11212,6649,108,1,1117
11213,6649,167,1,697
11214,6649,234,1,3084
11215,6650,228,1,1251
11216,6650,140,2,386
11217,6651,131,1,4961
11218,6651,99,1,1858
11219,6651,73,1,1116
11220,6652,200,1,1045
11221,6652,152,1,4917
11222,6652,174,1,2394
11223,6652,59,1,2340
11224,6653,195,1,2494
11225,6653,243,1,3284
11226,6654,181,1,3645
11227,6654,118,1,1985
11228,6655,250,1,3263
11229,6655,189,1,1666
11230,6656,44,1,2892
11231,6657,227,1,2172
11232,6658,187,1,1056
11233,6659,145,2,4871
11234,6660,161,1,1562
11235,6661,131,1,4961
11236,6662,114,1,1370
11237,6662,5,1,2971
11238,6663,76,1,3454
11239,6664,64,1,1446
11240,6665,218,1,4143
11241,6666,154,1,2033
11242,6667,78,1,2774
11243,6668,117,1,889
11244,6668,58,2,985
11245,6668,19,1,1024
11246,6668,25,1,520
11247,6669,33,1,1607
11248,6669,59,1,2340
11249,6670,79,2,2279
11250,6671,198,1,288
11251,6671,1,1,1502
11252,6672,108,1,1117
11253,6672,86,1,1087
11254,6673,242,1,2482
11255,6674,21,2,2014
11256,6675,224,2,946
11257,6676,52,1,3076
11258,6676,108,1,1117
11259,6676,87,1,765
11260,6677,37,1,3880
11261,6677,211,1,3043
11262,6678,226,1,1589
11263,6678,137,2,1201
11264,6678,138,1,2815
11265,6678,54,1,2174
11266,6679,100,1,3021
11267,6679,135,2,2171
11268,6679,155,2,1446
11269,6680,222,1,1380
11270,6681,112,1,4359
11271,6682,47,1,1090
11272,6682,143,2,1966
11273,6682,10,1,2642
11274,6682,171,2,1622
11275,6683,215,2,1468
11276,6684,143,2,1966
11277,6684,26,1,3195
11278,6684,217,1,2142
11279,6685,185,1,2091
11280,6685,215,1,1468
11281,6686,210,1,3167
11282,6687,84,1,1955
11283,6688,75,1,1776
11284,6688,146,1,2144
11285,6688,213,1,2422
11286,6689,179,1,881
11287,6690,60,1,1286
11288,6691,184,2,1478
11289,6692,16,1,2221
11290,6692,71,1,4418
11291,6693,125,1,2036
11292,6693,39,1,1614
11293,6694,103,1,1035
11294,6694,211,1,3043
11295,6694,26,1,3195
11296,6695,128,2,3606
11297,6696,197,1,337
11298,6697,21,2,2014
11299,6697,255,1,1679
11300,6697,225,1,1606
11301,6697,163,1,4058
11302,6698,204,1,2387
11303,6699,210,2,3167
11304,6700,258,1,1045
11305,6700,171,2,1622
11306,6701,200,1,1045
11307,6702,151,1,1372
11308,6702,180,1,1127
11309,6703,256,1,2709
11310,6703,59,1,2340
11311,6703,61,1,524
11312,6704,257,1,1615
11313,6704,221,1,549
11314,6705,100,1,3021
11315,6706,173,1,954
11316,6707,156,1,4121
11317,6708,8,2,1392
11318,6709,210,1,3167
11319,6710,190,1,914
11320,6710,35,1,896
11321,6711,250,1,3263
11322,6712,144,1,2653
11323,6713,45,1,700
11324,6714,147,1,568
11325,6714,111,1,1379
11326,6714,65,2,1146
11327,6715,114,1,1370
11328,6715,249,1,1851
11329,6716,226,1,1589
11330,6717,120,1,1402
11331,6717,99,2,1858
11332,6717,165,1,2382
11333,6718,66,1,919
11334,6719,182,2,4880
11335,6720,191,1,1880
11336,6721,51,1,1106
11337,6722,140,1,386
11338,6723,35,1,896
11339,6724,156,1,4121
11340,6725,169,1,1930
11341,6726,14,1,2466
11342,6727,151,1,1372
11343,6727,255,1,1679
11344,6728,218,1,4143
11345,6728,248,1,661
11346,6729,224,1,946
11347,6729,196,1,1458
11348,6730,188,1,812
11349,6731,256,1,2709
11350,6732,109,1,880
11351,6732,58,1,985
11352,6732,136,1,1890
11353,6733,253,1,1210
11354,6733,45,1,700
11355,6733,75,1,1776
11356,6734,38,1,474
11357,6735,143,1,1966
11358,6736,1,1,1502
11359,6736,96,1,2172
11360,6736,194,1,1779
11361,6737,81,1,864
11362,6738,212,1,2326
11363,6739,36,1,2571
11364,6740,41,1,4035
11365,6740,158,1,1995
11366,6741,35,1,896
11367,6742,209,1,2922
11368,6743,178,2,1669
11369,6744,223,1,2638
11370,6745,37,1,3880
11371,6745,86,1,1087
11372,6746,225,1,1606
11373,6747,62,1,2434
11374,6748,1,1,1502
11375,6748,233,1,1005
11376,6748,80,1,698
11377,6748,175,1,507
11378,6749,106,1,521
11379,6749,114,1,1370
11380,6749,232,1,1983
11381,6750,205,1,2762
11382,6750,217,1,2142
11383,6750,255,1,1679
11384,6750,47,1,1090
11385,6751,147,1,568
11386,6752,162,1,480
11387,6753,133,2,1808
11388,6753,34,1,687
11389,6754,216,1,1929
11390,6754,109,1,880
11391,6754,120,1,1402
11392,6755,237,1,953
11393,6755,60,2,1286
11394,6755,131,1,4961
11395,6756,69,1,3023
11396,6757,42,1,1316
11397,6758,69,1,3023
11398,6759,63,1,2111
11399,6760,238,2,608
11400,6760,218,1,4143
11401,6760,172,1,1424
11402,6761,211,1,3043
11403,6761,69,1,3023
11404,6761,26,2,3195
11405,6762,9,1,2492
11406,6763,22,1,1491
11407,6763,43,1,2261
11408,6764,68,2,1955
11409,6764,161,1,1562
11410,6765,131,1,4961
11411,6765,59,1,2340
11412,6766,160,1,1181
11413,6766,60,2,1286
11414,6767,22,1,1491
11415,6768,205,1,2762
11416,6769,210,1,3167
11417,6769,110,1,3488
11418,6770,2,1,2368
11419,6771,48,1,2585
11420,6772,5,1,2971
11421,6773,218,1,4143
11422,6774,127,1,1032
11423,6775,133,1,1808
11424,6776,158,1,1995
11425,6777,219,1,1744
11426,6778,219,1,1744
11427,6778,30,1,644
11428,6778,203,1,1961
11429,6778,87,1,765
11430,6779,223,1,2638
11431,6779,154,1,2033
11432,6780,212,1,2326
11433,6780,16,2,2221
11434,6781,68,1,1955
11435,6781,99,1,1858
11436,6781,142,1,1191
11437,6782,117,1,889
11438,6783,188,1,812
11439,6783,34,1,687
11440,6784,36,1,2571
11441,6785,126,1,1970
11442,6786,130,1,1821
11443,6787,194,2,1779
11444,6787,96,1,2172
11445,6787,138,1,2815
11446,6787,22,1,1491
11447,6788,186,1,2220
11448,6789,170,1,4112
11449,6789,174,1,2394
11450,6789,122,1,3391
11451,6790,153,1,723
11452,6791,218,1,4143
11453,6791,7,1,1684
11454,6792,98,1,504
11455,6793,15,1,1892
11456,6793,72,1,262
11457,6794,186,1,2220
11458,6795,160,1,1181
11459,6796,63,2,2111
11460,6796,75,1,1776
11461,6796,208,1,2093
11462,6797,57,1,1202
11463,6798,234,1,3084
11464,6799,27,2,4308
11465,6800,139,1,747
11466,6801,116,1,2656
11467,6802,63,1,2111
11468,6802,257,1,1615
11469,6803,233,1,1005
11470,6803,118,1,1985
11471,6804,254,2,1388
11472,6805,149,1,1079
11473,6806,87,1,765
11474,6806,27,1,4308
11475,6807,212,1,2326
11476,6807,99,1,1858
11477,6808,11,1,1138
11478,6808,29,1,1385
11479,6808,26,1,3195
11480,6808,90,1,2950
11481,6809,193,1,320
11482,6809,139,1,747
11483,6809,153,1,723
11484,6810,232,1,1983
11485,6811,205,1,2762
11486,6812,133,2,1808
11487,6813,74,1,768
11488,6813,93,1,2982
11489,6814,183,1,1013
11490,6814,5,1,2971
11491,6815,46,1,2165
11492,6816,171,1,1622
11493,6816,216,1,1929
11494,6816,214,1,939
11495,6816,233,1,1005
11496,6817,200,1,1045
11497,6818,26,1,3195
11498,6819,164,1,346
11499,6820,212,1,2326
11500,6820,203,1,1961
11501,6820,10,1,2642
11502,6820,2,1,2368
11503,6821,253,1,1210
11504,6822,136,1,1890
11505,6823,249,1,1851
11506,6824,178,1,1669
11507,6825,256,1,2709
11508,6825,108,1,1117
11509,6825,216,1,1929
11510,6826,190,1,914
11511,6827,37,1,3880
11512,6828,75,1,1776
11513,6829,118,1,1985
11514,6830,209,1,2922
11515,6830,6,1,1780
11516,6831,91,1,1066
11517,6831,69,1,3023
11518,6831,106,1,521
11519,6832,253,2,1210
11520,6832,44,1,2892
11521,6832,170,1,4112
11522,6833,178,2,1669
11523,6833,128,1,3606
11524,6834,168,1,1663
11525,6834,14,1,2466
11526,6835,249,2,1851
11527,6836,100,1,3021
11528,6836,124,1,4690
11529,6837,57,1,1202
11530,6838,169,1,1930
11531,6838,123,1,674
11532,6838,115,1,1860
11533,6839,183,1,1013
11534,6840,181,1,3645
11535,6840,176,1,1005
11536,6840,209,1,2922
11537,6841,36,2,2571
11538,6842,7,2,1684
11539,6842,163,1,4058
11540,6842,140,2,386
11541,6843,255,1,1679
11542,6844,105,2,436
11543,6844,11,1,1138
11544,6845,235,2,2439
11545,6846,135,1,2171
11546,6847,13,1,791
11547,6847,224,1,946
11548,6848,121,2,2200
11549,6849,115,1,1860
11550,6850,206,1,1709
11551,6851,203,1,1961
11552,6852,9,1,2492
11553,6853,207,1,2780
11554,6854,56,1,3318
11555,6854,165,1,2382
11556,6854,49,1,2877
11557,6854,115,1,1860
11558,6855,231,1,1582
11559,6856,7,1,1684
11560,6857,111,1,1379
11561,6858,203,1,1961
11562,6858,78,2,2774
11563,6859,79,1,2279
11564,6860,151,1,1372
11565,6861,183,1,1013
11566,6862,44,1,2892
11567,6862,86,2,1087
11568,6863,253,1,1210
11569,6863,25,1,520
11570,6863,204,1,2387
11571,6864,186,1,2220
11572,6865,46,2,2165
11573,6866,89,1,1622
11574,6867,151,2,1372
11575,6868,165,2,2382
11576,6869,207,1,2780
11577,6870,92,1,373
11578,6870,216,2,1929
11579,6870,152,1,4917
11580,6870,107,1,1323
11581,6871,104,1,2185
11582,6872,225,1,1606
11583,6873,239,1,1197
11584,6874,9,1,2492
11585,6875,96,1,2172
11586,6875,67,1,1202
11587,6876,175,1,507
11588,6876,128,1,3606
11589,6877,97,1,3814
11590,6877,32,1,339
11591,6878,204,1,2387
11592,6879,81,1,864
11593,6879,180,1,1127
11594,6879,153,2,723
11595,6880,222,2,1380
11596,6881,109,1,880
11597,6881,51,1,1106
11598,6881,27,1,4308
11599,6882,118,1,1985
11600,6882,12,1,2353
11601,6883,35,1,896
11602,6884,39,2,1614
11603,6884,98,1,504
11604,6884,104,2,2185
11605,6885,145,1,4871
11606,6885,47,1,1090
11607,6885,144,2,2653
11608,6886,201,1,2173
11609,6886,97,2,3814
11610,6886,177,1,1789
11611,6886,124,1,4690
11612,6887,59,1,2340
11613,6888,149,1,1079
11614,6889,190,1,914
11615,6889,242,1,2482
11616,6890,147,1,568
11617,6891,170,1,4112
11618,6891,137,1,1201
11619,6892,163,1,4058
11620,6893,249,1,1851
11621,6893,209,1,2922
11622,6894,179,2,881
11623,6894,176,1,1005
11624,6895,236,1,2208
11625,6895,218,1,4143
11626,6896,47,1,1090
11627,6897,73,1,1116
11628,6897,241,2,3489
11629,6897,121,1,2200
11630,6898,79,1,2279
11631,6899,211,1,3043
11632,6900,139,1,747
11633,6900,154,1,2033
11634,6901,102,1,1216
11635,6901,58,1,985
11636,6902,111,1,1379
11637,6903,206,1,1709
11638,6903,141,2,2869
11639,6903,93,1,2982
11640,6903,106,1,521
11641,6904,21,2,2014
11642,6904,83,1,2600
11643,6904,106,1,521
11644,6905,210,1,3167
11645,6905,205,1,2762
11646,6905,20,1,1016
11647,6906,61,1,524
11648,6906,223,1,2638
11649,6907,209,1,2922
11650,6907,133,1,1808
11651,6907,65,1,1146
11652,6907,47,1,1090
11653,6908,225,1,1606
11654,6908,251,1,2690
11655,6909,253,1,1210
11656,6909,258,2,1045
11657,6910,133,1,1808
11658,6911,239,1,1197
11659,6911,117,1,889
11660,6912,215,1,1468
11661,6913,233,1,1005
11662,6913,190,1,914
11663,6914,256,1,2709
11664,6914,215,1,1468
11665,6915,135,1,2171
11666,6916,81,1,864
11667,6917,112,1,4359
11668,6917,170,1,4112
11669,6917,119,1,679
11670,6917,98,1,504
11671,6918,18,1,4595
11672,6919,73,1,1116
11673,6919,6,1,1780
11674,6920,164,1,346
11675,6920,14,1,2466
11676,6921,14,2,2466
11677,6922,205,2,2762
11678,6923,4,1,1235
11679,6924,243,1,3284
11680,6924,142,1,1191
11681,6925,69,1,3023
11682,6926,174,1,2394
11683,6926,245,1,1007
11684,6927,97,1,3814
11685,6927,146,1,2144
11686,6928,54,1,2174
11687,6929,233,1,1005
11688,6930,254,1,1388
11689,6931,241,1,3489
11690,6931,122,1,3391
11691,6932,102,2,1216
11692,6933,105,1,436
11693,6934,253,2,1210
11694,6934,20,1,1016
11695,6935,39,1,1614
11696,6936,152,1,4917
11697,6937,128,1,3606
11698,6938,86,2,1087
11699,6939,42,1,1316
11700,6939,204,1,2387
11701,6940,201,1,2173
11702,6941,141,1,2869
11703,6942,253,1,1210
11704,6943,137,1,1201
11705,6944,80,1,698
11706,6945,78,1,2774
11707,6945,20,2,1016
11708,6946,223,1,2638
11709,6946,83,1,2600
11710,6947,192,1,1872
11711,6947,18,1,4595
11712,6948,209,1,2922
11713,6949,164,1,346
11714,6949,234,1,3084
11715,6950,254,1,1388
11716,6951,182,1,4880
11717,6952,152,1,4917
11718,6953,53,1,4850
11719,6954,1,1,1502
11720,6954,26,1,3195
11721,6955,153,1,723
11722,6956,153,1,723
11723,6956,104,1,2185
11724,6957,63,1,2111
11725,6958,164,1,346
11726,6959,150,1,2232
11727,6960,81,1,864
11728,6960,163,1,4058
11729,6960,179,1,881
11730,6960,125,1,2036
11731,6961,179,1,881
11732,6962,30,1,644
11733,6963,93,1,2982
11734,6963,238,1,608
11735,6963,34,2,687
11736,6963,61,1,524
11737,6964,63,2,2111
11738,6965,230,2,3446
11739,6965,164,1,346
11740,6966,105,1,436
11741,6967,94,1,545
11742,6967,134,1,1101
11743,6968,123,1,674
11744,6968,29,1,1385
11745,6969,43,1,2261
11746,6970,58,1,985
11747,6970,166,1,1629
11748,6970,255,1,1679
11749,6970,4,1,1235
11750,6971,166,1,1629
11751,6972,18,2,4595
11752,6972,48,1,2585
11753,6972,129,1,2404
11754,6972,243,1,3284
11755,6973,88,1,938
11756,6973,78,1,2774
11757,6974,75,1,1776
11758,6975,176,2,1005
11759,6976,178,2,1669
11760,6976,88,1,938
11761,6976,37,1,3880
11762,6976,251,1,2690
11763,6977,48,1,2585
11764,6978,192,1,1872
11765,6978,58,1,985
11766,6978,154,1,2033
11767,6979,80,1,698
11768,6980,54,1,2174
11769,6981,249,1,1851
11770,6981,136,1,1890
11771,6981,253,1,1210
11772,6982,135,1,2171
11773,6983,150,2,2232
11774,6984,159,1,366
11775,6984,16,1,2221
11776,6985,98,1,504
11777,6986,226,1,1589
11778,6986,208,1,2093
11779,6986,166,1,1629
11780,6986,222,1,1380
11781,6987,47,1,1090
11782,6988,39,1,1614
11783,6989,157,1,1180
11784,6990,108,1,1117
11785,6991,250,1,3263
11786,6991,3,1,2438
11787,6991,218,1,4143
11788,6991,1,1,1502
11789,6992,218,1,4143
11790,6993,50,1,2576
11791,6994,197,1,337
11792,6994,136,1,1890
11793,6994,79,1,2279
11794,6995,205,1,2762
11795,6996,208,1,2093
11796,6997,53,1,4850
11797,6998,83,2,2600
11798,6999,259,1,1755
11799,7000,45,1,700
11800,7001,70,2,1664
11801,7001,107,1,1323
11802,7002,76,1,3454
11803,7003,202,1,1791
11804,7004,199,1,4228
11805,7004,161,1,1562
11806,7005,94,1,545
11807,7005,128,1,3606
11808,7006,12,1,2353
11809,7007,4,1,1235
11810,7008,1,1,1502
11811,7009,116,1,2656
11812,7009,197,1,337
11813,7010,257,2,1615
11814,7011,20,1,1016
11815,7012,250,1,3263
11816,7012,211,2,3043
11817,7013,103,1,1035
11818,7013,74,1,768
11819,7014,128,1,3606
11820,7014,256,1,2709
11821,7015,68,1,1955
11822,7016,61,1,524
11823,7017,17,1,3452
11824,7017,196,1,1458
11825,7018,55,2,1245
11826,7019,150,1,2232
11827,7019,137,2,1201
11828,7019,257,2,1615
11829,7020,256,1,2709
11830,7021,182,2,4880
11831,7021,60,2,1286
11832,7021,28,1,1184
11833,7022,76,1,3454
11834,7022,183,1,1013
11835,7023,37,1,3880
11836,7023,214,1,939
11837,7024,52,1,3076
11838,7025,43,2,2261
11839,7026,18,1,4595
11840,7027,1,1,1502
11841,7027,138,2,2815
11842,7028,128,1,3606
11843,7028,114,1,1370
11844,7029,246,1,922
11845,7029,230,1,3446
11846,7030,172,1,1424
11847,7030,144,1,2653
11848,7031,93,2,2982
11849,7031,190,2,914
11850,7032,141,1,2869
11851,7033,83,1,2600
11852,7034,24,1,2536
11853,7034,16,1,2221
11854,7034,173,1,954
11855,7034,194,1,1779
11856,7035,188,1,812
11857,7035,133,1,1808
11858,7036,107,1,1323
11859,7036,5,1,2971
11860,7037,196,1,1458
11861,7038,249,1,1851
11862,7038,113,1,905
11863,7039,186,1,2220
11864,7040,153,1,723
11865,7041,141,1,2869
11866,7042,68,1,1955
11867,7043,165,1,2382
11868,7044,257,1,1615
11869,7045,248,1,661
11870,7046,108,1,1117
11871,7047,112,1,4359
11872,7048,151,2,1372
11873,7048,128,1,3606
11874,7049,131,1,4961
11875,7050,9,1,2492
11876,7051,202,1,1791
11877,7051,87,1,765
11878,7052,236,2,2208
11879,7052,219,2,1744
11880,7053,248,2,661
11881,7053,13,1,791
11882,7053,87,1,765
11883,7054,83,1,2600
11884,7054,135,1,2171
11885,7054,131,1,4961
11886,7055,191,2,1880
11887,7056,59,1,2340
11888,7057,230,1,3446
11889,7058,254,1,1388
11890,7059,25,1,520
11891,7059,59,1,2340
11892,7060,1,1,1502
11893,7061,88,1,938
11894,7062,198,1,288
11895,7063,101,1,1236
11896,7064,224,2,946
11897,7065,48,1,2585
11898,7066,60,1,1286
11899,7066,67,1,1202
11900,7066,96,1,2172
11901,7067,18,2,4595
11902,7067,33,1,1607
11903,7068,119,1,679
11904,7068,144,1,2653
11905,7068,156,2,4121
11906,7069,152,1,4917
11907,7070,130,1,1821
11908,7071,229,1,3069
11909,7072,52,1,3076
11910,7072,183,1,1013
11911,7072,54,1,2174
11912,7072,153,1,723
11913,7073,87,2,765
11914,7073,28,1,1184
11915,7073,10,2,2642
11916,7073,220,1,455
11917,7074,84,1,1955
11918,7075,6,1,1780
11919,7075,52,2,3076
11920,7076,80,2,698
11921,7077,235,2,2439
11922,7078,178,2,1669
11923,7079,18,1,4595
11924,7079,126,1,1970
11925,7080,165,1,2382
11926,7080,127,1,1032
11927,7080,233,1,1005
11928,7081,234,1,3084
11929,7082,6,1,1780
11930,7082,11,1,1138
11931,7083,21,1,2014
11932,7084,37,1,3880
11933,7085,235,1,2439
11934,7086,233,1,1005
11935,7086,33,1,1607
11936,7087,100,1,3021
11937,7088,45,1,700
11938,7089,127,1,1032
11939,7090,102,1,1216
11940,7091,208,1,2093
11941,7092,8,2,1392
11942,7093,137,2,1201
11943,7094,141,1,2869
11944,7094,212,1,2326
11945,7095,11,1,1138
11946,7096,247,1,3450
11947,7096,94,2,545
11948,7097,15,1,1892
11949,7098,169,1,1930
11950,7098,59,2,2340
11951,7099,139,1,747
11952,7099,111,1,1379
11953,7100,41,2,4035
11954,7101,51,1,1106
11955,7101,24,2,2536
11956,7102,257,1,1615
11957,7103,244,1,3886
11958,7103,203,1,1961
11959,7104,231,1,1582
11960,7105,239,1,1197
11961,7105,66,2,919
11962,7105,143,1,1966
11963,7106,123,1,674
11964,7107,143,2,1966
11965,7107,82,1,1744
11966,7108,153,1,723
11967,7108,175,1,507
11968,7109,176,1,1005
11969,7109,148,1,802
11970,7110,133,1,1808
11971,7111,110,1,3488
11972,7111,158,1,1995
11973,7111,34,1,687
11974,7112,147,1,568
11975,7113,120,1,1402
11976,7113,54,1,2174
11977,7114,64,1,1446
11978,7114,127,1,1032
11979,7115,136,1,1890
11980,7115,95,1,1582
11981,7115,25,1,520
11982,7116,32,1,339
11983,7117,193,1,320
11984,7117,254,1,1388
11985,7118,217,1,2142
11986,7119,160,1,1181
11987,7119,153,1,723
11988,7119,180,1,1127
11989,7120,9,1,2492
11990,7120,246,2,922
11991,7121,47,1,1090
11992,7122,214,1,939
11993,7123,62,1,2434
11994,7123,96,1,2172
11995,7124,33,1,1607
11996,7125,238,1,608
11997,7126,185,1,2091
11998,7127,11,1,1138
11999,7128,155,1,1446
12000,7129,6,2,1780
12001,7130,51,1,1106
12002,7131,64,1,1446
12003,7131,214,1,939
12004,7132,43,1,2261
12005,7132,240,2,676
12006,7132,154,1,2033
12007,7133,36,1,2571
12008,7133,107,1,1323
12009,7133,139,1,747
12010,7134,90,1,2950
12011,7134,147,1,568
12012,7134,33,1,1607
12013,7134,158,1,1995
12014,7135,13,1,791
12015,7135,82,2,1744
12016,7136,189,1,1666
12017,7136,34,1,687
12018,7136,55,2,1245
12019,7137,189,1,1666
12020,7137,254,1,1388
12021,7137,231,1,1582
12022,7138,98,1,504
12023,7139,95,1,1582
12024,7139,34,1,687
12025,7140,55,1,1245
12026,7141,155,1,1446
12027,7142,198,1,288
12028,7143,22,1,1491
12029,7143,151,1,1372
12030,7143,103,1,1035
12031,7144,60,1,1286
12032,7144,70,1,1664
12033,7145,19,1,1024
12034,7145,86,1,1087
12035,7145,255,1,1679
12036,7146,164,1,346
12037,7146,50,1,2576
12038,7146,216,2,1929
12039,7147,201,1,2173
12040,7148,3,1,2438
12041,7148,121,2,2200
12042,7148,76,1,3454
12043,7149,7,2,1684
12044,7150,219,1,1744
12045,7151,33,1,1607
12046,7151,17,1,3452
12047,7151,177,1,1789
12048,7152,187,1,1056
12049,7153,254,1,1388
12050,7153,180,1,1127
12051,7154,125,1,2036
12052,7155,241,1,3489
12053,7156,119,1,679
12054,7156,190,1,914
12055,7157,10,1,2642
12056,7158,20,1,1016
12057,7159,208,2,2093
12058,7160,44,1,2892
12059,7160,135,1,2171
12060,7161,257,1,1615
12061,7161,162,1,480
12062,7162,194,1,1779
12063,7163,30,1,644
12064,7164,33,1,1607
12065,7164,182,1,4880
12066,7165,97,1,3814
12067,7165,148,2,802
12068,7165,196,1,1458
12069,7166,244,1,3886
12070,7167,130,1,1821
12071,7168,149,1,1079
12072,7169,17,1,3452
12073,7169,201,1,2173
12074,7169,249,1,1851
12075,7169,49,2,2877
12076,7170,12,2,2353
12077,7170,65,1,1146
12078,7170,23,1,789
12079,7171,2,1,2368
12080,7172,77,1,340
12081,7172,96,1,2172
12082,7172,63,1,2111
12083,7172,90,1,2950
12084,7173,170,1,4112
12085,7173,257,1,1615
12086,7174,120,1,1402
12087,7175,179,1,881
12088,7176,122,1,3391
12089,7176,215,2,1468
12090,7176,238,1,608
12091,7177,221,1,549
12092,7178,165,1,2382
12093,7178,160,1,1181
12094,7178,95,1,1582
12095,7179,88,2,938
12096,7180,12,1,2353
12097,7181,243,1,3284
12098,7181,159,1,366
12099,7182,13,2,791
12100,7183,223,2,2638
12101,7184,149,1,1079
12102,7185,250,1,3263
12103,7185,27,1,4308
12104,7185,165,1,2382
12105,7186,188,1,812
12106,7186,17,2,3452
12107,7187,21,1,2014
12108,7187,37,1,3880
12109,7188,202,1,1791
12110,7188,185,1,2091
12111,7188,90,1,2950
12112,7188,258,1,1045
12113,7189,208,2,2093
12114,7190,195,1,2494
12115,7191,197,1,337
12116,7191,5,1,2971
12117,7191,79,1,2279
12118,7192,77,1,340
12119,7193,241,1,3489
12120,7193,250,1,3263
12121,7194,15,1,1892
12122,7194,189,1,1666
12123,7195,130,1,1821
12124,7196,13,1,791
12125,7197,103,1,1035
12126,7198,229,1,3069
12127,7199,152,1,4917
12128,7200,59,2,2340
12129,7201,55,1,1245
12130,7202,125,1,2036
12131,7203,243,1,3284
12132,7204,248,1,661
12133,7205,163,1,4058
12134,7206,160,1,1181
12135,7206,62,1,2434
12136,7207,186,1,2220
12137,7208,204,1,2387
12138,7208,124,1,4690
12139,7209,23,1,789
12140,7209,2,1,2368
12141,7210,129,1,2404
12142,7210,238,1,608
12143,7210,120,1,1402
12144,7211,176,1,1005
12145,7212,76,1,3454
12146,7213,254,1,1388
12147,7213,195,1,2494
12148,7214,115,2,1860
12149,7215,142,1,1191
12150,7216,71,1,4418
12151,7216,59,1,2340
12152,7217,229,1,3069
12153,7217,129,1,2404
12154,7218,206,1,1709
12155,7218,11,1,1138
12156,7218,137,1,1201
12157,7218,161,1,1562
12158,7219,188,1,812
12159,7219,228,1,1251
12160,7220,251,1,2690
12161,7221,26,1,3195
12162,7221,114,1,1370
12163,7222,235,1,2439
12164,7223,43,1,2261
12165,7223,20,1,1016
12166,7223,136,1,1890
12167,7224,63,1,2111
12168,7225,223,1,2638
12169,7226,159,1,366
12170,7226,33,1,1607
12171,7226,72,2,262
12172,7226,204,1,2387
12173,7227,253,1,1210
12174,7227,24,1,2536
12175,7228,187,1,1056
12176,7228,39,1,1614
12177,7229,68,1,1955
12178,7229,156,1,4121
12179,7230,234,1,3084
12180,7231,227,1,2172
12181,7232,214,1,939
12182,7232,26,2,3195
12183,7232,40,1,3597
12184,7233,40,1,3597
12185,7234,59,1,2340
12186,7235,33,1,1607
12187,7236,57,1,1202
12188,7236,147,1,568
12189,7237,170,1,4112
12190,7237,142,1,1191
12191,7238,233,1,1005
12192,7239,47,1,1090
12193,7239,138,1,2815
12194,7240,173,1,954
12195,7240,146,1,2144
12196,7241,153,2,723
12197,7242,15,1,1892
12198,7243,68,1,1955
12199,7244,150,1,2232
12200,7245,251,1,2690
12201,7246,228,1,1251
12202,7246,97,1,3814
12203,7247,113,1,905
12204,7247,162,1,480
12205,7248,130,1,1821
12206,7248,165,2,2382
12207,7249,151,1,1372
12208,7249,236,1,2208
12209,7250,247,2,3450
12210,7251,125,1,2036
12211,7252,31,1,1395
12212,7253,144,1,2653
12213,7253,143,1,1966
12214,7254,81,1,864
12215,7255,234,2,3084
12216,7255,206,1,1709
12217,7256,129,1,2404
12218,7257,160,1,1181
12219,7257,130,2,1821
12220,7258,258,1,1045
12221,7259,127,2,1032
12222,7260,64,1,1446
12223,7261,37,1,3880
12224,7262,207,1,2780
12225,7263,199,1,4228
12226,7264,248,1,661
12227,7264,76,1,3454
12228,7265,185,1,2091
12229,7266,257,1,1615
12230,7267,202,1,1791
12231,7268,124,1,4690
12232,7269,199,1,4228
12233,7270,193,1,320
12234,7271,147,1,568
12235,7272,196,1,1458
12236,7272,230,1,3446
12237,7272,26,1,3195
12238,7272,36,1,2571
12239,7273,32,2,339
12240,7274,194,1,1779
12241,7274,94,1,545
12242,7274,78,1,2774
12243,7275,127,1,1032
12244,7276,219,1,1744
12245,7277,3,1,2438
12246,7277,221,1,549
12247,7277,179,1,881
12248,7278,73,1,1116
12249,7278,75,1,1776
12250,7279,96,2,2172
12251,7280,82,1,1744
12252,7281,79,1,2279
12253,7282,246,1,922
12254,7282,46,2,2165
12255,7282,251,1,2690
12256,7283,148,2,802
12257,7284,81,1,864
12258,7285,65,1,1146
12259,7285,204,2,2387
12260,7286,126,1,1970
12261,7286,127,1,1032
12262,7287,50,2,2576
12263,7287,203,1,1961
12264,7287,165,1,2382
12265,7287,34,1,687
12266,7288,67,1,1202
12267,7288,188,1,812
12268,7288,191,1,1880
12269,7288,112,1,4359
12270,7289,186,1,2220
12271,7289,54,1,2174
12272,7290,251,2,2690
12273,7290,142,1,1191
12274,7290,149,1,1079
12275,7291,140,1,386
12276,7291,95,1,1582
12277,7292,176,1,1005
12278,7292,222,1,1380
12279,7293,209,1,2922
12280,7294,147,2,568
12281,7295,125,1,2036
12282,7295,121,1,2200
12283,7296,238,1,608
12284,7297,31,1,1395
12285,7298,181,1,3645
12286,7298,126,1,1970
12287,7299,190,1,914
12288,7299,78,1,2774
12289,7300,201,1,2173
12290,7301,28,1,1184
12291,7301,13,1,791
12292,7302,27,1,4308
12293,7302,71,1,4418
12294,7303,83,1,2600
12295,7304,183,1,1013
12296,7305,129,1,2404
12297,7305,65,1,1146
12298,7305,223,1,2638
12299,7306,40,1,3597
12300,7307,91,1,1066
12301,7308,194,2,1779
12302,7309,22,1,1491
12303,7310,88,1,938
12304,7310,28,1,1184
12305,7310,173,1,954
12306,7311,182,1,4880
12307,7312,84,1,1955
12308,7312,186,1,2220
12309,7312,83,1,2600
12310,7312,195,1,2494
12311,7313,94,1,545
12312,7314,221,1,549
12313,7314,112,1,4359
12314,7314,191,1,1880
12315,7315,172,1,1424
12316,7315,84,1,1955
12317,7316,80,2,698
12318,7316,64,1,1446
12319,7317,114,1,1370
12320,7318,23,2,789
12321,7319,155,1,1446
12322,7320,208,1,2093
12323,7321,205,2,2762
12324,7322,161,1,1562
12325,7323,184,1,1478
12326,7324,256,1,2709
12327,7325,208,2,2093
12328,7326,212,1,2326
12329,7327,152,1,4917
12330,7327,258,1,1045
12331,7328,4,1,1235
12332,7329,252,1,1362
12333,7330,72,1,262
12334,7330,26,1,3195
12335,7331,105,1,436
12336,7332,62,1,2434
12337,7333,146,1,2144
12338,7333,38,2,474
12339,7333,99,1,1858
12340,7334,103,1,1035
12341,7334,186,1,2220
12342,7334,101,1,1236
12343,7335,59,1,2340
12344,7335,83,1,2600
12345,7336,32,1,339
12346,7337,19,1,1024
12347,7338,146,1,2144
12348,7338,47,1,1090
12349,7338,74,1,768
12350,7338,190,2,914
12351,7339,127,1,1032
12352,7339,152,1,4917
12353,7339,1,2,1502
12354,7340,23,1,789
12355,7341,41,1,4035
12356,7342,46,1,2165
12357,7343,59,2,2340
12358,7343,106,1,521
12359,7343,57,1,1202
12360,7344,182,1,4880
12361,7344,221,2,549
12362,7345,202,1,1791
12363,7345,238,2,608
12364,7345,58,1,985
12365,7345,34,1,687
12366,7346,187,1,1056
12367,7346,254,1,1388
12368,7347,142,1,1191
12369,7348,8,1,1392
12370,7349,25,1,520
12371,7349,99,1,1858
12372,7350,194,1,1779
12373,7351,191,1,1880
12374,7351,11,1,1138
12375,7351,6,1,1780
12376,7352,210,1,3167
12377,7353,245,1,1007
12378,7354,246,1,922
12379,7355,143,1,1966
12380,7356,32,2,339
12381,7357,62,1,2434
12382,7357,53,1,4850
12383,7357,144,1,2653
12384,7358,197,1,337
12385,7359,74,1,768
12386,7360,125,1,2036
12387,7361,119,1,679
12388,7362,185,1,2091
12389,7362,76,1,3454
12390,7362,246,1,922
12391,7363,134,1,1101
12392,7364,215,1,1468
12393,7365,140,1,386
12394,7366,141,2,2869
12395,7366,125,2,2036
12396,7367,27,1,4308
12397,7368,126,1,1970
12398,7368,221,1,549
12399,7368,146,1,2144
12400,7369,144,1,2653
12401,7369,218,1,4143
12402,7369,74,1,768
12403,7370,137,2,1201
12404,7371,127,1,1032
12405,7372,169,1,1930
12406,7372,223,2,2638
12407,7373,1,1,1502
12408,7373,27,1,4308
12409,7374,252,1,1362
12410,7375,99,1,1858
12411,7375,135,1,2171
12412,7376,52,2,3076
12413,7377,60,2,1286
12414,7378,48,1,2585
12415,7378,201,1,2173
12416,7379,99,1,1858
12417,7380,7,1,1684
12418,7381,114,1,1370
12419,7381,58,1,985
12420,7381,57,1,1202
12421,7382,247,1,3450
12422,7383,219,1,1744
12423,7384,235,1,2439
12424,7385,40,1,3597
12425,7386,207,2,2780
12426,7387,166,1,1629
12427,7387,64,1,1446
12428,7387,121,1,2200
12429,7388,95,1,1582
12430,7389,98,1,504
12431,7389,93,1,2982
12432,7389,6,1,1780
12433,7390,240,2,676
12434,7391,13,1,791
12435,7392,226,1,1589
12436,7393,90,1,2950
12437,7394,38,2,474
12438,7395,168,1,1663
12439,7395,86,1,1087
12440,7396,198,2,288
12441,7397,52,1,3076
12442,7397,222,1,1380
12443,7398,90,2,2950
12444,7399,80,1,698
12445,7399,75,1,1776
12446,7400,195,1,2494
12447,7400,222,1,1380
12448,7400,20,2,1016
12449,7401,192,1,1872
12450,7402,67,1,1202
12451,7402,113,1,905
12452,7403,108,1,1117
12453,7403,49,1,2877
12454,7404,241,1,3489
12455,7405,5,1,2971
12456,7406,169,1,1930
12457,7407,29,1,1385
12458,7408,212,1,2326
12459,7408,187,1,1056
12460,7408,237,1,953
12461,7409,235,1,2439
12462,7410,37,1,3880
12463,7410,236,1,2208
12464,7411,165,1,2382
12465,7412,101,1,1236
12466,7412,225,1,1606
12467,7413,28,2,1184
12468,7414,147,1,568
12469,7414,15,1,1892
12470,7415,122,1,3391
12471,7416,106,1,521
12472,7416,183,1,1013
12473,7417,109,1,880
12474,7418,228,1,1251
12475,7419,186,1,2220
12476,7420,20,1,1016
12477,7420,22,1,1491
12478,7421,232,1,1983
12479,7421,112,1,4359
12480,7422,90,1,2950
12481,7423,186,1,2220
12482,7424,200,1,1045
12483,7424,188,1,812
12484,7425,199,1,4228
12485,7425,110,1,3488
12486,7426,135,1,2171
12487,7427,200,2,1045
12488,7428,99,1,1858
12489,7428,98,1,504
12490,7429,225,1,1606
12491,7430,147,1,568
12492,7430,10,1,2642
12493,7431,220,1,455
12494,7432,231,2,1582
12495,7433,8,1,1392
12496,7433,135,1,2171
12497,7433,56,1,3318
12498,7434,69,1,3023
12499,7434,218,1,4143
12500,7435,102,2,1216
12501,7436,44,1,2892
12502,7437,151,1,1372
12503,7437,207,2,2780
12504,7437,160,1,1181
12505,7437,148,1,802
12506,7438,11,2,1138
12507,7439,253,2,1210
12508,7440,222,1,1380
12509,7440,115,2,1860
12510,7441,181,1,3645
12511,7441,33,1,1607
12512,7441,197,1,337
12513,7441,190,1,914
12514,7442,101,1,1236
12515,7443,129,1,2404
12516,7443,150,1,2232
12517,7444,106,1,521
12518,7444,153,1,723
12519,7445,158,1,1995
12520,7446,158,1,1995
12521,7447,185,1,2091
12522,7447,233,1,1005
12523,7447,24,1,2536
12524,7448,197,2,337
12525,7448,209,1,2922
12526,7449,195,1,2494
12527,7449,249,1,1851
12528,7449,219,1,1744
12529,7450,141,1,2869
12530,7451,246,2,922
12531,7452,132,2,1926
12532,7452,240,2,676
12533,7452,38,1,474
12534,7453,233,1,1005
12535,7454,131,1,4961
12536,7454,19,1,1024
12537,7455,221,1,549
12538,7456,96,1,2172
12539,7457,27,1,4308
12540,7457,127,1,1032
12541,7457,94,1,545
12542,7458,106,1,521
12543,7458,245,1,1007
12544,7459,220,1,455
12545,7460,194,2,1779
12546,7461,50,1,2576
12547,7462,156,2,4121
12548,7463,71,1,4418
12549,7464,42,1,1316
12550,7464,181,1,3645
12551,7464,219,1,1744
12552,7465,36,1,2571
12553,7465,232,1,1983
12554,7465,138,1,2815
12555,7466,11,1,1138
12556,7467,230,1,3446
12557,7467,196,1,1458
12558,7468,240,1,676
12559,7468,138,1,2815
12560,7469,235,1,2439
12561,7470,178,1,1669
12562,7471,215,1,1468
12563,7471,81,1,864
12564,7472,103,1,1035
12565,7472,57,1,1202
12566,7472,239,1,1197
12567,7473,1,2,1502
12568,7473,201,1,2173
12569,7474,112,1,4359
12570,7474,130,1,1821
12571,7475,96,1,2172
12572,7476,90,1,2950
12573,7477,5,1,2971
12574,7477,17,1,3452
12575,7478,171,1,1622
12576,7478,104,2,2185
12577,7478,108,1,1117
12578,7479,62,1,2434
12579,7480,29,1,1385
12580,7480,81,1,864
12581,7480,30,1,644
12582,7481,250,1,3263
12583,7482,62,1,2434
12584,7483,238,1,608
12585,7483,21,1,2014
12586,7483,147,1,568
12587,7484,31,1,1395
12588,7485,165,1,2382
12589,7486,170,2,4112
12590,7486,84,1,1955
12591,7487,148,1,802
12592,7487,49,2,2877
12593,7487,260,1,4920
12594,7488,147,1,568
12595,7488,89,2,1622
12596,7488,122,1,3391
12597,7489,260,1,4920
12598,7490,113,1,905
12599,7490,46,1,2165
12600,7490,180,2,1127
12601,7490,118,1,1985
12602,7491,221,1,549
12603,7491,117,1,889
12604,7492,168,1,1663
12605,7493,17,1,3452
12606,7494,197,1,337
12607,7494,233,1,1005
12608,7495,22,1,1491
12609,7495,239,1,1197
12610,7496,123,1,674
12611,7497,166,2,1629
12612,7498,231,1,1582
12613,7498,243,1,3284
12614,7499,190,1,914
12615,7499,229,2,3069
12616,7500,25,1,520
12617,7500,238,1,608
12618,7501,39,2,1614
12619,7502,241,1,3489
12620,7502,196,1,1458
12621,7502,249,2,1851
12622,7503,257,1,1615
12623,7503,32,1,339
12624,7503,224,1,946
12625,7504,220,1,455
12626,7505,179,1,881
12627,7505,92,1,373
12628,7506,37,1,3880
12629,7507,197,1,337
12630,7507,146,1,2144
12631,7507,130,1,1821
12632,7508,247,1,3450
12633,7508,110,1,3488
12634,7508,21,2,2014
12635,7509,137,1,1201
12636,7509,88,1,938
12637,7510,218,1,4143
12638,7511,177,1,1789
12639,7512,50,1,2576
12640,7513,5,1,2971
12641,7514,211,1,3043
12642,7515,159,1,366
12643,7515,126,2,1970
12644,7516,250,1,3263
12645,7516,182,1,4880
12646,7517,253,1,1210
12647,7518,212,1,2326
12648,7519,155,1,1446
12649,7520,209,1,2922
12650,7521,38,1,474
12651,7522,231,2,1582
12652,7523,136,1,1890
12653,7524,180,1,1127
12654,7525,231,1,1582
12655,7525,216,1,1929
12656,7526,58,2,985
12657,7526,110,1,3488
12658,7527,260,2,4920
12659,7528,65,1,1146
12660,7529,177,1,1789
12661,7530,167,2,697
12662,7530,244,2,3886
12663,7531,177,1,1789
12664,7532,132,1,1926
12665,7532,61,1,524
12666,7533,203,1,1961
12667,7534,41,1,4035
12668,7534,81,2,864
12669,7535,26,2,3195
12670,7536,29,1,1385
12671,7536,189,1,1666
12672,7536,54,2,2174
12673,7537,252,1,1362
12674,7537,45,2,700
12675,7538,245,1,1007
12676,7539,135,1,2171
12677,7540,83,1,2600
12678,7540,209,1,2922
12679,7541,41,1,4035
12680,7541,25,2,520
12681,7542,211,1,3043
12682,7543,11,1,1138
12683,7543,56,2,3318
12684,7544,58,1,985
12685,7545,172,1,1424
12686,7545,61,1,524
12687,7546,248,1,661
12688,7546,155,1,1446
12689,7546,58,2,985
12690,7547,240,2,676
12691,7548,152,2,4917
12692,7548,185,1,2091
12693,7549,135,1,2171
12694,7550,33,1,1607
12695,7550,171,1,1622
12696,7550,155,1,1446
12697,7550,99,1,1858
12698,7551,143,1,1966
12699,7551,184,1,1478
12700,7551,39,1,1614
12701,7552,54,1,2174
12702,7552,71,1,4418
12703,7552,98,1,504
12704,7552,106,1,521
12705,7553,30,2,644
12706,7553,22,1,1491
12707,7554,155,2,1446
12708,7555,36,1,2571
12709,7555,58,2,985
12710,7555,224,1,946
12711,7556,207,1,2780
12712,7557,244,1,3886
12713,7557,237,1,953
12714,7558,55,1,1245
12715,7558,182,1,4880
12716,7558,94,1,545
12717,7559,57,1,1202
12718,7560,5,1,2971
12719,7561,177,1,1789
12720,7561,52,1,3076
12721,7562,162,1,480
12722,7563,29,1,1385
12723,7563,109,1,880
12724,7564,67,1,1202
12725,7565,151,1,1372
12726,7566,158,1,1995
12727,7567,196,1,1458
12728,7568,221,1,549
12729,7569,180,1,1127
12730,7569,108,1,1117
12731,7570,110,1,3488
12732,7571,95,1,1582
12733,7571,242,1,2482
12734,7571,205,1,2762
12735,7571,232,1,1983
12736,7572,91,1,1066
12737,7572,35,1,896
12738,7573,64,1,1446
12739,7573,167,1,697
12740,7574,64,1,1446
12741,7574,129,1,2404
12742,7574,209,1,2922
12743,7575,170,1,4112
12744,7576,5,1,2971
12745,7577,214,1,939
12746,7578,41,1,4035
12747,7578,213,1,2422
12748,7578,63,2,2111
12749,7579,199,2,4228
12750,7580,14,1,2466
12751,7581,6,1,1780
12752,7581,117,1,889
12753,7581,181,1,3645
12754,7582,72,1,262
12755,7582,172,1,1424
12756,7583,143,2,1966
12757,7584,145,1,4871
12758,7585,26,1,3195
12759,7585,231,1,1582
12760,7585,158,1,1995
12761,7586,152,1,4917
12762,7587,166,1,1629
12763,7587,59,1,2340
12764,7587,94,1,545
12765,7588,209,1,2922
12766,7589,255,1,1679
12767,7589,161,2,1562
12768,7590,164,1,346
12769,7591,39,1,1614
12770,7591,235,1,2439
12771,7591,7,1,1684
12772,7592,88,1,938
12773,7593,15,1,1892
12774,7594,176,1,1005
12775,7595,163,2,4058
12776,7595,195,1,2494
12777,7596,34,1,687
12778,7597,121,2,2200
12779,7597,179,1,881
12780,7597,259,1,1755
12781,7598,242,1,2482
12782,7599,90,1,2950
12783,7600,33,1,1607
12784,7601,129,1,2404
12785,7602,93,1,2982
12786,7603,222,2,1380
12787,7603,235,1,2439
12788,7604,198,1,288
12789,7604,61,1,524
12790,7604,112,1,4359
12791,7605,96,1,2172
12792,7606,84,1,1955
12793,7606,37,1,3880
12794,7607,109,1,880
12795,7607,56,1,3318
12796,7608,62,1,2434
12797,7609,103,1,1035
12798,7610,238,2,608
12799,7611,223,1,2638
12800,7611,211,1,3043
12801,7611,145,1,4871
12802,7611,10,2,2642
12803,7612,235,1,2439
12804,7613,63,1,2111
12805,7614,134,2,1101
12806,7614,74,1,768
12807,7615,74,1,768
12808,7616,64,1,1446
12809,7617,81,1,864
12810,7618,114,1,1370
12811,7618,185,1,2091
12812,7619,129,1,2404
12813,7620,76,1,3454
12814,7621,162,2,480
12815,7622,132,1,1926
12816,7623,222,1,1380
12817,7623,212,1,2326
12818,7623,25,1,520
12819,7624,178,1,1669
12820,7625,189,1,1666
12821,7626,211,1,3043
12822,7627,200,1,1045
12823,7628,198,1,288
12824,7629,254,1,1388
12825,7630,82,1,1744
12826,7631,109,1,880
12827,7631,74,2,768
12828,7632,114,1,1370
12829,7633,42,1,1316
12830,7634,137,1,1201
12831,7635,58,1,985
12832,7636,76,1,3454
12833,7636,10,1,2642
12834,7636,230,2,3446
12835,7636,128,1,3606
12836,7637,238,1,608
12837,7638,259,1,1755
12838,7638,142,2,1191
12839,7639,14,2,2466
12840,7639,140,1,386
12841,7640,96,1,2172
12842,7640,35,1,896
12843,7640,39,2,1614
12844,7641,33,1,1607
12845,7641,172,1,1424
12846,7642,217,2,2142
12847,7642,227,2,2172
